mic	mic_type	status	operating_mic	market_name	country_code	market_category	creation_date	last_update_date	last_validation_date	expiration_date	legal_entity_name	acronym	lei	city	website	note
21XX	OPERATING	ACTIVE	21XX	21X	DE	OTHR	2024-05-27	2024-05-27	2024-05-27		21X AG	21X	529900WC0LESEODR7A83	FRANKFURT	WWW.21X.EU	
24DX	SEGMENT	ACTIVE	24EQ	24X NATIONAL EXCHANGE - DARK	US	RMKT	2025-10-27	2025-10-27	2025-10-27		24X NATIONAL EXCHANGE LLC	24EX	9845009C7E1A2E69J029	STAMFORD	WWW.24EXCHANGE.NET	
24EQ	OPERATING	ACTIVE	24EQ	24X NATIONAL EXCHANGE LLC	US	RMKT	2025-04-28	2025-04-28	2025-04-28		24X NATIONAL EXCHANGE LLC		9845009C7E1A2E69J029	STAMFORD	HTTPS://24EXCHANGE.COM/	
24EX	OPERATING	ACTIVE	24EX	24 EXCHANGE	BM	NSPD	2019-09-23	2025-10-27			24X BERMUDA LIMITED	24EX	213800YXBUZH7G3NDC51	BERMUDA	WWW.24EXCHANGE.NET	FOREIGN EXCHANGE AND EQUITIES.
3579	OPERATING	ACTIVE	3579	SSY FUTURES LTD -  FREIGHT SCREEN	GB	NSPD	2017-07-24	2017-07-24					213800RGYOAL3KL2XL02	LONDON	WWW.SSYONLINE.COM	TRADING SCREEN FOR FORWARD FREIGHT AGREEMENTS (FFA).
360D	SEGMENT	ACTIVE	360X	360X DLT - MTF	DE	MLTF	2025-04-28	2025-04-28	2025-04-28		360X AG		529900M42L36KXZ1JD69	FRANKFURT	WWW.360X.COM	
360M	SEGMENT	ACTIVE	360X	360X MTF	DE	MLTF	2025-04-28	2025-04-28	2025-04-28		360X AG		529900M42L36KXZ1JD69	FRANKFURT	WWW.360X.COM	
360T	OPERATING	ACTIVE	360T	360T	DE	MLTF	2007-09-24	2023-11-27	2023-08-28		360 TREASURY SYSTEMS AG		529900P0204W9HA8JP36	FRANKFURT	WWW.360T.COM	
360X	OPERATING	ACTIVE	360X	360X	DE	MLTF	2023-11-27	2023-11-27	2023-11-27		360X AG		529900M42L36KXZ1JD69	FRANKFURT	WWW.360X.COM	
3DXE	SEGMENT	ACTIVE	360T	3DXE	DE	MLTF	2025-02-24	2025-02-24	2025-02-24		360 TREASURY SYSTEMS AG		529900P0204W9HA8JP36	FRANKFURT	WWW.360T.COM	
4AXE	OPERATING	ACTIVE	4AXE	CTSE NOMINEES	ZA	RMKT	2019-04-22	2025-05-26	2025-05-26		CTSE NOMINEES (PTY) LTD	4AX	378900CCCF6D95AECA88	CAPE TOWN	WWW.CTEXCHANGE.CO.ZA	
A2XX	OPERATING	ACTIVE	A2XX	A2X	ZA	NSPD	2017-08-28	2018-02-26				A2X		JOHANNESBURG	WWW.A2X.CO.ZA	REGISTERED MARKET FOR EQUITIES.
A5XB	OPERATING	ACTIVE	A5XB	A5X S.A.	BR	RMKT	2026-04-27	2026-04-27	2026-04-27		A5X S.A.	A5X	254900XMOW5MTXA2UO14	SAO PAULO	WWW.A5X.COM.BR	DERIVATIVES EXCHANGE AND CCP, FUTURES & OPTIONS CONTRACTS AND OTHER LISTED DERIVATIVES.
AACA	OPERATING	ACTIVE	AACA	CREDIT AGRICOLE CIB	FR	SINT	2017-12-25	2017-12-25				CACIB SI	1VUV7VQFKUOQSJ21A208	PARIS	WWW.CA-CIB.COM	SYSTEMATIC INTERNALISER.
AAPA	OPERATING	ACTIVE	AAPA	ATHENS EXCHANGE - APA	GR	APPA	2017-11-27	2017-11-27				ATHEX APA	549300GSRN07MNENPL97	ATHENS	WWW.ATHEXGROUP.GR	APPROVED PUBLICATION ARRANGEMENT.
AATS	OPERATING	ACTIVE	AATS	ASSENT ATS	US	ATSS	2011-10-24	2011-10-24						JERSEY CITY	WWW.SUNGARD.COM	ASSENT ATS IS A US EQUITY DARK POOL OPERATED BY ASSENT, LLC - A SUBSIDIARY OF SUNGARD.
ABAN	OPERATING	ACTIVE	ABAN	ABANCA	ES	NSPD	2018-11-26	2018-11-26					54930056IRBXK0Q1FP96	MADRID	WWW.ABANCA.COM	
ABFI	OPERATING	ACTIVE	ABFI	ALPHA BANK	GR	SINT	2019-07-22	2019-07-22					213800DBQIB6VBNU5C64	ATHENS	WWW.ALPHA.GR	SYSTEMATIC INTERNALISER FOR NON EQUITIES.
ABNA	OPERATING	ACTIVE	ABNA	ABN AMRO BANK NV	NL	SINT	2018-08-27	2025-05-26	2025-05-26		ABN AMRO BANK N.V.		BFXS5XCH7N0Y05NIXW11	AMSTERDAM	WWW.ABNAMRO.COM	SYSTEMATIC INTERNALISER.
ABNC	OPERATING	ACTIVE	ABNC	ABN AMRO CLEARING BANK	NL	SINT	2021-02-22	2021-02-22	2021-02-22		ABN AMRO CLEARING BANK N.V.	AACB SI	G8ZTNESVNKW4NN761W05	AMSTERDAM	WWW.ABNAMROCLEARING.COM	SYSTEMATIC INTERNALISER.
ABSI	OPERATING	ACTIVE	ABSI	ALM. BRAND BANK	DK	SINT	2017-12-25	2017-12-25					2UM1RGHWEBOSN4PMNL63	COPENHAGEN	WWW.ALMBRAND.DK	SYSTEMATIC INTERNALISER.
ABUL	SEGMENT	ACTIVE	XBUL	BULGARIAN STOCK EXCHANGE - ALTERNATIVE MARKET	BG	RMKT	2016-08-22	2023-08-28	2024-05-27		BULGARIAN STOCK EXCHANGE	BSE	747800W0XA9OV4MSRW74	SOFIA	WWW.BSE-SOFIA.BG	ALTERNATIVE REGULATED MARKET.
ABXX	SEGMENT	ACTIVE	VMEX	VENOMEX LIMITED (EX. YOSHI MARKETS)	AE	MLTF	2021-03-22	2022-11-28	2022-11-28		VENOMEX LIMITED	VMX	984500DT1B79C9A7B343	ABU DHABI	WWW.VENOMEX.COM	
ACCX	OPERATING	ACTIVE	ACCX	ACCX	GB	MLTF	2023-10-23	2023-10-23	2023-10-23		ACCX GROUP (UK) LIMITED		213800YC71IW3WFNWL71	LONDON	WWW.ACCXGROUP.COM	
ACEX	OPERATING	ACTIVE	ACEX	ACE DERIVATIVES AND COMMODITY EXCHANGE LTD	IN	NSPD	2011-04-25	2011-04-25					33580057DULMQ3ANKR63	MUMBAI	WWW.ACEINDIA.COM	DERIVATIVES EXCHANGE FOR COMMODITIES TRADING IN INDIA.
ACKF	SEGMENT	ACTIVE	KNIG	KCG ACKNOWLEDGE FI	US	NSPD	2017-03-27	2017-03-27				ACKFI		NEW YORK	WWW.KCG.COM	BI-LATERAL FIXED INCOME LIQUIDITY.
ACXC	OPERATING	ACTIVE	ACXC	ACX CLEARING CORPORATION LTD.	AE	RMOS	2023-02-27	2023-03-27	2023-03-27		ACX CLEARING CORPORATION LTD.		98450054E61056C8FF16	ABU DHABI	WWW.ACX.AE	
ACXL	OPERATING	ACTIVE	ACXL	ACX	AE	RMOS	2023-02-27	2023-03-27	2023-03-27		ACX LTD		984500FA44A07RE3D049	ABU DHABI	WWW.ACX.AE	
ADRK	SEGMENT	ACTIVE	XATS	ALPHA DRK	CA	RMKT	2023-04-24	2023-04-24	2023-04-24		TMX GROUP LIMITED		549300N65GFVKSHGJW59	TORONTO	WWW.TMX.COM	
ADVT	OPERATING	ACTIVE	ADVT	ADVISE TECHNOLOGIES - APA TRANSPARENCY REPORTING	US	APPA	2017-08-28	2017-08-28					549300A1NXV20ZS25T07	NEW YORK	WWW.ADVISETECHNOLOGIES.COM	APPROVED PUBLICATION ARRANGEMENT (APA).
AFDL	OPERATING	EXPIRED	AFDL	ABIDE FINANCIAL DRSP LIMITED APA	GB	APPA	2017-03-27	2025-10-27		2020-12-14	ABIDE FINANCIAL DRSP LIMITED	AFDLAPA	549300FVRWYPDFJTH118	LONDON	WWW.ABIDE-FINANCIAL.COM	
AFET	OPERATING	ACTIVE	AFET	AGRICULTURAL FUTURES EXCHANGE OF THAILAND	TH	NSPD	2008-01-28	2008-01-28						BANGKOK	WWW.AFET.OR.TH	
AFEX	OPERATING	ACTIVE	AFEX	AFRINEX LIMITED	MU	NSPD	2020-09-28	2020-09-28					894500KM5IC8X0Z2BZ48	CYBERCITY, EBENE	WWW.AFRINEXEXCHANGE.COM	
AFSA	OPERATING	ACTIVE	AFSA	AFS - OTF	NL	OTFS	2017-11-27	2025-05-26	2025-05-26		AFS INTEREST B.V.		7245004T3GVMWC5LP916	AMSTERDAM	WWW.AFSGROUP.NL	ORGANISED TRADING FACILITY.
AFSE	OPERATING	ACTIVE	AFSE	AFS E-VENUES B.V.	NL	NSPD	2020-03-23	2020-03-23					7245000KV7IJNRFFOZ81	AMSTERDAM	WWW.AFSBLUE.NL	
AFSI	SEGMENT	ACTIVE	AFSA	AFS - OTF - INTEREST RATE DERIVATIVES	NL	OTFS	2017-11-27	2017-11-27					7245004T3GVMWC5LP916	AMSTERDAM	WWW.AFSGROUP.NL	ORGANISED TRADING FACILITY FOR INTEREST RATE DERIVATIVES.
AFSL	SEGMENT	ACTIVE	AFSA	AFS - OTF - STRUCTURED PRODUCTS	NL	OTFS	2018-01-22	2018-01-22					7245004T3GVMWC5LP916	AMSTERDAM	WWW.AFSGROUP.NL	ORGANISED TRADING FACILITY FOR STRUCTURED PRODUCTS.
AFSO	SEGMENT	ACTIVE	AFSA	AFS - OTF - BONDS	NL	OTFS	2017-11-27	2017-11-27					7245004T3GVMWC5LP916	AMSTERDAM	WWW.AFSGROUP.NL	ORGANISED TRADING FACILITY FOR BONDS (CORPORATE, GOVERNMENT, T-BILL, CP, CD, MTN).
AFSX	SEGMENT	ACTIVE	AFSA	AFS - OTF - FX FORWARDS	NL	OTFS	2017-11-27	2017-11-27					7245004T3GVMWC5LP916	AMSTERDAM	WWW.AFSGROUP.NL	ORGANISED TRADING FACILITY FOR FX FORWARDS.
AFTS	OPERATING	ACTIVE	AFTS	ACCESS FINTECH	GB	OTHR	2023-07-24	2023-07-24			ACCESS FINTECH (UK) LTD		9845002B7563B4BDA264	LONDON	WWW.ACCESSFINTECH.COM	REPORTING MATCHED TRADES TO CCP'S FOR CLEARING.
AGBP	OPERATING	ACTIVE	AGBP	A AND G BANCA PRIVADA SAU	ES	NSPD	2018-11-26	2018-11-26					959800QKRKCC19MR2G52	MADRID	WWW.ABANCA.COM	
AILT	OPERATING	ACTIVE	AILT	ARRACO IRELAND LTD	IE	NSPD	2021-01-25	2021-01-25	2021-01-25		ARRACO IRELAND LTD		549300PSF3R0OJC39C84	DUBLIN	WWW.ARRACO.COM	BROKER OF REMIT PHYSICAL WHOLESALE ENERGY PRODUCTS AND PRE-ARRANGEMENT OF BLOCK FUTURES.
AIMX	SEGMENT	ACTIVE	XLON	LONDON STOCK EXCHANGE - AIM MTF	GB	MLTF	2016-12-26	2024-10-28			LONDON STOCK EXCHANGE PLC	LSE	213800D1EI4B9WTWWD28	LONDON	WWW.LONDONSTOCKEXCHANGE.COM	DEACTIVATED JAN 2017 UNTIL MARKET LAUNCH. AIMX WAS INACTIVE FROM DECEMBER 2007 UNTIL DECEMBER 2016. REACTIVATED AUGUST 2017.
AIXE	OPERATING	EXPIRED	AIXE	AIXECUTE	CH	NSPD	2012-07-23	2017-12-25		2017-12-25			4T0J6O251JXNEB0VEZ08	BERNE	WWW.BEKB.CH	REPLACED BY OTXB.
AIXK	OPERATING	ACTIVE	AIXK	ASTANA INTERNATIONAL EXCHANGE LTD	KZ	RMKT	2018-04-23	2018-04-23				AIX	254900L6FRRJKZTLNY11	ASTANA	WWW.AIX.KZ	
AKIS	OPERATING	ACTIVE	AKIS	AKIS - BANCO BPM	IT	SINT	2018-02-26	2023-12-25	2023-12-25		BANCO BPM SOCIETA' PER AZIONI	AKIS	815600E4E6DCD2D25E30	MILAN	HTTPS://GRUPPO.BANCOBPM.IT	
ALDP	SEGMENT	EXPIRED	XNYS	NYSE ALTERNEXT DARK	US	NSPD	2011-05-23	2025-04-28	2025-04-28	2025-04-28	INTERCONTINENTAL EXCHANGE, INC.	AMEXDARK	5493000F4ZO33MV32P92	NEW YORK	WWW.EURONEXT.COM/LANDING/EQUITIESOP-21363-EN.HTML	DARK POOL.
ALGO	OPERATING	EXPIRED	ALGO	BLOX	GB	NSPD	2022-11-28	2024-05-27	2024-05-27	2024-05-27	ALGORITHMICA SOLUTIONS LTD	BLOX	984500BCC73F71C0D336	LONDON	HTTPS://ALGORITHMICASOLUTIONS.COM/	
ALLT	OPERATING	ACTIVE	ALLT	ALLT - OTF	ES	OTFS	2018-09-24	2018-09-24				ALLT-OTF	549300UZRRVYI5I5P867	MADRID	WWW.ALLTRADING.COM	ORGANISED TRADING FACILITY. REGISTERED MARKET FOR BONDS.
ALPX	OPERATING	ACTIVE	ALPX	ALPHAX US	US	ATSS	2024-09-23	2025-11-24	2025-11-24		TMX ALPHA US, LLC		254900X7LE2ZN6TF1Y69	NEW YORK	WWW.TMXALPHAUS.COM	EFFECTIVE NOVEMBER 1, 2025, LEGAL ENTITY NAME CHANGE FROM TSX ALPHA U.S., INC. TO TMX ALPHA US, LLC.
ALSI	OPERATING	ACTIVE	ALSI	AKTIESELSKABET ARBEJDERNES LANDSBANK	DK	SINT	2017-12-25	2017-12-25				ALSI	549300D6BJ7XOO03RR69	COPENHAGEN	WWW.AL-BANK.DK	SYSTEMATIC INTERNALISER.
ALTX	SEGMENT	ACTIVE	XJSE	JSE ALTERNATE EXCHANGE	ZA	NSPD	2006-08-28	2015-04-27				ALTX	213800MZ1VUQEBWRFO39	JOHANNESBURG	WWW.JSE.CO.ZA/MARKETS/ALTX.ASPX	
ALXA	SEGMENT	EXPIRED	XAMS	EURONEXT - ALTERNEXT AMSTERDAM	NL	NSPD	2007-08-27	2017-06-26		2017-06-26			724500V6UOK62XEZ2L78	AMSTERDAM	WWW.EURONEXT.COM	
ALXB	SEGMENT	ACTIVE	XBRU	EURONEXT GROWTH BRUSSELS	BE	MLTF	2007-08-27	2024-05-27			EURONEXT BRUSSELS		5493007YLUF2KAS0TM17	BRUSSELS	WWW.EURONEXT.COM	
ALXL	SEGMENT	ACTIVE	XLIS	EURONEXT GROWTH LISBON	PT	MLTF	2011-05-23	2023-10-23			EURONEXT LISBON - SOCIEDADE GESTORA DE MERCADOS REGULAMENTADOS S.A.		529900K0OK4J5I7A5V66	LISBON	WWW.EURONEXT.COM	
ALXP	SEGMENT	ACTIVE	XPAR	EURONEXT GROWTH PARIS	FR	MLTF	2007-08-27	2024-05-27	2024-05-27		EURONEXT GROUP		9695005FC092L0GTDS86	PARIS	WWW.EURONEXT.COM	
AMLG	OPERATING	EXPIRED	AMLG	AMERICAN LEDGER ATS	US	ATSS	2021-04-26	2022-11-28		2022-07-31	AMERICAN LEDGER ATS LLC		98450009EED4SDC3CA92	MOORPARK	WWW.AMERICANLEDGER.COM	ALTERNATIVE TRADING SYSTEM.
AMNL	SEGMENT	ACTIVE	XAMM	AMMAN STOCK EXCHANGE - NON-LISTED SECURITIES MARKET	JO	NSPD	2019-10-28	2019-10-28				ASE		AMMAN	WWW.EXCHANGE.JO	
AMPX	OPERATING	ACTIVE	AMPX	ASSET MATCH PRIVATE EXCHANGE	GB	NSPD	2017-08-28	2017-08-28			ASSET MATCH LIMITED	AMPX	21380095NEP4KIHOWO82	LONDON	WWW.ASSETMATCH.COM	MULTILATERAL TRADING FACILITY (MTF) FOR EQUITIES.
AMTS	SEGMENT	EXPIRED	XMTS	MTS NETHERLANDS	GB	NSPD	2011-02-28	2019-04-22		2019-04-22			213800OANOWGT2KW8O63	LONDON	WWW.MTSMARKETS.COM	
AMXO	SEGMENT	ACTIVE	XNYS	NYSE AMERICAN OPTIONS	US	RMKT	2008-11-24	2008-11-24	2025-04-28		INTERCONTINENTAL EXCHANGE, INC.	NYSE	5493000F4ZO33MV32P92	NEW YORK	WWW.NYSE.COM	
ANLP	SEGMENT	ACTIVE	ANZL	AUSTRALIA AND NEW ZEALAND BANKING GROUP LIMITED	GB	NSPD	2017-11-27	2017-11-27					JHE42UYNWWTJB8YTTU19	LONDON	WWW.ANZ.COM.AU	LIQUIDITY PROVIDER.
ANTS	OPERATING	ACTIVE	ANTS	ABBEY NATIONAL TREASURY SERVICES PLC	GB	SINT	2017-12-25	2017-12-25				ANTS	R83QYRLEMH4ZSHI0L097	LONDON	WWW.SANTANDER.CO.UK	SYSTEMATIC INTERNALISER.
ANZL	OPERATING	ACTIVE	ANZL	AUSTRALIA AND NEW ZEALAND BANKING GROUP LIMITED - SYSTEMATIC INTERNALISER	GB	SINT	2017-08-28	2017-08-28				ANZBGL	JHE42UYNWWTJB8YTTU19	LONDON	WWW.ANZ.COM.AU	SYSTEMATIC INTERNALISER.
APAW	OPERATING	ACTIVE	APAW	WIENER BOERSE AG - APA	AT	APPA	2017-07-24	2023-10-23	2023-10-23		WIENER BOERSE AG		315700ENWH1A81RCVZ91	VIENNA	WWW.WIENERBOERSE.AT	APPROVED PUBLICATION ARRANGEMENT.
APCL	SEGMENT	ACTIVE	APEX	ASIA PACIFIC CLEAR	SG	NSPD	2017-12-25	2017-12-25				APEX CLEAR		SINGAPORE	WWW.ASIAPACIFICEX.COM	APEX'S CLEARING HOUSE.
APEX	OPERATING	ACTIVE	APEX	ASIA PACIFIC EXCHANGE	SG	NSPD	2017-11-27	2017-11-27				APEX		SINGAPORE	WWW.ASIAPACIFICEX.COM	ELECTRONIC TRADING PLATFORM FOR DERIVATIVES.
APXL	OPERATING	ACTIVE	APXL	SYDNEY STOCK EXCHANGE LIMITED	AU	NSPD	2011-08-22	2016-02-22				SSX		SYDNEY	WWW.SSX.SYDNEY	AS A SECURITIES EXCHANGE,SSX PROVIDES LISTING FACILITIES TO COMPANIES AND SECURITIES ISSUERS AS WELL AS TRADING FACILITIES FOR STOCK BROKERS, TRADERS AND INVESTORS TO BUY AND SELL SHARES/SECURITIES.
AQEA	SEGMENT	ACTIVE	AQEU	AQUIS EXCHANGE EUROPE AUCTION ON DEMAND (AOD)	FR	MLTF	2018-09-24	2024-02-26	2024-02-26		AQUIS EXCHANGE EUROPE		9695002NSIQWF9A09R56	PARIS	WWW.AQUIS.EU	
AQED	SEGMENT	ACTIVE	AQEU	AQUIS EXCHANGE EUROPE NON DISPLAY ORDER BOOK (NDOB)	FR	MLTF	2020-12-28	2024-02-26	2024-02-26		AQUIS EXCHANGE EUROPE		9695002NSIQWF9A09R56	PARIS	WWW.AQUIS.EU	
AQEU	OPERATING	ACTIVE	AQEU	AQUIS EXCHANGE EUROPE	FR	MLTF	2018-09-24	2024-02-26	2024-02-26		AQUIS EXCHANGE EUROPE		9695002NSIQWF9A09R56	PARIS	WWW.AQUIS.EU	
AQSD	SEGMENT	ACTIVE	AQSE	AQSE MAIN MARKET (NON-EQUITY)	GB	RMKT	2022-09-26	2022-09-26	2022-09-26		AQUIS STOCK EXCHANGE LIMITED	AQSE	213800AMGNBSOCOSDN11	LONDON	WWW.AQUIS.EU	
AQSE	OPERATING	ACTIVE	AQSE	AQUIS STOCK EXCHANGE	GB	RMKT	2022-09-26	2022-09-26	2022-09-26		AQUIS STOCK EXCHANGE LIMITED	AQSE	213800AMGNBSOCOSDN11	LONDON	WWW.AQUIS.EU	
AQSF	SEGMENT	ACTIVE	AQSE	AQSE GROWTH MARKET (NON-EQUITY)	GB	MLTF	2022-09-26	2023-01-23	2023-01-23		AQUIS STOCK EXCHANGE LIMITED	AQSE	213800AMGNBSOCOSDN11	LONDON	WWW.AQUIS.EU	
AQSG	SEGMENT	ACTIVE	AQSE	AQSE GROWTH MARKET (EQUITY)	GB	MLTF	2022-09-26	2023-01-23	2023-01-23		AQUIS STOCK EXCHANGE LIMITED	AQSE	213800AMGNBSOCOSDN11	LONDON	WWW.AQUIS.EU	
AQSL	SEGMENT	ACTIVE	AQSE	AQSE MAIN MARKET (EQUITY)	GB	RMKT	2022-09-26	2022-09-26	2022-09-26		AQUIS STOCK EXCHANGE LIMITED	AQSE	213800AMGNBSOCOSDN11	LONDON	WWW.AQUIS.EU	
AQSN	SEGMENT	ACTIVE	AQSE	AQSE TRADING (NON-EQUITY)	GB	MLTF	2022-09-26	2023-01-23	2023-01-23		AQUIS STOCK EXCHANGE LIMITED	AQSE	213800AMGNBSOCOSDN11	LONDON	WWW.AQUIS.EU	
AQST	SEGMENT	ACTIVE	AQSE	AQSE TRADING (EQUITY)	GB	MLTF	2022-09-26	2023-01-23	2023-01-23		AQUIS STOCK EXCHANGE LIMITED	AQSE	213800AMGNBSOCOSDN11	LONDON	WWW.AQUIS.EU	
AQUA	OPERATING	EXPIRED	AQUA	AQUA EQUITIES L.P.	US	NSPD	2008-09-22	2022-11-28		2022-09-16	AQUA SECURITIES L.P.			NEW YORK	WWW.AQUAEQUITIES.COM	REGISTERED MARKET FOR BLOCK EQUITIES
AQXA	SEGMENT	ACTIVE	AQXE	AQUIS EXCHANGE PLC AUCTION ON DEMAND (AOD)	GB	MLTF	2018-03-26	2023-01-23	2023-01-23		AQUIS EXCHANGE PLC		213800IXJSF5E1SIW150	LONDON	WWW.AQUIS.EU	
AQXD	SEGMENT	ACTIVE	AQXE	AQUIS EXCHANGE PLC AMP NON DISPLAY ORDER BOOK	GB	MLTF	2022-08-22	2022-08-22	2022-08-22		AQUIS EXCHANGE PLC		213800IXJSF5E1SIW150	LONDON	WWW.AQUIS.EU	
AQXE	OPERATING	ACTIVE	AQXE	AQUIS EXCHANGE PLC	GB	MLTF	2013-07-22	2023-01-23	2023-01-23		AQUIS EXCHANGE PLC	AQX	213800IXJSF5E1SIW150	LONDON	WWW.AQUIS.EU	PAN-EUROPEAN EQUITIES TRADING EXCHANGE (MTF).
ARAX	OPERATING	ACTIVE	ARAX	ARRACO GLOBAL MARKETS LTD	GB	NSPD	2016-03-28	2021-01-25	2021-01-25		ARRACO GLOBAL MARKETS LTD		5493004Z6DAT13X5DK60	LONDON	WWW.ARRACO.COM	REGISTERED FOR BROKING OF EUROPEAN POWER AND GAS WHOLESALE PRODUCTS.
ARCB	SEGMENT	ACTIVE	ARCE	ARCHAX EUROPE - BONDS	ES	MLTF	2025-12-22	2025-12-22	2025-12-22		ARCHAX MARKETS EUROPE, S.V., S.A.		959800Q9D0L8KEY3G622	MADRID	WWW.ARCHAX.COM	
ARCD	SEGMENT	ACTIVE	XNYS	ARCA DARK	US	OTHR	2011-05-23	2025-04-28	2025-04-28		INTERCONTINENTAL EXCHANGE, INC.	ARCADARK	5493000F4ZO33MV32P92	NEW YORK	WWW.NYSE.COM	DARK POOL.
ARCE	OPERATING	ACTIVE	ARCE	ARCHAX EUROPE - MTF (MADRID)	ES	MLTF	2025-12-22	2025-12-22	2025-12-22		ARCHAX MARKETS EUROPE, S.V., S.A.		959800Q9D0L8KEY3G622	MADRID	WWW.ARCHAX.COM	
ARCH	OPERATING	ACTIVE	ARCH	ARCHAX	GB	MLTF	2019-05-27	2023-01-23	2023-01-23		ARCHAX LTD		8755004G4UQX5BQOU260	LONDON	WWW.ARCHAX.COM	MULTILATERAL TRADING FACILITY (MTF) FOR DIGITAL ASSETS.
ARCO	SEGMENT	ACTIVE	XNYS	NYSE ARCA OPTIONS	US	RMKT	2009-10-26	2025-04-28	2025-04-28		INTERCONTINENTAL EXCHANGE, INC.		5493000F4ZO33MV32P92	NEW YORK	WWW.NYSE.COM	NYSE ARCA OPTIONS TRADING PLATFORM FROM NYSE EURONEXT.
ARCX	SEGMENT	ACTIVE	XNYS	NYSE ARCA	US	RMKT	2006-09-25	2025-04-28	2025-04-28		INTERCONTINENTAL EXCHANGE, INC.	NYSE	5493000F4ZO33MV32P92	NEW YORK	WWW.NYSE.COM	
ARDA	SEGMENT	ACTIVE	ARCH	ARCHAX - DIGITAL ASSETS	GB	ATSS	2023-01-23	2023-01-23	2023-01-23		ARCHAX LTD		8755004G4UQX5BQOU260	LONDON	WWW.ARCHAX.COM	ALTERNATIVE TRADING FACILITY FOR DIGITAL ASSETS.
AREX	OPERATING	ACTIVE	AREX	AREX - AUTOMATED RECEIVABLES EXCHANGE	IE	NSPD	2016-05-23	2016-05-23				AREX		DUBLIN	HTTP://AREX.IO	MARKET FOR ETR (EXCHANGE TRADED RECEIVABLES) ORDER EXECUTION.
ARIA	OPERATING	ACTIVE	ARIA	ARIAN TRADING FACILITY	GB	NSPD	2017-11-27	2017-11-27			ARIAN FINANCIAL LLP		21380097QNN7QGLDSR92	LONDON	WWW.ARIANFINANCIAL.CO.UK	
ARKX	OPERATING	ACTIVE	ARKX	ARKONIS	US	NSPD	2019-04-22	2019-04-22				ARKX	8945001AYQ4XO2432N56	NEW YORK	WWW.NEXSMART.COM	
ARTX	OPERATING	ACTIVE	ARTX	ARTEX GLOBAL MARKETS AG	LI	MLTF	2022-02-28	2024-09-23	2024-09-23		ARTEX GLOBAL MARKETS AG	ARTEX GM	254900UL01RE2SEBFH84	VADUZ	WWW.ARTEXGM.COM	
ASEF	OPERATING	ACTIVE	ASEF	AEGIS SWAP EXECUTION FACILITY	US	SEFS	2021-10-25	2021-10-25	2021-10-25		AEGIS SEF, LLC		254900ZH79LFSDGGAC34	THE WOODLANDS	HTTPS://AEGIS-HEDGING.COM/SWAP-EXECUTION-FACILITY	SWAP EXECUTION FACILITY.
ASEX	OPERATING	ACTIVE	ASEX	ATHENS STOCK EXCHANGE	GR	RMKT	2012-07-23	2022-11-28			HELLENIC EXCHANGES-ATHENS STOCK EXCHANGE S.A.	ASE	549300GSRN07MNENPL97	ATHENS	WWW.ATHEXGROUP.GR	
ASMT	SEGMENT	ACTIVE	INCR	INTELLIGENTCROSS ASPEN MAKER/TAKER	US	NSPD	2019-10-28	2019-10-28						STAMFORD	WWW.INTELLIGENTCROSS.COM	
ASPC	SEGMENT	ACTIVE	INCC	CIX INTELLIGENTCROSS ASPEN	CA	ATSS	2026-08-24	2026-08-24	2026-08-24		CIX TRADING INC.		254900KEVUYILI288P07	TORONTO	WWW.THECIX.CA	
ASPI	SEGMENT	ACTIVE	INCR	INTELLIGENTCROSS ASPEN INVERTED	US	NSPD	2019-10-28	2019-10-28					254900TX2BTPJWW4A154	STAMFORD	WWW.INTELLIGENTCROSS.COM	
ASPN	SEGMENT	ACTIVE	INCR	INTELLIGENTCROSS ASPEN INTELLIGENT BID/OFFER	US	NSPD	2019-10-28	2019-10-28					254900TX2BTPJWW4A154	STAMFORD	WWW.INTELLIGENTCROSS.COM	
ASPV	SEGMENT	ACTIVE	INCC	CIX INTELLIGENTCROSS ASPEN VERT	CA	ATSS	2026-08-24	2026-08-24	2026-08-24		CIX TRADING INC.		254900KEVUYILI288P07	TORONTO	WWW.THECIX.CA	
ASTR	SEGMENT	ACTIVE	CDSL	CLEARCORP DEALING SYSTEMS INDIA LIMITED - ASTROID	IN	OTHR	2016-10-24	2026-03-23	2026-03-23		CLEARCORP DEALING SYSTEMS (INDIA) LIMITED	ASTROID	335800ID4A597NSPJK84	MUMBAI	WWW.CCILINDIA.COM	ANONYMOUS SYSTEM FOR TRADING IN RUPEE OTC INTEREST RATE DERIVATIVES.
ASXB	SEGMENT	ACTIVE	XASX	ASX BOOKBUILD	AU	NSPD	2012-10-22	2012-10-22				ASX	549300USWUR0S7VMM868	SYDNEY	WWW.ASX.COM.AU	ON-MARKET AUTOMATED BOOKBUILD MECHANISM CALLED ASX BOOKBUILD TO ALLOW ASX LISTED COMPANIES TO PRICE AND ALLOCATE NEW SECURITIES.
ASXC	SEGMENT	ACTIVE	XASX	ASX - CENTRE POINT	AU	NSPD	2011-08-22	2018-02-26				ASX	549300USWUR0S7VMM868	SYDNEY	WWW.ASX.COM.AU/TRADING_SERVICES/ASX-TRADE.HTM	CENTRE POINT ARE ORDER TYPES IN ASX TRADE ENABLING EXECUTION AT THE PREVAILING MIDPOINT OF THE BEST BID AND OFFER OF THE ASX CENTRAL LIMIT ORDER BOOK.
ASXP	SEGMENT	ACTIVE	XASX	ASX - PUREMATCH	AU	NSPD	2011-08-22	2011-08-22				ASX	549300USWUR0S7VMM868	SYDNEY	WWW.ASX.COM.AU/TRADING_SERVICES/ASX-TRADE.HTM	ASX PUREMATCH IS AN ADDITIONAL ORDER BOOK LAUNCHING IN MID 2011 AIMED AT MEETING THE NEEDS OF LATENCY SENSITIVE TRADERS, PROVIDING TRADING IN A SUBSET OF ASX LISTED SECURITIES.
ASXT	SEGMENT	ACTIVE	XASX	ASX TRADEMATCH	AU	NSPD	2011-09-26	2012-05-28				ASX	549300USWUR0S7VMM868	SYDNEY	WWW.ASX.COM.AU	MERGER BETWEEN XASX AND XSFE.
ASXV	SEGMENT	ACTIVE	XASX	ASX - VOLUMEMATCH	AU	NSPD	2011-08-22	2011-08-22				ASX	549300USWUR0S7VMM868	SYDNEY	WWW.ASX.COM.AU/TRADING_SERVICES/ASX-TRADE.HTM	ASX LAUNCHED VOLUMEMATCH IN JUNE 2011, AN ASX TRADE EXECUTION FACILITY THAT ENABLES END USERS TO SEARCH FOR LIQUIDITY AND EXECUTE LARGE ORDERS ANONYMOUSLY.
ATAD	OPERATING	ACTIVE	ATAD	ATADEL FUNDS	CZ	ATSS	2023-02-27	2023-02-27	2023-02-27		ATADEL FUNDS S.R.O.		254900VHRL9AP6M81C76	PRAGUE	WWW.ATADELFUND.COM	ASSET MANAGEMENT COMPANY FOR QUALIFIED INVESTORS.
ATDF	OPERATING	EXPIRED	ATDF	AUTOMATED TRADING DESK FINANCIAL SERVICES, LLC	US	NSPD	2015-01-26	2019-12-23		2019-12-23		ATDF	549300MTPTPKGFSLJX85	MOUNT PLEASANT	WWW.ATDESK.COM	US BROKER-DEALER EQUITY MARKET MAKER.
ATFX	SEGMENT	ACTIVE	XMIL	ATFUND MTF	IT	MLTF	2018-07-23	2023-04-24	2023-04-24		BORSA ITALIANA S.P.A.	ATFUND	8156005391EE905D3124	MILAN	WWW.BORSAITALIANA.IT	MULTILATERAL TRADING FACILITY FOR OPEN END FUNDS.
ATHL	OPERATING	ACTIVE	ATHL	ATHLOS CAPITAL INVESTMENT SERVICES LTD	CY	SINT	2018-11-26	2018-11-26					254900KH6PO0O17YI150	NICOSIA	WWW.ATHLOSCAPITAL.COM	SYSTEMATIC INTERNALISER.
ATLB	OPERATING	ACTIVE	ATLB	BRAEMAR SECURITIES LTD	GB	NSPD	2016-05-23	2025-01-27	2025-01-27		BRAEMAR SECURITIES LTD		549300MKGUYMMT8WIJ94	LONDON	WW.BRAEMARSECURITIESLIMITED.COM	REGISTERED FOR BROKING WHOLESALE GAS PRODUCTS.
ATLN	OPERATING	ACTIVE	ATLN	ATONLINE LIMITED	CY	SINT	2018-12-24	2018-12-24					213800PZWYFKIOAGQY35	NICOSIA	WWW.ATONINT.COM	SYSTEMATIC INTERNALISER.
ATSA	OPERATING	EXPIRED	ATSA	ALPHA VENTURE PLUS	CA	NSPD	2003-04-01	2012-05-28		2012-05-28				TORONTO		MIC TO USE IS XATS (ALPHA EXCHANGE)
ATXE	OPERATING	ACTIVE	ATXE	XCHANGE ALPHA	US	DCMS	2026-03-23	2026-03-23	2026-03-23		XCHANGE ALPHA, LLC		9845009Z49B65ACA3C71	SCOTTSDALE	WWW.XCHANGEALPHA.COM	
AURB	OPERATING	ACTIVE	AURB	AUREL	FR	NSPD	2017-10-23	2017-10-23			AUREL BGC		5RJTDGZG4559ESIYLD31	PARIS	WWW.AUREL-BGC.COM	
AURO	SEGMENT	ACTIVE	AURB	AUREL - OTF	FR	OTFS	2017-10-23	2017-10-23			AUREL BGC		5RJTDGZG4559ESIYLD31	PARIS	WWW.AUREL-BGC.COM	ORGANISED TRADING FACILITY.
AUTB	SEGMENT	EXPIRED	AUTX	AUTILLA - BASE METALS	GB	NSPD	2017-03-27	2025-10-27		2025-10-27				LONDON	WWW.AUTILLA.COM	
AUTO	SEGMENT	EXPIRED	DBOX	AUTOBAHN FX	DE	NSPD	2012-10-22	2026-07-27	2026-07-27	2026-07-27			213800QILIUD4ROSUO03	FRANKFURT	WWW.AUTOBAHNFX.DB.COM	DEUTSCHE BANK'S ELECTRONIC PLATFORM FOR TRADING FOREIGN EXCHANGE AND PRECIOUS METALS.
AUTP	SEGMENT	EXPIRED	AUTX	AUTILLA - PRECIOUS METALS	GB	NSPD	2017-03-27	2025-10-27		2025-10-27				LONDON	WWW.AUTILLA.COM	
AUTX	OPERATING	EXPIRED	AUTX	AUTILLA	GB	NSPD	2017-02-27	2025-10-27		2025-10-27				LONDON	WWW.AUTILLA.COM	ELECTRONIC PLATFORM FOR COMMODITIES AND FX.
AVEU	SEGMENT	ACTIVE	AQEU	AQUIS EXCHANGE EUROPE - AQUIS VWAP MATCH (AVM)	FR	MLTF	2025-08-25	2025-08-25	2025-08-25		AQUIS EXCHANGE EUROPE		9695002NSIQWF9A09R56	PARIS	WWW.AQUIS.EU	
AVXE	SEGMENT	ACTIVE	AQXE	AQUIS EXCHANGE LIMITED - AQUIS VWAP MATCH (AVM)	GB	MLTF	2025-08-25	2025-08-25	2025-08-25		AQUIS EXCHANGE LIMITED		213800IXJSF5E1SIW150	LONDON	WWW.AQUIS.EU	
AWBX	OPERATING	ACTIVE	AWBX	AUSTRALIAN WHEAT BOARD	AU	NSPD	2006-09-25	2006-09-25			CARGILL AUSTRALIA LIMITED	AWB	5493001DLXSQ807GTQ97	MELBOURNE	WWW.AWB.COM.AU	
AWEX	OPERATING	ACTIVE	AWEX	AUSTRALIAN WOOL EXCHANGE	AU	NSPD	2006-09-25	2006-09-25				AWEX		LANE COVE	WWW.AWEX.COM.AU	
AXIO	OPERATING	ACTIVE	AXIO	AXIOLOGY	LT	MLTF	2025-08-25	2025-08-25	2025-08-25		UAB AXIOLOGY DLT		259400P9K73EP4XNK437	VILNIUS	WWW.AXIOLOGY.XYZ	INFO@AXIOLOGY.XYZ
AXSI	OPERATING	EXPIRED	AXSI	ALEXANDRIA PANKKIIRILIIKE OYJ	FI	SINT	2017-12-25	2020-05-25		2020-05-25			7437002ONTEZT59NA993	HELSINKI	WWW.ALEXANDRIA.FI	SYSTEMATIC INTERNALISER.
BAAD	OPERATING	ACTIVE	BAAD	BAADER BANK	DE	SINT	2017-09-25	2017-09-25					529900JFOPPEDUR61H13	UNTERSCHLEISSHEM	WWW.BAADERBANK.DE	SYSTEMATIC INTERNALISER.
BACE	OPERATING	ACTIVE	BACE	BOLSA DE CEREALES DE BUENOS AIRES	AR	NSPD	2011-01-24	2011-01-24						BUENOS AIRES	WWW.BOLCEREALES.COM.AR	COMMODITY EXCHANGE.
BACR	SEGMENT	ACTIVE	BAIP	BANK OF AMERICA SECURITIES - CENTRAL RISK	HK	NSPD	2021-07-26	2021-07-26					GGDZP1UYGU9STUHRDP48	HONG KONG	WWW.BOFAML.COM	
BAEP	SEGMENT	ACTIVE	BAIP	BANK OF AMERICA MERRILL LYNCH EQUITY SWAP - EXTERNAL PRICE SOURCE	HK	NSPD	2018-08-27	2018-08-27					GGDZP1UYGU9STUHRDP48	HONG KONG	WWW.BOFAML.COM	
BAIK	OPERATING	EXPIRED	BAIK	BAIKAL	GB	NSPD	2003-04-01	2011-10-24		2011-10-24				LONDON		LSEG HAS COMPLETED ITS ACQUISITION OF TURQUOISE TRADING LIMITED (TURQUOISE) THROUGH A MERGER OF THE BUSINESSES OF TURQUOISE AND BAIKAL GLOBAL LIMITED (BAIKAL).THE NEW VENTURE WILL CONTINUE TO TRADE UNDER THE TURQUOISE NAME.
BAIP	OPERATING	ACTIVE	BAIP	BANK OF AMERICA MERRILL LYNCH EQUITY SWAP - INTERNAL PRICE SOURCE	HK	NSPD	2018-08-27	2018-08-27					GGDZP1UYGU9STUHRDP48	HONG KONG	WWW.BOFAML.COM	
BAJD	OPERATING	ACTIVE	BAJD	BANK OF AMERICA MERRILL LYNCH - JAPAN INSTINCT X	JP	ATSS	2019-07-22	2019-07-22					I7E80LI4NVVT41W1WB02	TOKYO	WWW.BOFAML.COM	
BAJM	SEGMENT	ACTIVE	XBAB	BARBADOS STOCK EXCHANGE - JUNIOR MARKET	BB	NSPD	2013-03-25	2013-03-25				BSE		BRIDGETOWN	WWW.BSE.COM.BB	MARKET FOR SMALL COMPANIES
BALT	OPERATING	ACTIVE	BALT	THE BALTIC EXCHANGE	GB	NSPD	2008-11-24	2008-11-24			BALTIC EXCHANGE LIMITED(THE)		213800L2KQ61Y79TWR71	LONDON	WWW.BALTICEXCHANGE.COM	
BAML	OPERATING	ACTIVE	BAML	BANK OF AMERICA - MERRILL LYNCH INSTINCT X ATS	US	ATSS	2010-10-25	2015-02-23				MLIX		NEW YORK	HTTP://CORP.BANKOFAMERICA.COM/BUSINESS/CI/TRADER-INSTINCT	REGISTERED ATS (ATS 2).
BAMP	OPERATING	EXPIRED	BAMP	MERR POOL XLN	US	NSPD	2003-04-01	2011-07-25		2011-07-25				NEW YORK		DARK POOL REQUESTED BY MISTAKE. BAML AND BAMP ARE THE SAME.
BAMX	OPERATING	ACTIVE	BAMX	BANK OF AMERICA - MERRILL LYNCH GCX	US	NSPD	2017-12-25	2017-12-25				MLCX		NEW YORK	WWW.BOFAML.COM/EN-US/CONTENT/HIGH-TOUCH-ELECTRONIC-TRADING.HTML	CROSSING ENGINE FOR EQUITIES.
BANA	OPERATING	ACTIVE	BANA	BANK OF AMERICA, NATIONAL ASSOCIATION	GB	NSPD	2017-11-27	2017-11-27				BANA	B4TYDEB6GKMZO031MB27	LONDON	WWW.BOFAML.COM/EMEA	
BAPA	OPERATING	ACTIVE	BAPA	BLOOMBERG - APA	GB	APPA	2017-07-24	2024-04-22	2025-09-22		BLOOMBERG DATA REPORTING SERVICES LIMITED		254900BF4G8VMW8GG471	LONDON	WWW.BLOOMBERG.COM	BLOOMBERG APPROVED PUBLICATION ARRANGEMENT.
BAPE	OPERATING	ACTIVE	BAPE	BLOOMBERG DATA REPORTING SERVICES B.V. - APA	NL	APPA	2018-06-25	2018-06-25					2549009C0EQ5M7H6ZY67	AMSTERDAM	WWW.BLOOMBERGAPAE.COM	APPROVED PUBLICATION ARRANGEMENT.
BAPX	OPERATING	ACTIVE	BAPX	BALTPOOL	LT	NSPD	2010-03-22	2010-03-22						VILNIUS	WWW.BALTPOOL.LT	BALTPOOL UAB IS THE ELECTRICITY MARKET OPERATOR OF LITHUANIA.
BARD	SEGMENT	ACTIVE	BARX	BARCLAYS FX - TRADING	US	NSPD	2011-05-23	2012-08-27				BCAP LX		NEW YORK	WWW.BARX.COM/FX/INDEX.HTML	
BARK	SEGMENT	ACTIVE	BCRM	CBOE EUROPE - REGULATED MARKET DARK BOOK	GB	RMKT	2016-06-27	2017-12-25				CBOE  REGM DARK	254900ERRPSKE7UZH711	LONDON	WWW.MARKETS.CBOE.COM/EUROPE/EQUITIES/OVERVIEW/	CBOE EUROPE - REGULATED MARKET SECURITIES MIC CODE FOR DARK ORDER BOOK TRADES
BARL	SEGMENT	ACTIVE	BARX	BARCLAYS LIQUID MARKETS	US	NSPD	2013-03-25	2013-03-25						NEW YORK	WWW.BARCAP.COM	
BARO	SEGMENT	ACTIVE	BCRM	CBOE EUROPE - REGULATED MARKET OFF BOOK	GB	RMKT	2016-06-27	2017-12-25				CBOE  REGM OFF BOOK	254900ERRPSKE7UZH711	LONDON	WWW.MARKETS.CBOE.COM/EUROPE/EQUITIES/OVERVIEW/	CBOE EUROPE - REGULATED MARKET SECURITIES MIC CODE FOR OFF-BOOK TRADES
BART	SEGMENT	ACTIVE	BCRM	CBOE EUROPE - REGULATED MARKET INTEGRATED BOOK	GB	RMKT	2016-06-27	2017-12-25				CBOE  REGM LIT	254900ERRPSKE7UZH711	LONDON	WWW.MARKETS.CBOE.COM/EUROPE/EQUITIES/OVERVIEW/	CBOE EUROPE - REGULATED MARKET SECURITIES MIC CODE FOR INTEGRATED BOOK TRADES
BARU	SEGMENT	ACTIVE	CCRM	CBOE EUROPE - REGULATED MARKET DARK BOOK (NL)	NL	RMKT	2018-09-24	2018-09-24	2024-05-27		CBOE EUROPE B.V.	CBOE EU REGM DARK	2549007JY1TP7I1IMY80	AMSTERDAM	HTTP://MARKETS.CBOE.COM/EUROPE/EQUITIES/ABOUT/	CBOE EUROPE - REGULATED MARKET DARK BOOK.
BARX	OPERATING	ACTIVE	BARX	BARCLAYS ATS	US	ATSS	2010-01-25	2013-03-25						NEW YORK	WWW.BARX.COM/EQUITIES/LIQUIDITYCROSSING.HTML	REGISTERED ATS.
BASE	OPERATING	ACTIVE	BASE	BANK OF AMERICA MERRILL LYNCH - SWAP EXECUTIONS	HK	NSPD	2018-01-22	2018-06-25				MLFE	549300VDY6P7FVMD4W57	HONG KONG	WWW.BOFAML.COM	
BASI	SEGMENT	ACTIVE	BANA	BANK OF AMERICA, NATIONAL ASSOCIATION - LONDON BRANCH OFFICE - SYSTEMATIC INTERNALISER	GB	SINT	2017-12-25	2017-12-25				BANA LONDON	B4TYDEB6GKMZO031MB27	LONDON	WWW.BOFAML.COM/EMEA	SYSTEMATIC INTERNALISER.
BASP	SEGMENT	ACTIVE	BAIP	BANK OF AMERICA SECURITIES EQUITY SWAP - SYNTHETIC PRICE SOURCE	HK	NSPD	2020-06-22	2020-06-22					GGDZP1UYGU9STUHRDP48	HONG KONG	WWW.BOFAML.COM	
BASX	OPERATING	ACTIVE	BASX	BANK OF AMERICA MERRILL LYNCH - SIMPLEX BLAST X	JP	NSPD	2018-05-28	2018-05-28					I7E80LI4NVVT41W1WB02	TOKYO	WWW.JAPAN.ML.COM/JAPAN_OVERVIEW/MLJS_OVERVIEW.ASP	DARK POOL.
BATD	SEGMENT	ACTIVE	BCXE	CBOE EUROPE - BXE DARK ORDER BOOK	GB	MLTF	2013-01-28	2023-03-27	2023-03-27		CBOE EUROPE LIMITED	CBOE DARK	254900ERRPSKE7UZH711	LONDON	WWW.MARKETS.CBOE.COM/EUROPE/EQUITIES/OVERVIEW/	TO BE USED FOR REPORTING DARK BOOK EXECUTIONS.
BATE	SEGMENT	ACTIVE	BCXE	CBOE EUROPE - BXE ORDER BOOKS	GB	MLTF	2008-11-24	2023-03-27	2023-03-27		CBOE EUROPE LIMITED	CBOE EUROPE	254900ERRPSKE7UZH711	LONDON	WWW.MARKETS.CBOE.COM/EUROPE/EQUITIES/OVERVIEW/	MULTILATERAL TRADING FACILITY FOR CASH EQUITIES.
BATF	SEGMENT	ACTIVE	BCXE	CBOE EUROPE - BXE OFF-BOOK	GB	MLTF	2013-04-22	2023-03-27	2023-03-27		CBOE EUROPE LIMITED	CBOE OFF-BOOK	254900ERRPSKE7UZH711	LONDON	WWW.MARKETS.CBOE.COM/EUROPE/EQUITIES/OVERVIEW/	CBOE EUROPE (BXE) OFF-BOOK TRADE REPORTS.
BATO	SEGMENT	ACTIVE	XCBO	CBOE BZX OPTIONS EXCHANGE	US	NSPD	2009-11-23	2018-06-25				BATO	529900RLNSGA90UPEH54	CHICAGO	HTTP://MARKETS.CBOE.COM/	
BATP	SEGMENT	ACTIVE	BCXE	CBOE EUROPE - BXE PERIODIC	GB	MLTF	2015-07-27	2023-03-27	2023-03-27		CBOE EUROPE LIMITED	BXE PERIODIC	254900ERRPSKE7UZH711	LONDON	WWW.MARKETS.CBOE.COM/EUROPE/EQUITIES/OVERVIEW/	TO BE USED FOR EXECUTIONS RESULTING FROM CBOE BXE AUCTIONS BOOK.
BATS	SEGMENT	ACTIVE	XCBO	CBOE BZX U.S. EQUITIES EXCHANGE	US	NSPD	2008-11-24	2018-06-25				BATS	529900RLNSGA90UPEH54	CHICAGO	HTTP://MARKETS.CBOE.COM/	
BATY	SEGMENT	ACTIVE	XCBO	CBOE BYX U.S. EQUITIES EXCHANGE	US	NSPD	2009-11-23	2018-06-25				BYXX	529900RLNSGA90UPEH54	CHICAGO	HTTP://MARKETS.CBOE.COM/	CBOE BYX U.S. EQUITIES EXCHANGE.
BBIE	OPERATING	ACTIVE	BBIE	BARCLAYS BANK IRELAND PLC	IE	NSPD	2018-07-23	2018-07-23				BBI	2G5BKIC2CB69PRJH1W31	DUBLIN	WWW.BARCLAYS.IE	
BBIS	SEGMENT	ACTIVE	BBIE	BARCLAYS BANK IRELAND PLC - SYSTEMATIC INTERNALISER	IE	SINT	2018-07-23	2018-07-23				BBI SI	2G5BKIC2CB69PRJH1W31	DUBLIN	WWW.BARCLAYS.IE	SYSTEMATIC INTERNALISER.
BBLX	OPERATING	ACTIVE	BBLX	BONDBLOX EXCHANGE	SG	RMOS	2021-08-23	2025-07-28	2025-07-28		BONDBLOX PTE. LTD.	BBX	984500411D0AECD76056	SINGAPORE	WWW.BONDBLOX.COM	
BBOK	SEGMENT	ACTIVE	BARX	BARCLAYS SINGLE DEALER PLATFORM	US	NSPD	2020-10-26	2020-10-26			BARCLAYS CAPITAL INC.	BBOK	AC28XWWI3WIBK2824319	NEW YORK	WWW.INVESTMENTBANK.BARCLAYS.COM/MARKETS/EQUITIES-LIQUID-MARKETS.HTML	U.S. EQUITIES SINGLE DEALER PLATFORM/POOL.
BBSF	OPERATING	ACTIVE	BBSF	BLOOMBERG SEF LLC	US	SEFS	2014-07-28	2023-10-23			BLOOMBERG SEF LLC		5493003IUYOH354SNS58	NEW YORK	WWW.BLOOMBERGSEF.COM	ELECTRONIC TRADING PLATFORM FOR REGULATED OTC DERIVATIVES TRANSACTIONS.
BBSI	SEGMENT	ACTIVE	BPLC	BARCLAYS BANK PLC - SYSTEMATIC INTERNALISER	GB	SINT	2017-10-23	2017-10-23				BBPLC SI	G5GSEF7VJP5I7OUK5573	LONDON	WWW.BARCLAYS.COM	SYSTEMATIC INTERNALISER.
BBSN	SEGMENT	ACTIVE	BBSF	BLOOMBERG SEF LLC - SECURITY-BASED SWAP EXECUTION FACILITY (SBSEF)	US	OTHR	2024-04-22	2024-04-22	2024-04-22		BLOOMBERG SEF LLC	BSEF	5493003IUYOH354SNS58	NEW YORK	WWW.BLOOMBERGSEF.COM	
BBSX	OPERATING	ACTIVE	BBSX	BB SECURITIES LTD	GB	NSPD	2019-09-23	2019-09-23					213800MIMZ9M6KCKW783	LONDON		
BBVA	OPERATING	ACTIVE	BBVA	BANCO BILBAO VIZCAYA ARGENTARIA S.A	ES	SINT	2017-11-27	2017-11-27			BANCO BILBAO VIZCAYA ARGENTARIA SOCIEDAD ANONIMA	BBVA	K8MS7FD7N5Z2WQ51AZ71	MADRID	WWW.BBVA.COM	SYSTEMATIC INTERNALISER.
BBVI	OPERATING	ACTIVE	BBVI	BITSTAMP GLOBAL	VG	CASP	2025-04-28	2025-04-28	2025-04-28		BITSTAMP GLOBAL LIMITED		25490018RRANDXUMZ611	ROAD TOWN	WWW.BITSTAMP.NET	
BBVX	OPERATING	ACTIVE	BBVX	BANCO BILBAO VIZCAYA ARGENTARIA S.A. - UK	GB	SINT	2022-01-24	2023-12-25			BANCO BILBAO VIZCAYA ARGENTARIA SOCIEDAD ANONIMA	BBVA	5493000ITT4HB63XLV65	LONDON	WWW.BBVACIB.COM	
BCDX	SEGMENT	EXPIRED	BARX	BARCLAYS DIRECT EX ATS	US	ATSS	2014-08-25	2022-11-28		2018-10-31	BARCLAYS CAPITAL INC.	BCDX		NEW YORK	HTTP://REALIZATIONS.BARCLAYS.COM/GLOBAL-MARKETS/EQUITIES	REGISTERED ATS.
BCEE	OPERATING	ACTIVE	BCEE	BANQUE ET CAISSE D'EPARGNE DE L'ETAT, LUXEMBOURG - BCEE	LU	SINT	2018-06-25	2018-06-25				BCEE	R7CQUF1DQM73HUTV1078	LUXEMBOURG	WWW.BCEE.LU	SYSTEMATIC INTERNALISER. MIC FOR SI ACTIVITY.
BCFS	OPERATING	ACTIVE	BCFS	BOLSA DE COMERCIO DE SANTA FE	AR	NSPD	2007-11-26	2007-11-26						SANTA FE	WWW.BCSF.COM.AR	
BCMA	OPERATING	ACTIVE	BCMA	BANCA MARCH S.A.	ES	SINT	2018-10-22	2018-10-22				MARCH	959800LQ598A5RQASA61	PALMA DE MALLORCA	WWW.BANCAMARCH.ES	SYSTEMATIC INTERNALISER.
BCMM	OPERATING	ACTIVE	BCMM	BOLSA DE CEREAIS E MERCADORIAS DE MARINGÁ	BR	NSPD	2010-12-27	2013-03-25						MARINGA	WWW.BCMM.COM.BR	COMMODITIES MARKET.
BCRM	OPERATING	ACTIVE	BCRM	CBOE EUROPE REGULATED MARKETS	GB	RMKT	2017-05-22	2017-12-25				CBOE  EUROPE	254900ERRPSKE7UZH711	LONDON	WWW.MARKETS.CBOE.COM/EUROPE/EQUITIES/OVERVIEW/	CBOE REGULATED MARKETS.
BCSC	OPERATING	ACTIVE	BCSC	BROKERCREDITSERVICE (CYPRUS) LIMITED	CY	SINT	2018-11-26	2018-11-26				BCE	5493008C22FNI0QEEF10	LIMASSOL	WWW.BCSCYPRUS.COM	SYSTEMATIC INTERNALISER.
BCSE	OPERATING	ACTIVE	BCSE	BELARUS CURRENCY AND STOCK EXCHANGE	BY	RMKT	2006-08-28	2006-08-28				BCSE		MINSK	WWW.BCSE.BY	
BCSI	SEGMENT	ACTIVE	BCSL	BARCLAYS CAPITAL SECURITIES LIMITED - SYSTEMATIC INTERNALISER	GB	SINT	2017-10-23	2017-10-23			BARCLAYS CAPITAL SECURITIES LIMITED	BCSL SI	K9WDOH4D2PYBSLSOB484	LONDON	WWW.BARCLAYS.COM	SYSTEMATIC INTERNALISER.
BCSL	OPERATING	ACTIVE	BCSL	BARCLAYS CAPITAL SECURITIES LIMITED	GB	NSPD	2017-10-23	2017-10-23			BARCLAYS CAPITAL SECURITIES LIMITED	BCSL	K9WDOH4D2PYBSLSOB484	LONDON	WWW.BARCLAYS.COM	
BCXE	OPERATING	ACTIVE	BCXE	CBOE EUROPE EQUITIES	GB	MLTF	2013-04-22	2023-03-27	2023-03-27		CBOE EUROPE LIMITED	CBOE  EUROPE	254900ERRPSKE7UZH711	LONDON	WWW.MARKETS.CBOE.COM/EUROPE/EQUITIES/OVERVIEW/	PAN-EUROPEAN RECOGNISED INVESTMENT EXCHANGE.
BDEA	SEGMENT	ACTIVE	BLBB	BAYERNLB - IDEAL FX	DE	SINT	2018-06-25	2018-06-25					VDYMYTQGZZ6DU0912C88	MUNICH	WWW.BAYERNLB.DE	SYSTEMATIC INTERNALISER.
BDPL	OPERATING	ACTIVE	BDPL	BANQUE DEGROOF PETERCAM LUXEMBOURG S.A.	LU	SINT	2023-03-27	2023-03-27	2023-03-27		BANQUE DEGROOF PETERCAM LUXEMBOURG S.A.		NCKZJ8T1GQ25CDCFSD44	LUXEMBOURG	WWW.DEGROOFPETERCAM.COM/EN-LU	
BDSK	OPERATING	ACTIVE	BDSK	DSK BANK EAD	BG	SINT	2020-04-27	2023-08-28			DSK BANK		529900GEH0DAUTAXUA94	SOFIA	HTTPS://DSKBANK.BG/	
BEAM	OPERATING	ACTIVE	BEAM	MTS ASSOCIATED MARKETS	BE	NSPD	2017-05-22	2017-05-22					213800C8G8MWTRJAOJ67	BRUSSELS	WWW.MTSBELGIUM.COM	
BEBG	OPERATING	ACTIVE	BEBG	BULGARIAN ENERGY TRADING PLATFORM	BG	OTFS	2020-11-23	2020-11-23			BULGARIAN ENERGY TRADING PLATFORM AD	BETP	984500852DB3CFC4A665	SOFIA	WWW.BETP.BG	
BEEX	OPERATING	ACTIVE	BEEX	BOND ELECTRONIC EXCHANGE	TH	RMKT	2007-11-26	2007-11-26						BANGKOK	WWW.BEX.OR.TH	
BEIS	OPERATING	ACTIVE	BEIS	BANCA ETICA	IT	SINT	2018-06-25	2018-06-25					549300DI8RATWW2KQO25	PADOVA	WWW.BANCAETICA.IT	SYSTEMATIC INTERNALISER.
BELB	OPERATING	ACTIVE	BELB	BELFIUS BANK NV/SA	BE	NSPD	2018-02-26	2018-02-26					A5GWLFH3KM7YV2SFQL84	BRUSSELS	WWW.BELFIUS.COM	
BELF	SEGMENT	ACTIVE	BELB	BELFIUS BANK NV/SA FIXED INCOME	BE	SINT	2018-02-26	2018-02-26					A5GWLFH3KM7YV2SFQL84	BRUSSELS	WWW.BELFIUS.COM	SYSTEMATIC INTERNALISER FOR CORPORATE, COVERED AND OTHER PUBLIC BONDS ISSUED BY BELGIAN ISSUERS.
BERA	SEGMENT	ACTIVE	XBER	BOERSE BERLIN - REGULIERTER MARKT	DE	RMKT	2008-02-25	2024-05-27	2024-05-27		BOERSE BERLIN AG		391200I7OS301UELZA68	BERLIN	WWW.BERLIN-BOERSE.DE	
BERB	SEGMENT	ACTIVE	XBER	BOERSE BERLIN - FREIVERKEHR	DE	MLTF	2008-02-25	2024-05-27			BOERSE BERLIN AG		391200I7OS301UELZA68	BERLIN	WWW.BERLIN-BOERSE.DE	
BERC	SEGMENT	ACTIVE	XBER	BOERSE BERLIN - BERLIN SECOND REGULATED MARKET	DE	RMKT	2010-08-23	2024-05-27			BOERSE BERLIN AG		391200I7OS301UELZA68	BERLIN	WWW.BERLIN-BOERSE.DE	
BESA	OPERATING	ACTIVE	BESA	BITSTAMP EUROPE	LU	CASP	2024-11-25	2024-11-25	2024-11-25		BITSTAMP EUROPE S.A.		549300XIBGTJ0PLIEO72	LUXEMBOURG	WWW.BITSTAMP.NET/	
BETA	SEGMENT	ACTIVE	XBUD	BETA MARKET	HU	MLTF	2011-12-26	2024-05-27			BUDAPEST STOCK EXCHANGE		54930094UMSXWVWJMT48	BUDAPEST	WWW.BSE.HU	LAUNCHED IN NOVEMBER 2011,  MULTILATERAL TRADING FACILITY.
BETP	OPERATING	ACTIVE	BETP	BLOOMBERG TRADEBOOK JAPAN LIMITED	JP	NSPD	2015-07-27	2015-07-27					549300XGVYCP71W4BP27	CHIYODA-KU	WWW.BLOOMBERGTRADEBOOK.COM	BLOOMBERG'S ETP
BETX	OPERATING	ACTIVE	BETX	BET OTC BILAT COMMODITY DERIVATIVES	GB	NSPD	2019-02-25	2019-02-25				BET	549300ZDBUCTRBOPM023	LONDON	WWW.BP.COM/EN/GLOBAL/TRADING/	OTC COMMODITY DERIVATIVES DONE BILATERALLY WITH CLIENTS OF THE FIRM. NO ELECTRONIC PLATFORM.
BEUD	SEGMENT	EXPIRED	CCXE	CBOE EUROPE - BXE DARK ORDER BOOK (NL)	NL	MLTF	2018-09-24	2019-07-22		2019-07-22		CBOE EU DARK	2549007JY1TP7I1IMY80	AMSTERDAM	HTTP://MARKETS.CBOE.COM/EUROPE/EQUITIES/ABOUT/	TO BE USED FOR REPORTING DARK BOOK EXECUTIONS.
BEUE	SEGMENT	EXPIRED	CCXE	CBOE EUROPE - BXE ORDER BOOKS (NL)	NL	MLTF	2018-09-24	2019-07-22		2019-07-22		CBOE EU BXE	2549007JY1TP7I1IMY80	AMSTERDAM	HTTP://MARKETS.CBOE.COM/EUROPE/EQUITIES/ABOUT/	PAN-EUROPEAN RECOGNISED INVESTMENT EXCHANGE.
BEUF	SEGMENT	EXPIRED	CCXE	CBOE EUROPE - BXE OFF-BOOK (NL)	NL	MLTF	2018-09-24	2019-07-22		2019-07-22		CBOE EU BXE OFF BOOK	2549007JY1TP7I1IMY80	AMSTERDAM	HTTP://MARKETS.CBOE.COM/EUROPE/EQUITIES/ABOUT/	CBOE EUROPE (BXE) OFF-BOOK TRADE REPORTS.
BEUO	SEGMENT	ACTIVE	CCRM	CBOE EUROPE - REGULATED MARKET OFF BOOK (NL)	NL	RMKT	2018-09-24	2018-09-24			CBOE EUROPE B.V.	CBOE EU REGM OFF BOOK	2549007JY1TP7I1IMY80	AMSTERDAM	HTTP://MARKETS.CBOE.COM/EUROPE/EQUITIES/ABOUT/	CBOE EU - REGULATED MARKET SECURITIES MIC CODE FOR OFF-BOOK TRADES.
BEUP	SEGMENT	ACTIVE	CCXE	CBOE EUROPE - DXE PERIODIC (NL)	NL	MLTF	2018-09-24	2023-03-27	2023-03-27		CBOE EUROPE B.V.	CBOE EU DXE PERIODIC	2549007JY1TP7I1IMY80	AMSTERDAM	WWW.CBOE.COM/EUROPE/EQUITIES/	TO BE USED FOR EXECUTIONS RESULTING FROM CBOE EU DXE AUCTIONS BOOK.
BEUT	SEGMENT	ACTIVE	CCRM	CBOE EUROPE - REGULATED MARKET INTEGRATED BOOK (NL)	NL	RMKT	2018-09-24	2018-09-24			CBOE EUROPE B.V.	CBOE EU REGM LIT	2549007JY1TP7I1IMY80	AMSTERDAM	HTTP://MARKETS.CBOE.COM/EUROPE/EQUITIES/ABOUT/	CBOE EU - REGULATED MARKET SECURITIES MIC CODE FOR INTEGRATED BOOK TRADES.
BFEX	OPERATING	EXPIRED	BFEX	BAHRAIN FINANCIAL EXCHANGE	BH	RMKT	2010-10-25	2022-11-28	2022-11-28	2022-11-28	BAHRAIN FINANCING COMPANY B.S.C		549300E7XSMTIA5ORC60	MANAMA	WWW.BFX.BH	THE BFX IS THE FIRST MULTI-ASSET CLASS EXCHANGE IN THE MIDDLE EAST REGION AND WILL BE INTERNATIONALLY ACCESSIBLE TO TRADE CASH INSTRUMENTS, STRUCTURED PRODUCTS AND SHARIA-COMPLIANT FINANCIAL INSTRUMENTS AS WELL AS DERIVATIVES.
BFPT	OPERATING	ACTIVE	BFPT	BANCO FINANTIA S.A.	PT	SINT	2019-03-25	2019-03-25					2138003Z5ZVN16GFYV70	LISBON	WWW.FINANTIA.PT	SYSTEMATIC INTERNALISER.
BFSD	OPERATING	ACTIVE	BFSD	BITSTAMP DERIVATIVES EXCHANGE	SI	MLTF	2024-11-25	2024-11-25	2024-11-25		BITSTAMP FINANCIAL SERVICES LTD		4851007IRIW87EC5H697	LJUBLJANA	WWW.BITSTAMP.NET	
BGCA	OPERATING	ACTIVE	BGCA	BGC PARTNERS (AUSTRALIA) PTY LTD	AU	OTHR	2022-03-28	2022-03-28	2022-03-28		BGC PARTNERS (AUSTRALIA) PTY LTD		549300EWSJTPKI0VTV84	SYDNEY	WWW.BGCPARTNERS.COM	
BGCB	SEGMENT	ACTIVE	BGCI	BGC BROKERS LP - TRAYPORT	GB	NSPD	2014-02-24	2014-02-24						LONDON	WWW.BGCPARTNERS.COM	
BGCD	SEGMENT	ACTIVE	BGCF	BGC DERIVATIVE MARKETS L.P.	US	SEFS	2015-03-23	2023-10-23			BGC DERIVATIVE MARKETS, L.P.	BGCDML	549300RKB6B4M8CD2W04	NEW YORK	WWW.BGCSEF.COM	BGC SWAP EXECUTION FACILITY.
BGCF	OPERATING	ACTIVE	BGCF	BGC FINANCIAL INC	US	NSPD	2007-09-24	2007-09-24			BGC FINANCIAL, L.P.		549300NP4MIDUNET0550	NEW YORK	WWW.BGCPARTNERS.COM	
BGCI	OPERATING	ACTIVE	BGCI	BGC BROKERS LP	GB	NSPD	2007-10-22	2007-10-22						LONDON	WWW.BGCPARTNERS.COM	
BGCJ	OPERATING	ACTIVE	BGCJ	BGC SHOKEN KAISHA LTD – ETP	JP	OTHR	2023-09-25	2023-09-25	2023-09-25		BGC SHOKEN KAISHA LTD	BGC SKL	5493006BVSGHPKOR5U26	TOKYO	WWW.BGCG.COM	
BGCM	SEGMENT	EXPIRED	BGCI	BGC BROKERS LP - MTF	GB	MLTF	2017-10-23	2018-03-26		2018-03-26			ZWNFQ48RUL8VJZ2AIC12	LONDON	WWW.BGCPARTNERS.COM	MULTILATERAL TRADING FACILITY.
BGCO	SEGMENT	ACTIVE	BGCI	BGC BROKERS LP - OTF	GB	OTFS	2017-10-23	2017-10-23			BGC BROKERS L.P.		ZWNFQ48RUL8VJZ2AIC12	LONDON	WWW.BGCPARTNERS.COM	ORGANISED TRADING FACILITY.
BGEM	SEGMENT	ACTIVE	XMIL	BORSA ITALIANA GLOBAL EQUITY MARKET	IT	MLTF	2022-11-28	2023-03-27	2023-03-27		BORSA ITALIANA S.P.A.	BITGEM	8156005391EE905D3124	MILAN	WWW.BORSAITALIANA.IT	MULTILATERAL TRADING FACILITY FOR INTERNATIONAL EQUITIES.
BGFI	SEGMENT	ACTIVE	BGSI	BERENBERG FIXED INCOME	DE	SINT	2018-09-24	2018-09-24				BGFI	529900UC2OD7II24Z667	HAMBURG	WWW.BERENBERG.COM	SYSTEMATIC INTERNALISER FOR FIXED INCOME.
BGFU	SEGMENT	ACTIVE	BGUK	BERENBERG FIXED INCOME UK	GB	SINT	2019-04-22	2019-04-22				BGFU	529900UC2OD7II24Z667	LONDON	WWW.BERENBERG.COM	SYSTEMATIC INTERNALISER FOR FIXED INCOME UK.
BGFX	SEGMENT	ACTIVE	BGSI	BERENBERG FX	DE	SINT	2018-09-24	2018-09-24				BGFX	529900UC2OD7II24Z667	HAMBURG	WWW.BERENBERG.COM	SYSTEMATIC INTERNALISER FOR FX.
BGHX	OPERATING	ACTIVE	BGHX	BALKAN GAS HUB EAD	BG	NSPD	2019-12-23	2019-12-23					254900OBGLGL51E9EQ66	SOFIA	WWW.BALKANGASHUB.BG	COMMODITIES AND DERIVATIVES OTC AND EXCHANGE MARKET OPERATOR.
BGLU	OPERATING	ACTIVE	BGLU	BGL BNP PARIBAS	LU	SINT	2021-05-24	2021-05-24			BGL BNP PARIBAS	BGL	UAIAINAJ28P30E5GWE37	LUXEMBOURG	WWW.BGL.LU	SYSTEMATIC INTERNALISER.
BGSG	OPERATING	ACTIVE	BGSG	BGC PARTNERS SINGAPORE RMO	SG	RMOS	2023-09-25	2023-09-25	2023-09-25		BGC PARTNERS (SINGAPORE) LIMITED		549300BVRE4RY41UTU57	SINGAPORE	WWW.BGCG.COM	
BGSI	OPERATING	ACTIVE	BGSI	BERENBERG	DE	SINT	2017-10-23	2017-10-23				BBSI		HAMBURG	WWW.BERENBERG.COM	SYSTEMATIC INTERNALISER FOR EQUITIES.
BGUK	OPERATING	ACTIVE	BGUK	BERENBERG  UK	GB	SINT	2019-04-22	2019-04-22				BGUK	529900UC2OD7II24Z667	LONDON	WWW.BERENBERG.COM	SYSTEMATIC INTERNALISER.
BHSF	OPERATING	ACTIVE	BHSF	CBOE SEF, LLC	US	SEFS	2016-12-26	2023-12-25	2023-12-25		CBOE SEF, LLC		549300D84OQ6BDBRBO35	NEW YORK	WWW.CBOE.COM/GLOBAL/FX/SEF/	
BHWA	OPERATING	ACTIVE	BHWA	BANK HANDLOWY W WARSZAWIE SPOLKA AKCYJNA	PL	SINT	2018-07-23	2026-06-22	2026-06-22		BANK HANDLOWY W WARSZAWIE SPOLKA AKCYJNA	BHW SI	XLEZHWWOI4HFQDGL4793	WARSAW	WWW.CITIBANK.PL	SYSTEMATIC INTERNALISER.
BIDS	OPERATING	ACTIVE	BIDS	BIDS TRADING L.P.	US	NSPD	2007-02-26	2007-02-26				BIDS	254900J9JVL76SF70898	NEW YORK	WWW.BIDSTRADING.COM	
BILT	OPERATING	ACTIVE	BILT	OFF-EXCHANGE TRANSACTIONS - LISTED AND UNLISTED INSTRUMENTS	ZZ	NSPD	2017-07-24	2022-07-25						NOT APPLICABLE	ZZ	BILATERAL (OFF-EXCHANGE) TRANSACTIONS - LISTED OR UNLISTED INSTRUMENTS.
BILU	OPERATING	ACTIVE	BILU	BANQUE INTERNATIONALE A LUXEMBOURG S.A.	LU	SINT	2019-05-27	2019-05-27				BIL	9CZ7TVMR36CYD5TZBS50	LUXEMBOURG	WWW.BIL.COM	SYSTEMATIC INTERNALISER.
BINV	OPERATING	ACTIVE	BINV	BOND INVEST	DE	SINT	2017-12-25	2017-12-25					39120043LUI1WJS8IX30	FRANKFURT AM MAIN	WWW.STEUBING.COM	SYSTEMATIC INTERNALISER.
BISI	SEGMENT	ACTIVE	GSIB	GOLDMAN SACHS INTERNATIONAL BANK - SYSTEMATIC INTERNALISER	GB	SINT	2017-07-24	2017-07-24			GOLDMAN SACHS INTERNATIONAL BANK		549300OYYE9P450H6O40	LONDON	WWW.GOLDMANSACHS.COM	GSIB SYSTEMATIC INTERNALISER
BIVA	OPERATING	ACTIVE	BIVA	BOLSA INSTITUCIONAL DE VALORES	MX	NSPD	2017-09-25	2017-09-25				BIVA	894500CS2D6RLGW61A19	MEXICO	WWW.BIVA.MX	STOCK EXCHANGE.LIVE IN Q1 2018.
BJSE	OPERATING	ACTIVE	BJSE	BEIJING STOCK EXCHANGE	CN	RMKT	2022-03-28	2022-03-28	2022-03-28				836800S6C5TZNJN6ZS25	BEIJING	WWW.BSE.CN	
BKBF	SEGMENT	EXPIRED	BKBR	BNY MELLON S.A./N.V. - BRUSSELS BRANCH - SYSTEMATIC INTERNALISER	BE	SINT	2017-10-23	2025-04-28	2025-04-28	2025-04-28	THE BANK OF NEW YORK MELLON	BNYM	MMYX0N4ZEZ13Z4XCG897	BRUSSELS	WWW.BNYMELLON.COM	SYSTEMATIC INTERNALISER.
BKBR	OPERATING	ACTIVE	BKBR	BNY MELLON S.A./N.V. - BRUSSELS BRANCH	BE	NSPD	2017-10-23	2025-04-28	2025-04-28		THE BANK OF NEW YORK MELLON	BNYM	MMYX0N4ZEZ13Z4XCG897	BRUSSELS	WWW.BNYMELLON.COM	
BKDM	OPERATING	ACTIVE	BKDM	BNY MELLON MARKETS EUROPE LIMITED	IE	NSPD	2019-02-25	2019-02-25				BNYMEL	213800BCFW6KUDEH8W19	DUBLIN	WWW.BNYMELLON.COM	REGISTERED ELECTRONIC MARKET FOR REPO.
BKKT	OPERATING	ACTIVE	BKKT	BAKKT	US	NSPD	2019-11-25	2019-11-25					254900ZSO0IPC7WB7I79	ATLANTA	WWW.BAKKT.COM	SPOT MARKET FOR CRYPTO CURRENCY AND DERIVATIVES.
BKLF	SEGMENT	EXPIRED	BKLN	THE BANK OF NEW YORK MELLON	GB	SINT	2017-09-25	2025-12-22	2025-12-22	2025-12-01	THE BANK OF NEW YORK MELLON	BNYM	HPFHU0OQ28E4N0NFVK49	LONDON	WWW.BNYMELLON.COM	SYSTEMATIC INTERNALISER.
BKLN	OPERATING	ACTIVE	BKLN	THE BANK OF NEW YORK MELLON - LONDON BRANCH	GB	NSPD	2017-09-25	2024-05-27	2024-05-27		THE BANK OF NEW YORK MELLON	BNYM	HPFHU0OQ28E4N0NFVK49	LONDON	WWW.BNYMELLON.COM	
BKSK	OPERATING	ACTIVE	BKSK	BKS BANK AG	AT	SINT	2018-08-27	2018-08-27			BKS BANK AG		529900B9P29R8W03IX88	KLAGENFURT AM WOERTHERSEE	WWW.BKS.AT	SYSTEMATIC INTERNALISER.
BLBB	OPERATING	ACTIVE	BLBB	BAYERNLB	DE	NSPD	2018-05-28	2018-05-28					VDYMYTQGZZ6DU0912C88	MUNICH	WWW.BAYERNLB.DE	
BLBF	SEGMENT	ACTIVE	XBLB	BANJA LUKA STOCK EXCHANGE - FREE MARKET	BA	RMKT	2013-03-25	2025-10-27	2025-10-27		BANJA LUKA STOCK EXCHANGE	BLSE	254900MTDVFDB1BZQE52	BANJA LUKA	WWW.BLBERZA.COM	
BLBS	SEGMENT	ACTIVE	BLBB	BAYERNLB - BONDS MARKET	DE	SINT	2018-06-25	2018-06-25					VDYMYTQGZZ6DU0912C88	MUNICH	WWW.BAYERNLB.DE	SYSTEMATIC INTERNALISER.
BLEQ	SEGMENT	ACTIVE	BLBB	BAYERNLB - EQUITIES MARKET	DE	NSPD	2019-01-28	2019-01-28					VDYMYTQGZZ6DU0912C88	MUNICH	WWW.BAYERNLB.DE	
BLEV	OPERATING	ACTIVE	BLEV	BLOCK EVENT	AU	NSPD	2015-04-27	2015-04-27						MELBOURNE	WWW.BLOCKEVENT.COM	ELECTRONIC BLOCK TRADING PLATFORM FOR EQUITIES.
BLFX	SEGMENT	ACTIVE	BLBB	BAYERNLB - FX DERIVATIVES MARKET	DE	NSPD	2020-10-26	2020-10-26			BAYERISCHE LANDESBANK		VDYMYTQGZZ6DU0912C88	MUNICH	WWW.BAYERNLB.DE	
BLIQ	SEGMENT	ACTIVE	BLBB	BAYERNLB - LIQP BONDS MARKET	DE	NSPD	2018-06-25	2018-06-25					VDYMYTQGZZ6DU0912C88	MUNICH	WWW.BAYERNLB.DE	
BLKX	SEGMENT	ACTIVE	XINS	INSTINET BLOCKCROSS ATS	US	ATSS	2012-09-24	2019-07-22				BLKX	549300MGMN3RKMU8FT57	NEW YORK	WWW.INSTINET.COM	ALTERNATIVE TRADING SYSTEM.
BLNK	SEGMENT	ACTIVE	CHEV	BLINK MTF	GB	NSPD	2009-09-28	2009-09-28						LONDON	WWW.CHEUVREUX.COM	EQUITIES CROSSING, EQUITIES DARK POOL, PAN-EUROPEAN EQUITIES.
BLOX	SEGMENT	ACTIVE	XIEL	BLOCKMATCH UK DARK	GB	MLTF	2007-11-26	2025-04-28	2025-04-28		INSTINET EUROPE LIMITED		213800MXAKR2LA1VBM44	LONDON	WWW.BLOCKMATCH.COM	PRICE REFERENCE WAIVER SYSTEM.
BLPX	OPERATING	ACTIVE	BLPX	BELGIAN POWER EXCHANGE	BE	NSPD	2007-11-26	2007-11-26				BLPX		BRUSSELS	WWW.BELPEX.BE	
BLTD	OPERATING	EXPIRED	BLTD	BLOOMBERG TRADEBOOK LLC	US	NSPD	2007-11-26	2022-11-28		2016-09-01	BLOOMBERG TRADEBOOK LLC		549300P0PVQNO43T7K36	NEW YORK	WWW.BLOOMBERGTRADEBOOK.COM	
BLTX	SEGMENT	ACTIVE	BALT	BALTEX - FREIGHT DERIVATIVES MARKET	GB	NSPD	2013-07-22	2013-07-22			BALTIC EXCHANGE LIMITED(THE)		213800L2KQ61Y79TWR71	LONDON	WWW.BALTICEXCHANGE.COM	MTF FOR ELECTRONIC TRADING OF FREIGHT DERIVATIVES
BLUE	OPERATING	ACTIVE	BLUE	PRO SECURITIES ATS	US	ATSS	2019-01-28	2019-01-28				PROS		NEW YORK		ALTERNATIVE TRADING SYSTEM.
BLUX	OPERATING	ACTIVE	BLUX	BANQUE DE LUXEMBOURG	LU	SINT	2019-01-28	2019-01-28					PSZXLEV07O5MHRRFCW56	LUXEMBOURG	WWW.BANQUEDELUXEMBOURG.COM	SYSTEMATIC INTERNALISER.
BLXA	OPERATING	ACTIVE	BLXA	INSTINET BLX (AU)	AU	NSPD	2018-02-26	2018-02-26					5493000V6EFTSRJ06G76	SYDNEY	WWW.INSTINET.COM	BLOCK FOCUSED LIQUIDITY POOL FOR AUSTRALIAN EQUITIES.
BMCL	SEGMENT	ACTIVE	BMEX	BME CLEARING S.A.	ES	NSPD	2013-10-28	2013-10-28					5299009QA8BBE2OOB349	MADRID	WWW.AIAF.ES	
BMCM	OPERATING	ACTIVE	BMCM	BMO CAPITAL MARKETS LIMITED	GB	NSPD	2019-07-22	2019-07-22				ST	L64HM9LHPDOS1B9HJC68	LONDON	WWW.BMOCM.COM	
BMEA	SEGMENT	ACTIVE	BMEX	BME - APA	ES	APPA	2017-08-28	2017-08-28				BME APA	959800QN4DV2FYZS9Q98	MADRID	WWW.BOLSASYMERCADOS.ES/REGULATORY-SERVICES/ING/HOME	APPROVED PUBLICATION ARRANGEMENT (APA).
BMEX	OPERATING	ACTIVE	BMEX	BME - BOLSAS Y MERCADOS ESPANOLES	ES	NSPD	2012-08-27	2012-08-27				BME	9598003MSLCX8JT38V69	MADRID	WWW.BOLSASYMERCADOS.ES	
BMFA	SEGMENT	EXPIRED	BMFX	BMFMS-ATS	RO	ATSS	2010-10-25	2018-02-26		2018-02-26				SIBIU	WWW.SIBEX.RO	ALTERNATIVE TRADING SYSTEM FOR EQUITIES.
BMFM	SEGMENT	EXPIRED	BMFX	DERIVATIVES REGULATED MARKET - BMFMS	RO	NSPD	2010-05-24	2018-02-26		2018-02-26		BMFMS		SIBIU	WWW.SIBEX.RO	
BMFX	OPERATING	EXPIRED	BMFX	SIBIU MONETARY- FINANCIAL AND COMMODITIES EXCHANGE	RO	NSPD	2010-07-26	2018-02-26		2018-02-26				SIBIU	WWW.SIBEX.RO	THE SIBIU MONETARY FINANCIAL AND COMMODITIES EXCHANGE (BURSA MONETAR FINANCIARÃ ŞI DE MÃRFURI SIBIU OR BMFMS IN ROMANIAN) IS ROMANIA'S SECOND LARGEST FINANCIAL MARKET.
BMLB	OPERATING	ACTIVE	BMLB	BANK OF MONTREAL - LONDON BRANCH	GB	SINT	2018-08-27	2018-08-27				BMO	NQQ6HPCNCCU6TUTQYE16	LONDON	WWW.BMOCM.COM	SYSTEMATIC INTERNALISER.
BMLI	OPERATING	ACTIVE	BMLI	BANK OF AMERICA MERRILL LYNCH INTERNATIONAL BANK DESIGNATED ACTIVITY COMPANY	IE	NSPD	2019-11-25	2019-11-25				BAMLI DAC	EQYXK86SF381Q21S3020	DUBLIN	WWW.BOFAML.COM/EMEA	
BMLS	SEGMENT	ACTIVE	BMLI	BANK OF AMERICA MERRILL LYNCH INTERNATIONAL BANK DESIGNATED ACTIVITY COMPANY - SYSTEMATIC INTERNALISER	IE	SINT	2019-11-25	2019-11-25				BAMLI DAC	EQYXK86SF381Q21S3020	DUBLIN	WWW.BOFAML.COM/EMEA	SYSTEMATIC INTERNALISER.
BMLX	OPERATING	EXPIRED	BMLX	BANK OF AMERICA MERRILL LYNCH INTERNATIONAL BANK DESIGNATED ACTIVITY COMPANY	IE	NSPD	2017-11-27	2019-11-25		2019-11-25		BAMLI	EYKN6V0ZCB8VD9IULB80	DUBLIN	WWW.BOFAML.COM/EMEA	
BMSI	SEGMENT	EXPIRED	BMLX	BANK OF AMERICA MERRILL LYNCH INTERNATIONAL BANK DESIGNATED ACTIVITY COMPANY	IE	SINT	2017-11-27	2019-11-25		2019-11-25		BAMLI	EYKN6V0ZCB8VD9IULB80	DUBLIN	WWW.BOFAML.COM/EMEA	SYSTEMATIC INTERNALISER.
BMTF	OPERATING	ACTIVE	BMTF	BLOOMBERG TRADING FACILITY LIMITED	GB	MLTF	2015-06-22	2023-09-25			BLOOMBERG TRADING FACILITY LIMITED		549300ROEJDDAXM6LU05	LONDON	WWW.BLOOMBERG.COM	BLOOMBERG MULTI-LATERAL TRADING FACILITY.
BMTS	SEGMENT	ACTIVE	BEAM	MTS BELGIUM	BE	MLTF	2005-11-28	2024-05-27			MTS ASSOCIATED MARKETS		213800C8G8MWTRJAOJ67	BRUSSELS	WWW.MTSBELGIUM.COM	
BNCX	OPERATING	ACTIVE	BNCX	BINANCE	AE	RMOS	2026-01-26	2026-01-26	2026-01-26		NEST SERVICES LIMITED		254900LEW5UMQNLF1136	ABU DHABI	WWW.BINANCE.COM	
BNDD	SEGMENT	ACTIVE	TRWB	TRADEWEB DIRECT LLC	US	ATSS	2007-08-27	2026-04-27	2026-04-27		TRADEWEB MARKETS LLC		549300MII67ES5YBJH61	NEW YORK	WWW.TRADEWEB.COM	
BNDS	OPERATING	ACTIVE	BNDS	BONDS.COM, INC.	US	ATSS	2023-05-22	2023-05-22	2023-05-22		BONDS.COM, INC.	BNDS	213800QOW94YDEADDF52	NEW YORK	WWW.BONDS.COM	
BNLD	OPERATING	ACTIVE	BNLD	BANCA NAZIONALE DEL LAVORO SPA	IT	SINT	2019-02-25	2019-02-25					UI802FYJ52XDB7N4KN18	ROME	WWW.BNL.IT	SYSTEMATIC INTERNALISER.
BNPA	OPERATING	ACTIVE	BNPA	BNP PARIBAS ARBITRAGE SNC	FR	SINT	2017-12-25	2017-12-25				BNPP A SI	6EWKU0FGVX5QQJHFGT48	PARIS	WWW.CIB.BNPPARIBAS.COM	SYSTEMATIC INTERNALISER.
BNPC	OPERATING	ACTIVE	BNPC	BNPP CORTEX ATS	US	ATSS	2021-02-22	2021-02-22	2021-02-22		BNP PARIBAS SECURITIES CORP.	BNPX	RCNB6OTYUAMMP879YW96	NEW YORK	HTTPS://USA.BNPPARIBAS/EN/	ALTERNATIVE TRADING SYSTEM.
BNPF	OPERATING	ACTIVE	BNPF	BNP PARIBAS FORTIS SA/NV	BE	SINT	2017-12-25	2017-12-25				BNPPF SI	KGCEPHLVVKVRZYO1T647	BRUSSELS	WWW.BNPPARIBASFORTIS.COM	SYSTEMATIC INTERNALISER.
BNPH	OPERATING	ACTIVE	BNPH	BNPP CORTEX EQUITIES	US	OTHR	2023-09-25	2023-09-25	2023-09-25		BNP PARIBAS SECURITIES CORP.		RCNB6OTYUAMMP879YW96	NEW YORK	HTTPS://GLOBALMARKETS.CIB.BNPPARIBAS/CORTEX-EQUITIES/	
BNPL	OPERATING	ACTIVE	BNPL	BNP PARIBAS SA LONDON BRANCH	GB	SINT	2020-09-28	2023-11-27			BNP PARIBAS	BNPP SA LB SI	R0MUWSFPU8MPRO8K5P83	LONDON	WWW.CIB.BNPPARIBAS.COM	SYSTEMATIC INTERNALISER. FOR UK MIFID II.
BNPP	OPERATING	ACTIVE	BNPP	BANK BGZ BNP PARIBAS S.A.	PL	SINT	2018-12-24	2018-12-24					NMH2KF074RKAGTH4CM63	WARSAW	WWW.BGZBNPPARIBAS.PL	SYSTEMATIC INTERNALISER.
BNPS	OPERATING	ACTIVE	BNPS	BNP PARIBAS SA	FR	SINT	2017-12-25	2017-12-25				BNPP SA SI	R0MUWSFPU8MPRO8K5P83	PARIS	WWW.CIB.BNPPARIBAS.COM	SYSTEMATIC INTERNALISER.
BNPX	OPERATING	ACTIVE	BNPX	BNP PARIBAS ALTERNATIVE TRADING SYSTEM	JP	ATSS	2020-12-28	2020-12-28			BNP PARIBAS SECURITIES (JAPAN) LIMITED		549300W1PKAHKJ86TC84	TOKYO	WWW.BNPPARIBAS.JP/EN/	
BNSX	OPERATING	ACTIVE	BNSX	THE BANK OF NOVA SCOTIA	CA	SINT	2018-04-23	2018-04-23					L3I9ZG2KFGXZ61BMYR72	TORONTO	WWW.SCOTIABANK.COM	SYSTEMATIC INTERNALISER.
BNTW	SEGMENT	ACTIVE	XIEL	BLOCKMATCH UK NT	GB	MLTF	2017-11-27	2025-04-28	2025-04-28		INSTINET EUROPE LIMITED		213800MXAKR2LA1VBM44	LONDON	WWW.BLOCKMATCH.COM	NEGOTIATED TRADE WAIVER SYSTEM.
BNYC	OPERATING	ACTIVE	BNYC	CONVERGEX	US	NSPD	2012-12-24	2012-12-24					5493008QI0EFC5WBED75	NEW YORK	WWW.CONVERGEX.COM	
BOAL	SEGMENT	ACTIVE	BANA	BANK OF AMERICA, NATIONAL ASSOCIATION - LONDON BRANCH OFFICE	GB	NSPD	2017-11-27	2017-11-27					B4TYDEB6GKMZO031MB27	LONDON	WWW.BOFAML.COM/EMEA	
BOAT	OPERATING	ACTIVE	BOAT	CINNOBER BOAT	GB	NSPD	2008-06-23	2014-09-22						LONDON	WWW.CINNOBER.COM/BOAT-TRADE-REPORTING	OTC EQUITIES TRADE REPORTING PLATFORM
BOCF	OPERATING	ACTIVE	BOCF	BANK OF CHINA LIMITED - FRANKFURT BRANCH	DE	SINT	2022-04-25	2022-04-25			BANK OF CHINA LIMITED		54930053HGCFWVHYZX42	FRANKFURT AM MAIN	WWW.BANKOFCHINA.COM	
BOFS	OPERATING	ACTIVE	BOFS	BANK OF SCOTLAND PLC	GB	SINT	2017-10-23	2017-10-23					OQ3T05P7YR8P5YJEVI93	EDINBURGH	WWW.BANKOFSCOTLAND.CO.UK	SYSTEMATIC INTERNALISER.
BOND	SEGMENT	EXPIRED	MTSO	BONDVISION ITALIA	IT	NSPD	2005-11-28	2018-02-26		2018-02-26	MTS S.P.A.		213800ZMKPUV1VKLCT69	ROME	WWW.MTSMARKETS.COM	REGULATED MARKET FOR GOVERNMENT DEBT SECURITIES.
BOSC	OPERATING	ACTIVE	BOSC	BONDSCAPE	GB	NSPD	2007-11-26	2007-11-26						LONDON	WWW.BONDSCAPE.NET	
BOSD	SEGMENT	ACTIVE	XNAS	NASDAQ TEXAS DARK	US	RMKT	2012-04-23	2026-04-27	2026-04-27		NASDAQ, INC.	NTX DARK	549300L8X1Q78ERXFD06	NEW YORK	WWW.NASDAQOMXTRADER.COM	DARK POOL
BOSP	SEGMENT	ACTIVE	XWAR	WARSAW STOCK EXCHANGE/BONDS/CATALYST/BONDSPOT/MTF	PL	MLTF	2010-07-26	2013-08-26			BONDSPOT S.A.		259400N28EKSTIFFCL55	WARSAW	WWW.BONDSPOT.PL	MULTILATERAL TRADING FACILITIES FOR DEBT INSTRUMENTS.
BOSS	OPERATING	ACTIVE	BOSS	BRUCE ATS	US	ATSS	2025-02-24	2025-02-24	2025-02-24		BRUCE MARKETS LLC	BOSS	2549001BE54HKW5HTX63	CHICAGO	WWW.BRUCEMARKETS.COM	
BOTC	SEGMENT	ACTIVE	BCXE	OFF EXCHANGE IDENTIFIER FOR OTC TRADES REPORTED TO CBOE EUROPE	GB	APPA	2013-08-26	2023-03-27	2023-03-27		CBOE EUROPE LIMITED	CBOE OFF EXCHANGE	254900ERRPSKE7UZH711	LONDON	WWW.MARKETS.CBOE.COM/EUROPE/EQUITIES/OVERVIEW/	OFF EXCHANGE IDENTIFIER FOR OTC TRADES REPORTED TO CBOE EUROPE.
BOTE	SEGMENT	ACTIVE	XBOT	BOTSWANA STOCK EXCHANGE - EXCHANGE TRADED FUNDS (ETF)	BW	NSPD	2013-03-25	2013-03-25				BOT		GABORONE	WWW.BSE.CO.BW	
BOTV	SEGMENT	ACTIVE	XBOT	BOTSWANA STOCK EXCHANGE - VENTURE CAPITAL	BW	NSPD	2013-03-25	2013-03-25				BOT		GABORONE	WWW.BSE.CO.BW	
BOVA	OPERATING	ACTIVE	BOVA	BOLSA DE CORREDORES - BOLSA DE VALORES	CL	NSPD	2010-12-27	2010-12-27						VALPARAISO	WWW.BOVALPO.COM	EQUITY AND BOND MARKET.
BOVM	OPERATING	ACTIVE	BOVM	BOLSA DE VALORES MINAS-ESPÍRITO SANTO-BRASÍLIA	BR	NSPD	2010-12-27	2013-03-25						ESPIRITO SANTO	WWW.BOVMESB.COM.BR	COMMODITIES MARKET.
BPAG	OPERATING	EXPIRED	BPAG	BANK PICTET & CIE (EUROPE) AG	DE	SINT	2024-07-22	2025-12-22		2025-12-01	BANK PICTET & CIE (EUROPE) AG	BPAG	549300GSSPQ1QSKI1376	FRANKFURT	WWW.PICTET.COM	
BPAS	OPERATING	EXPIRED	BPAS	BANCA PASSADORE	IT	SINT	2018-09-24	2019-01-28		2019-01-28			815600EB9E6DCD050385	GENOVA	WWW.BANCAPASSADORE.IT	SYSTEMATIC INTERNALISER.
BPKO	OPERATING	ACTIVE	BPKO	PKO BANK POLSKI S.A.	PL	SINT	2018-06-25	2018-06-25				PKO BP	P4GTT6GF1W40CVIMFR43	WARSAW	WWW.PKOBP.PL	SYSTEMATIC INTERNALISER.
BPLC	OPERATING	ACTIVE	BPLC	BARCLAYS BANK PLC	GB	NSPD	2017-10-23	2017-10-23				BBPLC	G5GSEF7VJP5I7OUK5573	LONDON	WWW.BARCLAYS.COM	
BPOL	OPERATING	ACTIVE	BPOL	BLOOMBERG BPOOL	US	NSPD	2012-12-24	2022-11-28					549300B56MD0ZC402L06	NEW YORK	WWW.BLOOMBERG.COM	ELECTRONIC TRADING PLATFORM
BPSX	OPERATING	ACTIVE	BPSX	BNP PARIBAS SECURITIES SERVICES	FR	SINT	2017-11-27	2018-02-26				BP2S	549300WCGB70D06XZS54	PARIS	WWW.SECURITIES.BNPPARIBAS.COM	SYSTEMATIC INTERNALISER. EXECUTING VENUE FOR OTC DERIVATIVES FX.
BPTE	OPERATING	ACTIVE	BPTE	BITSTAMP ASIA PTE. LTD.	SG	CASP	2025-05-26	2025-05-26	2025-05-26		BITSTAMP ASIA PTE. LTD.		254900WGUH9DYLW4QP03	SINGAPORE	WWW.BITSTAMP.NET	
BPXD	SEGMENT	ACTIVE	BPXX	BPX MARKETS LIMITED - DEBT INSTRUMENTS	GB	MLTF	2025-06-23	2025-06-23	2025-06-23		BPX MARKETS LIMITED		213800L99BSZNOT1FV03	LONDON	HTTPS://BPX.EXCHANGE/	
BPXR	SEGMENT	ACTIVE	BPXX	BPX MARKETS LIMITED - REPO	GB	MLTF	2025-11-24	2025-11-24	2025-11-24		BPX MARKETS LIMITED		213800L99BSZNOT1FV03	LONDON	HTTPS://BPX.EXCHANGE/	
BPXX	OPERATING	ACTIVE	BPXX	BPX MARKETS LIMITED	GB	MLTF	2024-10-28	2024-10-28	2024-10-28		BPX MARKETS LIMITED		213800L99BSZNOT1FV03	LONDON	HTTPS://BPX.EXCHANGE/	
BRAE	SEGMENT	ACTIVE	ATLB	BRAEMAR SECURITIES LTD - OTF	GB	OTFS	2025-01-27	2025-01-27	2025-01-27		BRAEMAR SECURITIES LTD		549300MKGUYMMT8WIJ94	LONDON	WWW.BRAEMARSECURITIESLIMITED.COM	
BRDE	OPERATING	ACTIVE	BRDE	BRD - GROUPE SOCIETE GENERALE S.A.	RO	NSPD	2018-09-24	2018-09-24					5493008QRHH0XCLJ4238	BUCHAREST	WWW.BRD.RO	OPERATING MIC COVERING OTC MARKETS FOR BRD - GROUPE SOCIETE GENERALE S.A.
BRDL	SEGMENT	ACTIVE	BRDE	BRD - GROUPE SOCIETE GENERALE S.A. - LIQUIDITY PROVIDER	RO	NSPD	2018-09-24	2018-09-24					5493008QRHH0XCLJ4238	BUCHAREST	WWW.BRD.RO	LIQUIDITY PROVIDER.
BRDS	SEGMENT	ACTIVE	BRDE	BRD - GROUPE SOCIETE GENERALE S.A. - SYSTEMATIC INTERNALISER	RO	SINT	2018-11-26	2018-11-26					5493008QRHH0XCLJ4238	BUCHAREST	WWW.BRD.RO	SYSTEMATIC INTERNALISER.
BREA	OPERATING	ACTIVE	BREA	BANCA REALE	IT	SINT	2018-10-22	2019-01-28					815600D852A98169B612	TORINO	WWW.BANCAREALE.IT	SYSTEMATIC INTERNALISER.
BRED	OPERATING	ACTIVE	BRED	BRED BANQUE POPULAIRE	FR	SINT	2021-04-26	2021-04-26	2021-04-26		BRED BANQUE POPULAIRE		NICH5Q04ADUV9SN3Q390	PARIS	WWW.BRED.FR	SYSTEMATIC INTERNALISER.
BRFQ	SEGMENT	ACTIVE	XIEL	BLOCKMATCH UK SELECT	GB	MLTF	2017-11-27	2025-04-28	2025-04-28		INSTINET EUROPE LIMITED		213800MXAKR2LA1VBM44	LONDON	WWW.BLOCKMATCH.COM	REQUEST FOR QUOTE SYSTEM.
BRGA	OPERATING	ACTIVE	BRGA	BRYAN GARNIER AND CO LIMITED	GB	NSPD	2018-11-26	2018-11-26					213800QFPP8QFI9PUP95	LONDON	WWW.BRYANGARNIER.COM	EQUITIES AND BONDS, EQUITY DERIVATIVES.
BRIX	OPERATING	ACTIVE	BRIX	BRAZILIAN ENERGY EXCHANGE	BR	NSPD	2011-05-23	2011-05-23						SAO PAULO		ELECTRONIC TRADING PLATFORM FOR OTC DERIVATIVES
BRMF	SEGMENT	ACTIVE	XBRM	ROMANIAN  COMMODITIES EXCHANGE - BRM-SMT	RO	MLTF	2022-10-24	2022-10-24	2022-10-24		ROMANIAN  COMMODITIES EXCHANGE S.A.	BRM	2594004XQ58NIEX1Y444	BUCHAREST	WWW.BRM.RO	
BRNX	OPERATING	ACTIVE	BRNX	BERNSTEIN CROSS (BERN-X)	GB	NSPD	2014-05-26	2025-10-27			ALLIANCEBERNSTEIN LIMITED	BERN-X	5493001CTO4P9AR4U589	LONDON	WWW.ALLIANCEBERNSTEIN.COM	INTERNAL CROSSING FOR BERNSTEIN.
BSAB	OPERATING	ACTIVE	BSAB	BANCO DE SABADELL, S.A.	ES	SINT	2020-10-26	2020-10-26			BANCO DE SABADELL, S.A.	BSAB	SI5RG2M0WQQLZCXKRM20	SABADELL	WWW.BANCSABADELL.COM	SYSTEMATIC INTERNALISER.
BSEE	OPERATING	UPDATED	BSEE	BRAEMAR SECURITIES ESPANA - OTF	ES	OTFS	2026-03-23	2026-09-28	2026-09-28		BRAEMAR SECURITIES ESPANA A.V., S.A.		213800D63BFTZF9H5H13	MADRID	HTTPS://MADRIDSA.ES/	
BSEX	OPERATING	ACTIVE	BSEX	BAKU STOCK EXCHANGE	AZ	NSPD	2007-09-24	2007-09-24						BAKU	WWW.BSE.AZ	
BSFX	SEGMENT	ACTIVE	BLBB	BAYERNLB - FX HANDEL	DE	SINT	2018-06-25	2018-06-25					VDYMYTQGZZ6DU0912C88	MUNICH	WWW.BAYERNLB.DE	SYSTEMATIC INTERNALISER.
BSGX	SEGMENT	ACTIVE	INCR	INTELLIGENTCROSS - BSGX	US	OTHR	2025-07-28	2025-07-28	2025-07-28		INTELLIGENT CROSS LLC		254900TX2BTPJWW4A154	STAMFORD	WWW.INTELLIGENTCROSS.COM	
BSLB	OPERATING	ACTIVE	BSLB	BANCO SANTANDER, LONDON BRANCH	GB	SINT	2019-11-25	2019-11-25			BANCO SANTANDER S.A.		5493006QMFDDMYWIAM13	LONDON	WWW.SANTANDER.COM	SYSTEMATIC INTERNALISER.
BSME	SEGMENT	ACTIVE	XBOM	BSE SME	IN	MLTF	2011-12-26	2025-10-27			BSE LIMITED	BSE SME	335800UOTLCPTZQVDA19	MUMBAI	WWW.BSEINDIA.COM	BSE SME PLATFORM.
BSPL	OPERATING	ACTIVE	BSPL	BNP PARIBAS SECURITIES SERVICES LONDON BRANCH	GB	SINT	2020-10-26	2020-10-26			BNP PARIBAS SECURITIES SERVICES	BP2S LB SI	549300WCGB70D06XZS54	LONDON	WWW.SECURITIES.BNPPARIBAS.COM	SYSTEMATIC INTERNALISER - FOR UK MIFID II.
BSTX	OPERATING	ACTIVE	BSTX	BOSTON SECURITY TOKEN EXCHANGE LLC	US	NSPD	2020-10-26	2020-10-26			BOSTON SECURITY TOKEN EXCHANGE LLC		2549006WP283X33X4H65	BOSTON	WWW.BSTX.COM	
BTAM	OPERATING	ACTIVE	BTAM	BROKERTEC EU REGULATED MARKET	NL	RMKT	2018-10-22	2026-08-24	2026-08-24		CME AMSTERDAM B.V.		2138004TYNQCB7MLTG76	AMSTERDAM	WWW.CMEGROUP.COM	
BTBS	OPERATING	ACTIVE	BTBS	BLOOMBERG TRADEBOOK SINGAPORE PTE LTD	SG	RMOS	2020-05-25	2024-01-22	2024-01-22		BLOOMBERG TRADEBOOK SINGAPORE PTE LTD		254900HSS82AHMTPAD95	SINGAPORE	WWW.BLOOMBERG.COM/PROFESSIONAL/SOLUTION/TRADEBOOK	
BTEA	SEGMENT	ACTIVE	BTEC	BROKERTEC AMERICAS LLC - CHICAGO	US	MLTF	2025-04-28	2025-04-28	2025-04-28		BROKERTEC AMERICAS LLC	BTEC CHICAGO	213800U91OWU6L9YIT33	NEW YORK	WWW.CMEGROUP.COM	
BTEC	OPERATING	ACTIVE	BTEC	BROKERTEC AMERICAS LLC	US	OTHR	2007-06-25	2025-06-23	2025-06-23		BROKERTEC AMERICAS LLC		213800U91OWU6L9YIT33	NEW YORK	WWW.CMEGROUP.COM	
BTEE	OPERATING	ACTIVE	BTEE	BROKERTEC EU MTF	GB	MLTF	2008-10-27	2026-08-24	2026-08-24		BROKERTEC EUROPE LIMITED	BEM	2138002GI1GKI3V4UG48	LONDON	WWW.CMEGROUP.COM	
BTEQ	SEGMENT	ACTIVE	BTEC	BROKERTEC AMERICAS LLC - RFQ PLATFORM	US	NSPD	2020-06-22	2020-06-22				US QUOTE	213800U91OWU6L9YIT33	NEW YORK	WWW.CMEGROUP.COM	
BTFE	OPERATING	ACTIVE	BTFE	BLOOMBERG TRADING FACILITY B.V.	NL	MLTF	2018-06-25	2023-09-25	2023-09-25		BLOOMBERG TRADING FACILITY B.V.		254900QBKK4WBSO3GE51	AMSTERDAM	WWW.BLOOMBERGTFE.COM	
BTLX	OPERATING	ACTIVE	BTLX	BTL OTC BILAT COMMODITY DERIVATIVES	GB	NSPD	2019-02-25	2019-02-25				BTL	549300MOF13GKBNRVV53	LONDON	WWW.BP.COM/EN/GLOBAL/TRADING/	OTC COMMODITY DERIVATIVES DONE BILATERALLY WITH CLIENTS OF THE FIRM. NO ELECTRONIC PLATFORM.
BTNL	OPERATING	ACTIVE	BTNL	BITNOMIAL	US	NSPD	2017-11-27	2017-11-27					2549002MSOOOIAHT2W65	CHICAGO	WWW.BITNOMIAL.COM	ELECTRONIC TRADING PLATFORM, DESIGNATED CONTRACT MARKET (DCM).
BTQE	SEGMENT	ACTIVE	BTAM	BROKERTEC EU REGULATED MARKET - RFQ TRADING PROTOCOL	NL	RMKT	2019-05-27	2026-08-24	2026-08-24		CME AMSTERDAM B.V.		2138004TYNQCB7MLTG76	AMSTERDAM	WWW.CMEGROUP.COM	
BTQG	SEGMENT	EXPIRED	BTEE	BROKERTEC EUROPE LIMITED - RFQ TRADING PROTOCOL	GB	NSPD	2019-05-27	2026-08-24	2026-08-24	2026-08-24		BEM	2138002GI1GKI3V4UG48	LONDON	WWW.BROKERTEC.COM/	
BTRE	SEGMENT	ACTIVE	BTAM	BROKERTEC EU REGULATED MARKET - TRADE REGISTRATION	NL	RMKT	2026-08-24	2026-08-24	2026-08-24		CME AMSTERDAM B.V.		2138004TYNQCB7MLTG76	AMSTERDAM	WWW.CMEGROUP.COM	
BTRG	SEGMENT	ACTIVE	BTEE	BROKERTEC EU MTF - TRADE REGISTRATION	GB	MLTF	2026-08-24	2026-08-24	2026-08-24		BROKERTEC EUROPE LIMITED		2138002GI1GKI3V4UG48	LONDON	WWW.CMEGROUP.COM	
BTRL	OPERATING	ACTIVE	BTRL	BANCA TRANSILVANIA S.A.	RO	SINT	2020-12-28	2023-08-28			BANCA TRANSILVANIA S.A.		549300RG3H390KEL8896	CLUJ NAPOCA	WWW.BANCATRANSILVANIA.RO	
BTSP	OPERATING	ACTIVE	BTSP	BITSTAMP LTD	GB	CASP	2025-04-28	2025-04-28	2025-04-28		BITSTAMP LIMITED		48510000WZATNQVLS592	LONDON	WWW.BITSTAMP.NET	
BTUN	SEGMENT	ACTIVE	XTUN	TUNIS STOCK EXCHANGE (BOURSE DE TUNIS) - BONDS MARKET	TN	RMKT	2022-06-27	2022-06-27			BOURSE DES VALEURS MOBILIÈRES DE TUNIS	BVMT	4117W6IV0WI0EKWA2P81	TUNIS	WWW.BVMT.COM.TN	
BUGI	OPERATING	ACTIVE	BUGI	BULLISH	GI	CASP	2026-08-24	2026-08-24	2026-08-24		BULLISH (GI) LIMITED	BGI	254900NYNV3R8ASG1O69	GIBRALTAR	WWW.BULLISH.COM	
BUGM	OPERATING	ACTIVE	BUGM	BULLISH MARKETS	GI	CASP	2026-09-28	2026-09-28	2026-09-28		BULLISH (GI) MARKETS LIMITED	BGIM	254900V46NW0HW48Y588	GIBRALTAR	WWW.BULLISH.COM	
BUKL	OPERATING	ACTIVE	BUKL	BITSTAMP UK LTD	GB	CASP	2025-05-26	2025-05-26	2025-05-26		BITSTAMP UK LTD		254900PXQ8JTMEK8BL20	LONDON	WWW.BITSTAMP.NET	
BULK	SEGMENT	EXPIRED	NORX	NASDAQ COMMODITIES - BULK COMMODITY	NO	NSPD	2017-04-24	2017-04-24	2017-04-24	2017-10-23	NASDAQ OSLO ASA		5493003IZZWOHHJY1L88	OSLO	WWW.NASDAQOMX.COM/COMMODITIES/	
BURG	SEGMENT	EXPIRED	XOSL	BURGUNDY NORDIC MTF	NO	NSPD	2009-04-27	2016-01-25		2016-01-25				OSLO	WWW.OSLOBORS.NO	MULTILATERAL TRADING PLATFORM, NORDIC SECURITIES
BURM	SEGMENT	EXPIRED	XOSL	BURGUNDY REGULATED MARKET	NO	NSPD	2010-07-26	2016-01-25		2016-01-25				OSLO	WWW.OSLOBORS.NO	REGULATED MARKET FOR WARRANTS, CERTIFICATES, STRUCTURED PRODUCTS AND ETFS.
BUSA	OPERATING	ACTIVE	BUSA	BITSTAMP USA, INC.	US	CASP	2025-05-26	2025-05-26	2025-05-26		BITSTAMP USA, INC.		254900W0M9N8V5NEXT67	NEW YORK	WWW.BITSTAMP.NET	
BUYN	SEGMENT	ACTIVE	XLCH	LCH LTD - BUY IN	GB	NSPD	2019-12-23	2019-12-23					F226TOH6YD6XJB17KS62	LONDON	WWW.LCH.COM	
BVCA	OPERATING	ACTIVE	BVCA	CARACAS STOCK EXCHANGE	VE	NSPD	2014-04-28	2014-04-28				BVCC		CARACAS	WWW.BOLSADECARACAS.COM	MARKET FOR EQUITIES AND BONDS
BVMF	OPERATING	ACTIVE	BVMF	B3 S.A. - BRASIL BOLSA BALCAO	BR	NSPD	2010-04-26	2022-03-28			B3 S.A. - BRASIL BOLSA BALCAO	B3	4GTK5S46E6H318LMDS44	SAO PAULO	WWW.B3.COM.BR	EQUITIES, SECURITIES, FINANCIAL ASSETS, INDICES, INTEREST RATES, AGRICULTURAL COMMODITIES, AND FOREIGN EXCHANGE FUTURES AND SPOT CONTRACTS.
BVUK	SEGMENT	ACTIVE	XMTS	BONDVISION UK	GB	NSPD	2014-07-28	2014-07-28						LONDON	WWW.MTSMARKETS.COM	ELECTRONIC TRADING PLATFORM FOR GOVIES AND NON GOVIES
BVUR	OPERATING	ACTIVE	BVUR	BOLSA ELECTRONICA DE VALORES DEL URUGUAY	UY	NSPD	2009-12-28	2009-12-28						MONTEVIDEO	HTTPS://WEB.BEVSA.COM.UY/BEVSAINTRANET2008/INICIO/DEFAULT.ASPX	REGISTERED ELECTRONIC STOCK EXCHANGE.
BVUS	SEGMENT	EXPIRED	MTUS	BONDVISION US	US	NSPD	2014-07-28	2023-05-22		2023-05-22	BONDS.COM, INC.		213800QOW94YDEADDF52	NEW YORK	WWW.MTSMARKETS.COM	ELECTRONIC TRADING PLATFORM FOR GOVIES AND NON GOVIES
BXDA	OPERATING	ACTIVE	BXDA	BX DIGITAL	CH	OTHR	2023-09-25	2023-09-25	2023-09-25		BX DIGITAL AG		529900USK6LOSYRAX830	ZURICH	WWW.BXDIGITAL.CH	
BYXD	SEGMENT	ACTIVE	XCBO	CBOE BYX U.S. EQUITIES EXCHANGE DARK	US	NSPD	2015-02-23	2018-06-25				BYXDARK	529900RLNSGA90UPEH54	CHICAGO	HTTP://MARKETS.CBOE.COM/	CBOE BYX U.S. EQUITIES EXCHANGE NON-DISPLAYED.
BZXD	SEGMENT	ACTIVE	XCBO	CBOE BZX U.S. EQUITIES EXCHANGE DARK	US	NSPD	2015-02-23	2018-06-25				BZXDARK	529900RLNSGA90UPEH54	CHICAGO	HTTP://MARKETS.CBOE.COM/	CBOE BZX U.S. EQUITIES EXCHANGE NON-DISPLAYED.
C2OX	SEGMENT	ACTIVE	XCBO	CBOE C2 OPTIONS EXCHANGE	US	NSPD	2009-05-25	2020-09-28				C2OX	529900RLNSGA90UPEH54	CHICAGO	HTTP://MARKETS.CBOE.COM/	C2 OPTIONS EXCHANGE.
CABK	OPERATING	ACTIVE	CABK	CAIXABANK	ES	SINT	2018-09-24	2018-09-24				CABK	7CUNS533WID6K7DGFI87	BARCELONA	WWW.CAIXABANK.COM	SYSTEMATIC INTERNALISER.
CABV	OPERATING	ACTIVE	CABV	CME AMSTERDAM B.V. - APA	NL	APPA	2019-01-28	2019-01-28			CME AMSTERDAM B.V.		2138004TYNQCB7MLTG76	AMSTERDAM	WWW.NEX.COM	APPROVED PUBLICATION ARRANGEMENT.
CAES	SEGMENT	ACTIVE	CRED	CREDIT SUISSE AES CROSSFINDER	US	ATSS	2009-09-28	2009-09-28						NEW YORK	WWW.CREDIT-SUISSE.COM	REGISTERED ATS
CALH	OPERATING	ACTIVE	CALH	CLSA AMERICAS - LIQUIDITY HUB	US	NSPD	2019-12-23	2019-12-23					213800M2DXATWY7JMS07	NEW YORK	WWW.CLSA.COM	ADR LIQUIDITY HUB.
CAND	OPERATING	ACTIVE	CAND	CANDEAL.CA INC	CA	ATSS	2016-12-26	2024-11-25			CANDEAL GROUP INC.	CANDEAL	549300QSD4O4FEHPDA44	TORONTO	WWW.CANDEAL.COM	ELECTRONIC TRADING PLATFORM FOR FIXED INCOME SECURITIES AND DERIVATIVES.
CANX	OPERATING	ACTIVE	CANX	CANNEX FINANCIAL EXCHANGE LTS	CA	OTHR	2005-06-27	2025-10-27			CANNEX FINANCIAL EXCHANGES LIMITED	CANNEX		TORONTO	WWW.CANNEX.COM	
CAPA	SEGMENT	ACTIVE	CCXE	CBOE EUROPE - APA (NL)	NL	APPA	2018-09-24	2022-09-26	2022-09-26		CBOE EUROPE B.V.	CBOE EU OFF EXCHANGE	2549007JY1TP7I1IMY80	AMSTERDAM	WWW.CBOE.COM/EUROPE/EQUITIES/	APPROVED PUBLICATION ARRANGEMENT. OFF EXCHANGE IDENTIFIER FOR OTC TRADES REPORTED TO CBOE EU.
CAPI	OPERATING	ACTIVE	CAPI	CAPI - OTF	ES	OTFS	2017-11-27	2017-11-27				CAPI	213800MDEXILA5OUWS43	MADRID	WWW.CAPI.ES	REGISTERED ORGANISED TRADING FACILITY FOR BONDS AND DERIVATIVES (INTEREST RATES AND FX).
CAPL	OPERATING	ACTIVE	CAPL	CREDIT AGRICOLE BANK POLSKA S.A.	PL	SINT	2020-09-28	2020-09-28					259400HDEOLMZRULAI41	WROCLAW	WWW.CREDIT-AGRICOLE.PL	SYSTEMATIC INTERNALISER. CREDIT AGRICOLE BANK POLSKA S.A. IS GOING TO GET THE STATUS OF SI BY 15 SEPTEMBER 2020.
CAPT	OPERATING	ACTIVE	CAPT	CAPITOLIS OTF	GB	OTFS	2026-03-23	2026-05-25	2026-05-25		CAPITOLIS UK LIMITED		254900ZJMT6C9Q34KF84	LONDON	HTTPS://CAPITOLIS.COM	
CASI	OPERATING	ACTIVE	CASI	CARNEGIE INVESTMENT BANK AB	SE	SINT	2017-11-27	2017-11-27					529900BR5NZNQZEVQ417	STOCKHOLM	WWW.CARNEGIE.SE	SYSTEMATIC INTERNALISER.
CAST	OPERATING	ACTIVE	CAST	FORECASTEX, LLC	US	DCMS	2023-01-23	2023-01-23	2023-01-23		FORECASTEX, LLC		2549001HQ7OKKPL03I86	CHICAGO	WWW.4CASTEX.COM	
CATS	OPERATING	ACTIVE	CATS	CATS	DE	NSPD	2010-11-22	2015-02-23				CATS	529900TW3YXY9C6T1G09	FRANKFURT	WWW.BS-CATS.COM	ELECTRONIC TRADING PLATFORM FOR STRUCTURED PRODUCTS. THE OWNER OF CATS HAS CHANGED FROM CITIGROUP TO BOERSE STUTTGART.
CAVD	OPERATING	ACTIVE	CAVD	CAVENDISH MARKETS B.V.	NL	NSPD	2019-02-25	2019-02-25					724500F90910RKNAJA14	AMSTERDAM	WWW.CAVENDISHMARKETS.COM	
CAVE	SEGMENT	ACTIVE	OTCM	CAVEAT EMPTOR	US	NSPD	2012-08-27	2012-08-27					549300DZ6U3C3ZS9RW48	NEW YORK	WWW.OTCMARKETS.COM	CORPORATE ACTIONS — CAVEAT EMPTOR.
CAZE	OPERATING	EXPIRED	CAZE	THE CAZENOVE MTF	GB	NSPD	2007-11-26	2017-01-23		2017-01-23	J.P. MORGAN CAZENOVE LIMITED		VU0BHW8GU0LCDVDEVZ11	LONDON	WWW.JPMORGANCAZENOVE.COM	
CBAE	OPERATING	ACTIVE	CBAE	COMMONWEALTH BANK OF AUSTRALIA (EUROPE) N.V.	NL	NSPD	2022-09-26	2022-09-26	2022-09-26		COMMONWEALTH BANK OF AUSTRALIA (EUROPE) N.V.		724500AAT1DK36059L16	AMSTERDAM	WWW.COMMBANK.COM.AU	
CBAL	OPERATING	ACTIVE	CBAL	COMMONWEALTH BANK OF AUSTRALIA - LONDON BRANCH	GB	SINT	2018-08-27	2018-08-27					MSFSBD3QN1GSN7Q6C537	LONDON	WWW.COMMBANK.COM.AU/ABOUT-US/OUR-COMPANY/INTERNATIONAL-BRANCHES/EUROPE.HTML	SYSTEMATIC INTERNALISER FOR BONDS.
CBKA	OPERATING	ACTIVE	CBKA	COMMERZBANK AG	DE	NSPD	2017-10-23	2017-10-23					851WYGNLUQLFZBSYGB56	FRANKFURT	WWW.COMMERZBANK.COM	
CBKC	SEGMENT	ACTIVE	CBKA	COMMERZBANK  COMMODITY DERIVATIVES	DE	SINT	2018-12-24	2018-12-24					851WYGNLUQLFZBSYGB56	FRANKFURT	WWW.COMMERZBANK.COM	SYSTEMATIC INTERNALISER. THIS MIC WILL BE USED FOR TRANSACTIONS IN COMMODITY DERIVATIVES EXECUTED AS SI UNDER MIFID 2 REGIME.
CBKD	SEGMENT	ACTIVE	CBKA	COMMERZBANK EQUITY DERIVATIVES	DE	SINT	2017-10-23	2017-10-23					851WYGNLUQLFZBSYGB56	FRANKFURT	WWW.COMMERZBANK.COM	SYSTEMATIC INTERNALISER.
CBKE	SEGMENT	ACTIVE	CBKA	COMMERZBANK EQUITY	DE	SINT	2017-10-23	2017-10-23					851WYGNLUQLFZBSYGB56	FRANKFURT	WWW.COMMERZBANK.COM	SYSTEMATIC INTERNALISER.
CBKF	SEGMENT	ACTIVE	CBKA	COMMERZBANK COMMANDER	DE	SINT	2017-10-23	2017-12-25					851WYGNLUQLFZBSYGB56	FRANKFURT	WWW.COMMERZBANK.COM	SYSTEMATIC INTERNALISER - TRANSACTIONS EXECUTED ON THE COMMANDER PLATFORM OF COMMERZBANK.
CBKG	SEGMENT	ACTIVE	CBKA	COMMERZBANK FIXED INCOME	DE	SINT	2017-10-23	2017-10-23					851WYGNLUQLFZBSYGB56	FRANKFURT	WWW.COMMERZBANK.COM	SYSTEMATIC INTERNALISER.
CBKS	SEGMENT	ACTIVE	CBKA	COMMERZBANK INTEREST RATE SWAPS	DE	SINT	2020-11-23	2020-11-23			COMMERZBANK		851WYGNLUQLFZBSYGB56	FRANKFURT	WWW.COMMERZBANK.COM	SYSTEMATIC INTERNALISER.
CBLC	SEGMENT	EXPIRED	CGMI	CITIBLOC	US	ATSS	2016-01-25	2022-04-25		2022-04-25		CBLC	MBNUM2BPBDO7JBLYG310	NEW YORK	WWW.CITIBANK.COM/MSS/PRODUCTS/EQUITIES/E_TRADING/LIQUIDITY.HTML	CITIBLOC IS AN ATS UNDER THE OPERATING MIC CGMI
CBLP	OPERATING	ACTIVE	CBLP	CREDITEX BROKERAGE LLP	GB	OTHR	2025-04-28	2025-04-28	2025-04-28		CREDITEX BROKERAGE LLP		ONQ59JN8QUELL00VMM35	LONDON	WWW.ICE.COM/SERVICE/CREDITEX	
CBMS	OPERATING	ACTIVE	CBMS	CBM SARB	ZA	ATSS	2024-01-22	2024-02-26	2024-02-26		CENTRAL BANK OF MUCHBE (SARB)		213800AB3875YAOXX245	POLOKWANE	HTTPS://WWW.MCBSRESBANK.COM	
CBNL	OPERATING	ACTIVE	CBNL	CITIBANK N.A. LONDON	GB	SINT	2017-12-25	2019-04-22					E57ODZWZ7FF32TWEFA76	LONDON	WWW.CITIGROUP.COM/CITI	SYSTEMATIC INTERNALISER.
CBOE	OPERATING	ACTIVE	CBOE	CBOE FX NDFS	CH	NSPD	2020-01-27	2020-01-27					549300W50LFJXVTMT774	ZURICH	HTTPS://FX.CBOE.COM/	
CBSK	OPERATING	ACTIVE	CBSK	CESKOSLOVENSKA OBCHODNA BANKA, A.S.	SK	SINT	2019-05-27	2019-05-27				CSOB SK	52990096Q5LMCH1WU462	BRATISLAVA	WWW.CSOB.SK	SYSTEMATIC INTERNALISER.
CBSX	SEGMENT	ACTIVE	XCBO	CBOE STOCK EXCHANGE	US	NSPD	2008-07-28	2025-04-28	2025-04-28		CBOE GLOBAL MARKETS, INC.	CBSX	529900RLNSGA90UPEH54	CHICAGO	WWW.CBOE.COM	FOR EQUITIES.
CBTS	SEGMENT	ACTIVE	XCME	CME SWAPS MARKETS (CBOT)	US	NSPD	2013-10-28	2013-10-28						CHICAGO	WWW.CMEGROUP.COM	REGISTERED MARKET FOR SWAP EXECUTION IN THE US
CCDA	OPERATING	ACTIVE	CCDA	CICADA ATS	US	ATSS	2026-02-23	2026-02-23	2026-02-23		CICADA SECURITIES LLC	CCDA	984500FD5EBCC8F9JC70	GREENWICH	WWW.CICADA.IO/	
CCEU	OPERATING	ACTIVE	CCEU	CITADEL CONNECT EUROPE - UK	GB	SINT	2017-11-27	2026-08-24	2026-08-24		CITADEL SECURITIES (EUROPE) LIMITED		549300WTVI4KO4GEJN54	LONDON	WWW.CITADELSECURITIES.COM	SYSTEMATIC INTERNALISER.
CCEX	OPERATING	ACTIVE	CCEX	CASPY COMMODITY EXCHANGE	KZ	NSPD	2019-02-25	2019-02-25						ASTANA	WWW.COMEX.KZ	
CCFE	OPERATING	EXPIRED	CCFE	CHICAGO CLIMATE FUTURES EXCHANGE	US	NSPD	2007-06-25	2013-12-23		2013-12-23				CHICAGO	WWW.CCFE.COM	MARKET IS CLOSED.
CCFX	OPERATING	ACTIVE	CCFX	CHINA FINANCIAL FUTURES EXCHANGE	CN	NSPD	2007-09-24	2007-09-24					30030072NOVE6XE20095	SHANGHAI	WWW.CFFEX.COM.CN	
CCLX	OPERATING	ACTIVE	CCLX	FINESTI S.A.	LU	NSPD	2009-04-27	2009-04-27				CCLUX		LUXEMBOURG	WWW.CCLUX.LU	CENTRALE DE COMMUNICATIONS LUXEMBOURG S.A. (CCLUX) CHANGED ITS NAME TO FINESTI S.A.
CCML	OPERATING	ACTIVE	CCML	CONTINENTAL CAPITAL MARKETS LIMITED - OTF	GB	NSPD	2017-07-24	2017-07-24				CONTICAP OTF	213800M3I5GUTKCDBU47	LONDON	WWW.CONTICAP.COM	ORGANISED TRADING FACILITY.
CCMS	OPERATING	ACTIVE	CCMS	CONTINENTAL CAPITAL MARKETS S.A.	CH	NSPD	2018-03-26	2018-03-26			CONTINENTAL CAPITAL MARKETS S.A.		213800PTHR54LY1D6P84	NYON	WWW.CONTICAP.COM	
CCMX	OPERATING	ACTIVE	CCMX	CARTAX	US	NSPD	2020-09-28	2020-09-28			CARTA CAPITAL MARKETS, LLC		254900I65B0WPGRT5P75	NEW YORK	HTTPS://CARTA.COM/X	
CCO2	OPERATING	EXPIRED	CCO2	CANTORCO2E.COM LIMITED	GB	NSPD	2007-07-23	2025-10-27		2010-09-21				LONDON	WWW.CANTORCO2E.COM	
CCRM	OPERATING	ACTIVE	CCRM	CBOE EUROPE REGULATED MARKETS (NL)	NL	RMKT	2018-09-24	2018-09-24			CBOE EUROPE B.V.	CBOE EU RM	2549007JY1TP7I1IMY80	AMSTERDAM	HTTP://MARKETS.CBOE.COM/EUROPE/EQUITIES/ABOUT/	
CCXE	OPERATING	ACTIVE	CCXE	CBOE EUROPE EQUITIES - EUROPEAN EQUITIES (NL)	NL	MLTF	2018-09-24	2023-03-27	2023-03-27		CBOE EUROPE B.V.	CBOE EUROPE B.V.	2549007JY1TP7I1IMY80	AMSTERDAM	WWW.CBOE.COM/EUROPE/EQUITIES/	PAN-EUROPEAN RECOGNISED INVESTMENT EXCHANGE.
CDED	OPERATING	ACTIVE	CDED	CITADEL SECURITIES	US	NSPD	2011-05-23	2015-12-28					549300YY2DLUAENFBW67	NEW YORK	WWW.CITADELSECURITIES.COM	ELECTRONIC MARKET MAKER.
CDEL	OPERATING	EXPIRED	CDEL	CITADEL SECURITIES ATS	US	ATSS	2011-05-23	2015-11-23		2015-11-23	CITADEL SECURITIES LLC			NEW YORK	WWW.CITADELGROUP.COM	ATS FOR EQUITIES.
CDNA	OPERATING	ACTIVE	CDNA	NORTH AMERICAN DERIVATIVES EXCHANGE, INC.	US	DCMS	2025-02-24	2025-02-24	2025-02-24		NORTH AMERICAN DERIVATIVES EXCHANGE, INC.	NADEX	Y5T5FBTGFZFE0XDVBI35	CHICAGO	WWW.NADEX.COM	FUTURES.
CDSI	SEGMENT	ACTIVE	CSDA	CREDIT SUISSE (DEUTSCHLAND) AG	DE	SINT	2019-09-23	2019-09-23				CSD SI	529900ENT1WBE443LZ43	FRANKFURT	WWW.CREDIT-SUISSE.COM	SYSTEMATIC INTERNALISER.
CDSL	OPERATING	ACTIVE	CDSL	CLEARCORP DEALING SYSTEMS (INDIA) LTD.	IN	OTHR	2015-11-23	2026-03-23	2026-03-23		CLEARCORP DEALING SYSTEMS (INDIA) LIMITED	CLEARCORP	335800ID4A597NSPJK84	MUMBAI	WWW.CCILINDIA.COM	SYSTEMS/PLATFORM FOR REPOS, MONEY INSTRUMENTS AND FX MARKET.
CECA	OPERATING	ACTIVE	CECA	CECABANK	ES	SINT	2020-12-28	2020-12-28			CECABANK SA		549300CQ9NLEHMRCU505	MADRID	WWW.CECABANK.ES	SYSTEMATIC INTERNALISER.
CECS	SEGMENT	ACTIVE	XCME	CME SWAPS MARKETS (COMEX)	US	NSPD	2013-10-28	2013-10-28						NEW YORK	WWW.CMEGROUP.COM	REGISTERED MARKET FOR SWAP EXECUTION  OF METALS IN THE US
CEDX	SEGMENT	EXPIRED	CCRM	CBOE EUROPE DERIVATIVES	NL	RMKT	2020-11-23	2026-04-27	2026-04-27	2026-04-27	CBOE EUROPE B.V.	CBOE NL CEDX	2549007JY1TP7I1IMY80	AMSTERDAM	HTTPS://MARKETS.CBOE.COM/EUROPE/DERIVATIVES/	EUROPEAN FUTURES AND OPTIONS VENUE.
CELP	SEGMENT	ACTIVE	CSOB	ČESKOSLOVENSKÁ OBCHODNÍ BANKA, A.S. - OTHER LIQUIDITY PROVIDER (OLP)	CZ	NSPD	2019-02-25	2019-02-25				CSOB	Q5BP2UEQ48R75BOTCB92	PRAGUE	WWW.CSOB.CZ	OTHER LIQUIDITY PROVIDER SEGMENT.
CEPL	OPERATING	ACTIVE	CEPL	CITIBANK EUROPE PLC	IE	SINT	2018-02-26	2019-03-25					N1FBEDJ5J41VKZLO2475	DUBLIN	WWW.CITIGROUP.COM/CITI/	SYSTEMATIC INTERNALISER.
CEPU	OPERATING	ACTIVE	CEPU	CITIBANK EUROPE PLC - LONDON BRANCH	GB	SINT	2019-03-25	2019-03-25					N1FBEDJ5J41VKZLO2475	LONDON	WWW.CITIGROUP.COM/CITI	SYSTEMATIC INTERNALISER.
CESF	OPERATING	ACTIVE	CESF	RESURETY MARKETS	US	SEFS	2025-09-22	2025-09-22	2025-09-22		RESURETY MARKETS LLC	CESF	254900K2I5BYCHM1MU32	BOSTON	HTTPS://RESURETY.COM/	
CESI	SEGMENT	ACTIVE	CSOB	ČESKOSLOVENSKÁ OBCHODNÍ BANKA, A.S. - SYSTEMATIC INTERNALISER	CZ	SINT	2018-11-26	2018-11-26				CSOB	Q5BP2UEQ48R75BOTCB92	PRAGUE	WWW.CSOB.CZ	SYSTEMATIC INTERNALISER.
CETI	SEGMENT	ACTIVE	BVMF	CETIP S.A. - MERCADOS ORGANIZADOS	BR	NSPD	2009-09-28	2022-03-28			B3 S.A. - BRASIL BOLSA BALCAO		4GTK5S46E6H318LMDS44	RIO DE JANEIRO	WWW.B3.COM.BR	ELECTRONIC TRADING, TRADE REGISTRATION AND FINANCIAL SETTLEMENT FOR TRANSACTIONS INVOLVING FIXED INCOME SECURITIES AND OTC DERIVATIVES.
CETO	SEGMENT	EXPIRED	XWAR	BONDSPOT S.A.	PL	NSPD	2003-04-01	2011-03-28		2011-03-28			259400N28EKSTIFFCL55	WARSAW		CETO WAS ONLY FOR BONDSPOT AS JOINT-STOCK COMPANY, NOT AS MARKET.
CEUD	SEGMENT	ACTIVE	CCXE	CBOE EUROPE - DXE DARK ORDER BOOK (NL)	NL	MLTF	2018-09-24	2023-03-27	2023-03-27		CBOE EUROPE B.V.	CBOE EU DXE DARK	2549007JY1TP7I1IMY80	AMSTERDAM	WWW.CBOE.COM/EUROPE/EQUITIES/	TO BE USED FOR REPORTING DARK BOOK EXECUTIONS.
CEUE	SEGMENT	EXPIRED	CCXE	CBOE EUROPE - CXE ORDER BOOKS (NL)	NL	MLTF	2018-09-24	2018-12-24		2018-12-24		CBOE EU CXE	2549007JY1TP7I1IMY80	AMSTERDAM	HTTP://MARKETS.CBOE.COM/EUROPE/EQUITIES/ABOUT/	PAN-EUROPEAN RECOGNISED INVESTMENT EXCHANGE. CHANGE OF CODE TO CEUX.
CEUO	SEGMENT	ACTIVE	CCXE	CBOE EUROPE - DXE OFF-BOOK (NL)	NL	MLTF	2018-09-24	2022-09-26	2022-09-26		CBOE EUROPE B.V.	CBOE EU DXE OFF BOOK	2549007JY1TP7I1IMY80	AMSTERDAM	WWW.CBOE.COM/EUROPE/EQUITIES/	CBOE EUROPE (DXE) OFF-BOOK TRADE REPORTS.
CEUX	SEGMENT	ACTIVE	CCXE	CBOE EUROPE - DXE ORDER BOOKS (NL)	NL	MLTF	2018-12-24	2023-03-27	2023-03-27		CBOE EUROPE B.V.	CBOE EU DXE	2549007JY1TP7I1IMY80	AMSTERDAM	WWW.CBOE.COM/EUROPE/EQUITIES/	PAN-EUROPEAN RECOGNISED INVESTMENT EXCHANGE.
CFAU	SEGMENT	ACTIVE	CSAU	CROSSFINDER AUSTRALIA	AU	NSPD	2015-10-26	2015-10-26					549300JBVX7WY1MK3V11	SYDNEY	WWW.CREDIT-SUISSE.COM/HK/EN/INVESTMENT-BANKING/CLIENT-OFFERING/AES/CROSSFINDER.HTML	EQUITIES ALTERNATIVE LIQUIDITY POOL AUSTRALIA
CFBC	SEGMENT	ACTIVE	XCFE	CHINA FOREIGN EXCHANGE TRADE SYSTEM - SHANGHAI - HONG KONG BOND CONNECT	CN	NSPD	2018-02-26	2018-02-26				CFETSBC	3003009BLGRRBA4K8M15	SHANGHAI	WWW.CHINAMONEY.COM.CN	
CFHK	SEGMENT	ACTIVE	CSHK	CROSSFINDER HONG KONG	HK	NSPD	2015-10-26	2015-10-26					54930025BDY2HW6EF014	HONG KONG	WWW.CREDIT-SUISSE.COM/HK/EN/INVESTMENT-BANKING/CLIENT-OFFERING/AES/CROSSFINDER.HTML	EQUITIES ALTERNATIVE LIQUIDITY POOL HONG KONG
CFIC	OPERATING	ACTIVE	CFIC	CHINAFICC	GB	NSPD	2021-03-22	2021-03-22			CHINAFICC INTERNATIONAL HOLDINGS LTD		89450009PB956K9AQ693	LONDON	HTTPS://CHINAFICC.GLOBAL	
CFIF	OPERATING	ACTIVE	CFIF	CREDIT FINANCIER INVEST (CFI) LTD	CY	NSPD	2018-11-26	2018-11-26				CFI	21380064VQA91ODJ7I59	LARNACA	WWW.CFIFINANCIAL.COM.CY	
CFIL	OPERATING	ACTIVE	CFIL	CANTOR FITZGERALD IRELAND LIMITED	IE	SINT	2019-11-25	2023-08-28	2023-08-28		CANTOR FITZGERALD IRELAND LIMITED		635400N5XVNTLTWTUK34	DUBLIN	WWW.CANTORFITZGERALDIRELAND.COM	
CFIM	OPERATING	ACTIVE	CFIM	CBOE FIXED INCOME MARKETS, LLC	US	ATSS	2023-04-24	2023-04-24	2023-04-24		CBOE FIXED INCOME MARKETS, LLC	CFIM	5493000ASBNL9GPFAM72	NEW YORK	WWW.CBOE.COM/US/FIXED_INCOME/	
CFJP	SEGMENT	ACTIVE	CSJP	CROSSFINDER JAPAN	JP	NSPD	2015-10-26	2015-10-26					549300YTJBCFG3MTGW39	TOKYO	WWW.CREDIT-SUISSE.COM/HK/EN/INVESTMENT-BANKING/CLIENT-OFFERING/AES/CROSSFINDER.HTML	EQUITIES ALTERNATIVE LIQUIDITY POOL JAPAN
CFTW	OPERATING	ACTIVE	CFTW	CROSSFINDER TAIWAN	TW	NSPD	2017-07-24	2017-07-24						TAIWAN	WWW.CREDIT-SUISSE.COM/SITES/AES/EN/ASIA.HTML	EQUITIES ALTERNATIVE LIQUIDITY POOL TAIWAN.
CGCM	SEGMENT	ACTIVE	CGIT	CASSA DI COMPENSAZIONE E GARANZIA SPA - COLLATERALIZED MONEY MARKET GUARANTEE SERVICE	IT	NSPD	2013-06-24	2024-10-28	2023-04-24		CASSA DI COMPENSAZIONE E GARANZIA S.P.A.		8156006407E264D2C725	ROME	WWW.CCG.IT	COLLATERALIZED MONEY MARKET GUARANTEE SERVICE.
CGDB	SEGMENT	ACTIVE	CGIT	CASSA DI COMPENSAZIONE E GARANZIA SPA - BONDS CCP SERVICE	IT	NSPD	2013-06-24	2023-04-24	2023-04-24		CASSA DI COMPENSAZIONE E GARANZIA S.P.A.	CCGBONDS	8156006407E264D2C725	ROME	WWW.CCG.IT	CCP SERVICE FOR GOVERNMENT BONDS, CORPORATE BONDS AND REPOS.
CGEB	SEGMENT	ACTIVE	CGIT	CASSA DI COMPENSAZIONE E GARANZIA SPA - EURO BONDS CCP SERVICE	IT	NSPD	2013-06-24	2023-04-24	2023-04-24		CASSA DI COMPENSAZIONE E GARANZIA S.P.A.	CCGEUROBONDS	8156006407E264D2C725	ROME	WWW.CCG.IT	CCP SERVICE FOR EURO GOVERNMENT BONDS, EURO CORPORATE BONDS.
CGEC	SEGMENT	ACTIVE	CGMD	CITIGROUP GLOBAL MARKETS  EUROPE AG - EMEA LIQUIDITY HUB	DE	SINT	2018-09-24	2023-08-28	2023-08-28		CITIGROUP GLOBAL MARKETS  EUROPE AG		6TJCK1B7E7UTXP528Y04	FRANKFURT	WWW.CITIGROUP.DE	REGISTERED MARKET FOR EQUITIES.
CGEE	SEGMENT	EXPIRED	CGMD	CITI MATCH DE CONTRA LIQUIDITY	DE	SINT	2018-09-24	2026-04-27	2026-04-27	2026-04-27	CITIGROUP GLOBAL MARKETS EUROPE AG		6TJCK1B7E7UTXP528Y04	FRANKFURT	WWW.CITIGROUP.DE	CITI MATCH EMEA EQUITIES.
CGEP	SEGMENT	ACTIVE	CGMD	CITIPULSE EEA CONTRA LIQUIDITY	DE	SINT	2026-09-28	2026-09-28	2026-09-28		CITIGROUP GLOBAL MARKETS EUROPE AG	CGME	6TJCK1B7E7UTXP528Y04	FRANKFURT	WWW.CITIGROUP.DE	
CGET	SEGMENT	ACTIVE	CGMD	CITIGROUP GLOBAL MARKETS  EUROPE AG - EMEA TRADING	DE	SINT	2018-09-24	2023-08-28	2023-08-28		CITIGROUP GLOBAL MARKETS EUROPE AG		6TJCK1B7E7UTXP528Y04	FRANKFURT	WWW.CITIGROUP.DE	REGISTERED MARKET FOR EQUITIES.
CGGD	SEGMENT	ACTIVE	CGIT	CASSA DI COMPENSAZIONE E GARANZIA SPA - CCP AGRICULTURAL COMMODITY DERIVATIVES	IT	NSPD	2013-06-24	2023-04-24	2023-04-24		CASSA DI COMPENSAZIONE E GARANZIA S.P.A.	CCGAGRIDER	8156006407E264D2C725	ROME	WWW.CCG.IT	CCP SERVICE ON AGRICULTURAL COMMODITIES DERIVATIVES.
CGIT	OPERATING	ACTIVE	CGIT	CASSA DI COMPENSAZIONE E GARANZIA SPA	IT	NSPD	2013-06-24	2023-04-24	2023-04-24		CASSA DI COMPENSAZIONE E GARANZIA S.P.A.	CCG	8156006407E264D2C725	ROME	WWW.CCG.IT	CENTRAL COUNTERPARTY ACROSS MULTIPLE TRADING VENUES COVERING A WIDE RANGE OF ASSET CLASSES.
CGMA	OPERATING	EXPIRED	CGMA	CITI MATCH AUSTRALIA	AU	NSPD	2012-07-23	2024-04-22	2024-04-22	2024-04-22	CITIGROUP GLOBAL MARKETS AUSTRALIA PTY LIMITED		D5FWQUJWZY07LV3DO749	SYDNEY	HTTP://ICG.CITI.COM/ICG/GLOBAL_MARKETS/PRODUCT_SOLUTIONS/GLOBAL_EQUITIES/CITI_MATCH.JSP	
CGMC	SEGMENT	ACTIVE	CGML	CITIGROUP GLOBAL MARKETS  LIMITED - EMEA LIQUIDITY HUB	GB	SINT	2017-11-27	2025-05-26	2025-05-26		CITIGROUP GLOBAL MARKETS LIMITED	CGML	XKZZ2JZF41MRHTR1V493	LONDON	WWW.CITIBANK.COM/ICG/GLOBAL_MARKETS/UK_TERMS.JSP	
CGMD	OPERATING	ACTIVE	CGMD	CITIGROUP GLOBAL MARKETS EUROPE AG	DE	SINT	2017-10-23	2018-07-23					6TJCK1B7E7UTXP528Y04	FRANKFURT	WWW.CITIGROUP.DE	SYSTEMATIC INTERNALISER.
CGME	SEGMENT	EXPIRED	CGML	CITI MATCH - GB	GB	NSPD	2012-04-23	2020-01-27		2020-01-27			6SHGI4ZSSLCXXQSBB395	LONDON	WWW.CITIGROUP.COM	CITI MATCH EMEA.
CGMG	OPERATING	ACTIVE	CGMG	CITIGROUP GLOBAL MARKETS EUROPE AG - LONDON BRANCH	GB	SINT	2019-04-22	2019-04-22					5493004FUULDQTMX0W20	LONDON	WWW.CITIGROUP.COM/CITI	SYSTEMATIC INTERNALISER.
CGMH	OPERATING	ACTIVE	CGMH	CITI MATCH - HK	HK	NSPD	2012-03-26	2017-10-23						HONG KONG	WWW.CITIGROUP.COM	
CGMI	OPERATING	ACTIVE	CGMI	CITIGROUP GLOBAL MARKETS	US	NSPD	2012-03-26	2012-03-26					MBNUM2BPBDO7JBLYG310	NEW YORK	WWW.CITIGROUP.COM	
CGML	OPERATING	ACTIVE	CGML	CITIGROUP GLOBAL MARKETS LIMITED	GB	SINT	2017-10-23	2023-10-23			CITIGROUP GLOBAL MARKETS LIMITED		XKZZ2JZF41MRHTR1V493	LONDON	WWW.CITIGROUP.COM/CITI	REGISTERED MARKET FOR EQUITIES.
CGMP	SEGMENT	ACTIVE	CGML	CITIPULSE NON EEA CONTRA LIQUIDITY	GB	SINT	2026-09-28	2026-09-28	2026-09-28		CITIGROUP GLOBAL MARKETS LIMITED	CGML	XKZZ2JZF41MRHTR1V493	LONDON	WWW.CITIBANK.COM/ICG/GLOBAL_MARKETS/UK_TERMS.JSP	CITIPULSE NON-EEA EQUITIES.
CGMT	SEGMENT	ACTIVE	CGML	CITIGROUP GLOBAL MARKETS  LIMITED - EMEA TRADING	GB	SINT	2017-11-27	2025-05-26	2025-05-26		CITIGROUP GLOBAL MARKETS LIMITED	CGML	XKZZ2JZF41MRHTR1V493	LONDON	WWW.CITIBANK.COM/ICG/GLOBAL_MARKETS/UK_TERMS.JSP	
CGMU	SEGMENT	EXPIRED	CGML	CITI MATCH GB CONTRA LIQUIDITY	GB	SINT	2012-03-26	2026-04-27	2026-04-27	2026-04-27	CITIGROUP GLOBAL MARKETS LIMITED	CGML	XKZZ2JZF41MRHTR1V493	LONDON	WWW.CITIBANK.COM/ICG/GLOBAL_MARKETS/UK_TERMS.JSP	
CGMX	OPERATING	ACTIVE	CGMX	CITI MEXICO RPI (RETAIL PRICE IMPROVEMENT)	MX	NSPD	2012-04-23	2014-12-22						MEXICO	WWW.CITIGROUP.COM	
CGND	SEGMENT	ACTIVE	CGIT	CASSA DI COMPENSAZIONE E GARANZIA SPA - CCP ENERGY DERIVATIVES	IT	NSPD	2013-06-24	2023-04-24	2023-04-24		CASSA DI COMPENSAZIONE E GARANZIA S.P.A.	CCGENERGYDER	8156006407E264D2C725	ROME	WWW.CCG.IT	CCP SERVICE ON ENERGY DERIVATIVES.
CGQD	SEGMENT	ACTIVE	CGIT	CASSA DI COMPENSAZIONE E GARANZIA SPA - CCP EQUITY DERIVATIVES	IT	NSPD	2013-06-24	2023-04-24	2023-04-24		CASSA DI COMPENSAZIONE E GARANZIA S.P.A.	CCGEQUITYDER	8156006407E264D2C725	ROME	WWW.CCG.IT	CCP SERVICE ON EQUITY DERIVATIVES.
CGQT	SEGMENT	ACTIVE	CGIT	CASSA DI COMPENSAZIONE E GARANZIA SPA - EQUITY CCP SERVICE	IT	NSPD	2013-06-24	2023-04-24	2023-04-24		CASSA DI COMPENSAZIONE E GARANZIA S.P.A.	CCGEQUITY	8156006407E264D2C725	ROME	WWW.CCG.IT	CCP SERVICE FOR EQUITIES AND COMPARABLE PRODUCTS SUCH WARRANTS, CONVERTIBLE BONDS, CLOSED-END FUNDS, INVESTMENT COMPANIES, REAL ESTATE INVESTMENT COMPANIES, ETF AND ETC.
CGTR	SEGMENT	ACTIVE	CGIT	CASSA DI COMPENSAZIONE E GARANZIA SPA - TRIPARTY REPO CCP SERVICE	IT	NSPD	2013-06-24	2023-04-24	2023-04-24		CASSA DI COMPENSAZIONE E GARANZIA S.P.A.	CCGTRIPARTY	8156006407E264D2C725	ROME	WWW.CCG.IT	CCP SERVICE FOR TRIPARTY REPOS.
CGXS	OPERATING	ACTIVE	CGXS	ONECHRONOS	US	NSPD	2021-01-25	2021-01-25			ONECHRONOS MARKETS LLC		254900L815YJ972LG694	NEW YORK	WWW.ONECHRONOS.COM	
CHEV	OPERATING	ACTIVE	CHEV	CA CHEUVREUX	GB	RMKT	2012-06-25	2025-10-27						LONDON	WWW.CHEUVREUX.COM	
CHIA	OPERATING	UPDATED	CHIA	TMX AUSTRALIA EXCHANGE	AU	RMKT	2010-04-26	2026-09-28	2026-09-28		TMX GROUP LIMITED		549300N65GFVKSHGJW59	SYDNEY	WWW.TMXAUSTRALIA.COM	
CHIC	OPERATING	ACTIVE	CHIC	CHI-X CANADA ATS	CA	ATSS	2008-02-25	2022-02-28						TORONTO	WWW.CHI-XCANADA.COM	MARKET MODEL FOCUSED ON EQUAL OPPORTUNITY TRADING AND MARKET-LEVEL INNOVATION TO DRIVE GROWTH IN THE CANADIAN EQUITY MARKET
CHID	SEGMENT	ACTIVE	BCXE	CBOE EUROPE - CXE DARK ORDER BOOK	GB	MLTF	2013-01-28	2023-03-27	2023-03-27		CBOE EUROPE LIMITED	CXE DARK	254900ERRPSKE7UZH711	LONDON	WWW.MARKETS.CBOE.COM/EUROPE/EQUITIES/OVERVIEW/	TO BE USED FOR REPORTING DARK BOOK EXECUTIONS.
CHIE	OPERATING	EXPIRED	CHIE	CHI-EAST	SG	NSPD	2009-12-28	2012-06-25		2012-06-25				SINGAPORE	WWW.CHI-EAST.COM	EXCHANGE-BACKED NON DISPLAY VENUE IN ASIA, FOR SECURITIES LISTED IN AUSTRALIA, HONG KONG, JAPAN AND SINGAPORE.
CHIJ	OPERATING	ACTIVE	CHIJ	CBOE JAPAN - ALPHA	JP	RMOS	2010-02-22	2022-11-28	2022-11-28		CBOE JAPAN LIMITED			TOKYO	WWW.CBOE.CO.JP	MARKET FOR JAPANESE EQUITIES AND ETF, ELECTRONIC TRADING PLATFORM.
CHIO	SEGMENT	ACTIVE	BCXE	CBOE EUROPE - CXE OFF-BOOK	GB	MLTF	2013-04-22	2023-03-27	2023-03-27		CBOE EUROPE LIMITED	CXE OFF-BOOK	254900ERRPSKE7UZH711	LONDON	WWW.MARKETS.CBOE.COM/EUROPE/EQUITIES/OVERVIEW/	CBOE EUROPE - CXE - OFF-BOOK TRADE REPORTS.
CHIS	SEGMENT	ACTIVE	CHIJ	CBOE JAPAN  - SELECT	JP	RMOS	2015-04-27	2022-11-28	2022-11-28		CBOE JAPAN LIMITED			TOKYO	WWW.CBOE.CO.JP	REGISTERED MARKET FOR EQUITIES
CHIV	SEGMENT	ACTIVE	CHIJ	CBOE JAPAN - MATCH	JP	RMOS	2014-08-25	2022-11-28	2022-11-28		CBOE JAPAN LIMITED			TOKYO	WWW.CBOE.CO.JP	ORDER MATCHING SERVICE AT PRE-DEFINED PRICE LEVELS
CHIX	SEGMENT	ACTIVE	BCXE	CBOE EUROPE - CXE ORDER BOOKS	GB	MLTF	2007-10-22	2023-03-27	2023-03-27		CBOE EUROPE LIMITED	CBOE EUROPE	254900ERRPSKE7UZH711	LONDON	WWW.MARKETS.CBOE.COM/EUROPE/EQUITIES/OVERVIEW/	MULTILATERAL TRADING FACILITY FOR CASH EQUITIES.
CHIY	SEGMENT	EXPIRED	BCXE	BATS CHI-X EUROPE LIMITED - CHI-CLEAR	GB	NSPD	2010-07-26	2014-11-24		2014-11-24		CHI-X		LONDON	WWW.BATSTRADING.CO.UK	OFF BOOK, ON-EXCHANGE SYSTEM FOR CFDS AND EQUITIES.
CIBC	OPERATING	ACTIVE	CIBC	CANADIAN IMPERIAL BANK OF COMMERCE	GB	SINT	2018-09-24	2018-09-24				CIBC	2IGI19DL77OX0HC3ZE78	LONDON	WWW.CIBCWM.COM	SYSTEMATIC INTERNALISER.
CIBH	OPERATING	ACTIVE	CIBH	CIB BANK	HU	SINT	2018-12-24	2018-12-24					549300MSY5NIVC0BME80	BUDAPEST	WWW.CIB.HU	SYSTEMATIC INTERNALISER FOR HUNGARIAN GMT BONDS.
CIBP	OPERATING	ACTIVE	CIBP	CIBC WORLD MARKETS PLC	GB	SINT	2018-09-24	2018-09-24				CIBC WM PLC	BVRCO19C4GKNSAXXHE82	LONDON	WWW.CIBCWM.COM	SYSTEMATIC INTERNALISER.
CICX	SEGMENT	EXPIRED	CGMI	CITI CROSS	US	ATSS	2012-02-27	2019-12-23		2019-12-23		CX	6SHGI4ZSSLCXXQSBB395	NEW YORK	WWW.CITIGROUP.COM	REGISTERED ATS DARK POOL FOR EQUITIES. CITICROSS ATS CEASED OPERATIONS ON APRIL 30, 2019.
CILH	OPERATING	ACTIVE	CILH	LIQUIDITY HUB JAPAN	JP	OTHR	2022-08-22	2022-08-22	2022-08-22		CITIGROUP GLOBAL MARKETS JAPAN INC.	LH	PKVU22HMQQ0KHUAQDH05	TOKYO	WWW.CITIGROUP.JP	LIQUIDITY HUB (JAPAN).
CIMA	SEGMENT	EXPIRED	CIMD	CIMD S.V. S.A. - APPROVED PUBLICATION ARRANGEMENT	ES	APPA	2020-02-24	2025-09-22		2022-12-21	CIMD S.V. S.A.		529900MLKOEV3XDRCP63	MADRID	WWW.GRUPOCIMD.COM/CIMD-SV/	APPROVED PUBLICATION ARRANGEMENT.
CIMB	SEGMENT	ACTIVE	CIMD	CIMD S.V. S.A. - OTF FOR BONDS	ES	OTFS	2017-11-27	2017-11-27					529900MLKOEV3XDRCP63	MADRID	WWW.GRUPOCIMD.COM/CIMD-SV/	ORGANISED TRADING FACILITY FOR BONDS INSTRUMENTS.
CIMD	OPERATING	ACTIVE	CIMD	CIMD S.V. S.A. - OTF	ES	OTFS	2017-11-27	2017-11-27					529900MLKOEV3XDRCP63	MADRID	WWW.GRUPOCIMD.COM/CIMD-SV/	ORGANISED TRADING FACILITY.
CIME	SEGMENT	ACTIVE	CIMD	CIMD S.V. S.A. - OTF FOR ENERGY DERIVATIVES	ES	OTFS	2017-11-27	2017-11-27					529900MLKOEV3XDRCP63	MADRID	WWW.GRUPOCIMD.COM/CIMD-SV/	ORGANISED TRADING FACILITY FOR ENERGY DERIVATIVES INSTRUMENTS.
CIMV	SEGMENT	ACTIVE	CIMD	CIMD S.V. S.A. - OTF FOR DERIVATIVES	ES	OTFS	2017-11-27	2017-11-27					529900MLKOEV3XDRCP63	MADRID	WWW.GRUPOCIMD.COM/CIMD-SV/	ORGANISED TRADING FACILITY FOR DERIVATIVES INSTRUMENTS.
CIOI	SEGMENT	EXPIRED	CGMI	CIOI	US	ATSS	2018-04-23	2022-11-28		2018-09-30	CITIGROUP GLOBAL MARKETS INC.	CIOI	MBNUM2BPBDO7JBLYG310	NEW YORK	WWW.CITIVELOCITY.COM	
CISD	SEGMENT	ACTIVE	XNYS	NYSE NATIONAL, INC. - DARK	US	OTHR	2019-10-28	2025-04-28	2025-04-28		INTERCONTINENTAL EXCHANGE, INC.		5493000F4ZO33MV32P92	NEW YORK	WWW.NYSE.COM	DARK MIC FOR NYSE NATIONAL.
CITD	SEGMENT	ACTIVE	CITX	CITI DARK	JP	NSPD	2011-05-23	2013-03-25						TOKYO	WWW.CITIVELOCITY.COM	DARK POOL.
CITX	OPERATING	ACTIVE	CITX	CITI MATCH - JP	JP	NSPD	2009-07-27	2022-07-25	2022-07-25		CITIGROUP GLOBAL MARKETS JAPAN INC.	CM	PKVU22HMQQ0KHUAQDH05	TOKYO	WWW.CITIGROUP.JP	CITI DARKPOOL (JAPAN).
CLAU	OPERATING	ACTIVE	CLAU	CLSA AUSTRALIA - DARK	AU	NSPD	2015-07-27	2015-07-27			CLSA AUSTRALIA PTY LTD		213800B9W4D1EISCLP26	SYDNEY	WWW.CLSA.COM	DARK POOL.
CLCH	SEGMENT	ACTIVE	XLCH	LCH LTD - CROSS NETTING	GB	NSPD	2019-12-23	2019-12-23					F226TOH6YD6XJB17KS62	LONDON	WWW.LCH.COM	
CLHK	OPERATING	ACTIVE	CLHK	CLSA HONG KONG - DARK	HK	NSPD	2015-07-27	2015-07-27					213800OZSOO4CYFYIW32	HONG KONG	WWW.CLSA.COM	DARK POOL.
CLJP	OPERATING	ACTIVE	CLJP	CLSA JAPAN - DARK	JP	NSPD	2015-07-27	2015-07-27					353800X5IPPFD6V3IM19	TOKYO	WWW.CLSA.COM	DARK POOL.
CLMX	OPERATING	ACTIVE	CLMX	CLIMEX	NL	NSPD	2009-07-27	2009-07-27						UTRECHT	WWW.CLIMEX.COM	MARKET FOR TRADING AND AUCTIONING ENVIRONMENTAL COMMODITIES AND ENERGY CONTRACTS
CLPH	OPERATING	ACTIVE	CLPH	CLSA PHILIPPINES - DARK	PH	NSPD	2015-07-27	2015-07-27					2138009SZ4USUGP1IM38	MANILA	WWW.CLSA.COM	DARK POOL.
CLST	OPERATING	ACTIVE	CLST	CLEAR STREET	US	NSPD	2020-08-24	2020-08-24				CLST	549300YFSMTHTGWBJ648	NEW YORK	HTTPS://CLEARSTREET.IO/	
CLTD	OPERATING	ACTIVE	CLTD	EEX ASIA PTE. LTD.	SG	RMOS	2012-01-23	2024-05-27			EEX ASIA PTE. LTD.		549300SCP8DO74JJEH77	SINGAPORE	WWW.EEXASIA.COM	FULLY INTEGRATED FUTURES EXECUTION PLATFORM REGULATED BY THE MONETARY AUTHORITY OF SINGAPORE AS A RMO). IT ALSO  OFFERS AN ELECTRONIC TRADING PLATFORM FOR OTC CLEARED COMMODITY SWAPS WHICH IS FULLY INTEGRATED TO PARTNER CLEARING HOUSES.
CLVE	OPERATING	ACTIVE	CLVE	VERTO MTF	GB	MLTF	2019-04-22	2019-04-22					2138003PXLT3ZCM8S325	LONDON	WWW.CATLEYLAKEMAN.COM	MULTILATERAL TRADING FACILITY.
CMAP	SEGMENT	ACTIVE	CAPI	CAPI - APPROVED PUBLICATION ARRANGEMENT	ES	NSPD	2020-05-25	2020-05-25				APA CAPI OTF	2138007AXAZPHC377W86	MADRID	WWW.CAPI.ES	CM CAPITAL MARKETS BROKERAGE, SOCIEDAD DE VALORES, S.A. APPROVED PUBLICATION ARRANGEMENT (APA).
CMCI	OPERATING	ACTIVE	CMCI	CREDIT INDUSTRIEL ET COMMERCIAL	FR	SINT	2018-08-27	2018-08-27				CIC	N4JDFKKH2FTD8RKFXO39	PARIS	WWW.CIC.FR	SYSTEMATIC INTERNALISER.
CMCM	OPERATING	ACTIVE	CMCM	CMC MARKETS UK PLC	GB	SINT	2022-03-28	2022-03-28	2022-03-28		CMC MARKETS UK PLC		213800IU529ADVZ1GL50	LONDON	WWW.CMCMARKETS.COM	
CMEC	SEGMENT	EXPIRED	CMEE	CME CLEARING EUROPE	GB	NSPD	2011-12-26	2022-09-26	2022-09-26	2022-09-26	CME CLEARING EUROPE LIMITED	CME	6SI7IOVECKBHVYBTB459	LONDON	WWW.CMECLEARINGEUROPE.COM	EUROPEAN CLEARING HOUSE
CMED	SEGMENT	EXPIRED	CMEE	CME EUROPE - DERIVATIVES	GB	NSPD	2013-01-28	2017-11-27		2017-11-27		CME	213800LX2GUMWWG1LS05	LONDON	WWW.CMEEUROPE.COM	CME EUROPE TRADING PLATFORM
CMEE	OPERATING	EXPIRED	CMEE	CME  EUROPE	GB	NSPD	2013-01-28	2022-09-26	2022-09-26	2022-09-26	CME CLEARING EUROPE LIMITED	CME	6SI7IOVECKBHVYBTB459	LONDON	WWW.CMEGROUP.COM	
CMES	SEGMENT	ACTIVE	XCME	CME SWAPS MARKETS (CME)	US	NSPD	2024-09-23	2024-09-23						CHICAGO	WWW.CMEGROUP.COM	REGISTERED MARKET FOR SWAP EXECUTION IN THE US
CMET	OPERATING	ACTIVE	CMET	CLEAR MARKETS JAPAN, INC.	JP	NSPD	2014-12-22	2014-12-22				CM ETP	549300M58KHF8C3XX029	TOKYO	WWW.CLEAR-MARKETS.COM	CLEAR MARKETS JAPAN, INC. OFFERS ELECTRONIC TRADING SERVICES FOR BOTH CLEARED AND NON-CLEARED SWAPS IN JAPAN.
CMMT	OPERATING	ACTIVE	CMMT	CLEAR MARKETS EUROPE LIMITED	GB	NSPD	2014-12-22	2024-05-27	2024-05-27		CLEAR MARKETS EUROPE LIMITED	CM MTF	549300S1C03GIXLRSW61	LONDON	WWW.CLEAR-MARKETS.COM	MTF REGISTERED SWAP EXECUTION FACILITY.
CMSF	OPERATING	ACTIVE	CMSF	CLEAR MARKETS NORTH AMERICA, INC.	US	NSPD	2014-07-28	2014-07-28				CM SEF	549300DEFONS2ZLZSD17	CHARLOTTE	WWW.CLEAR-MARKETS.COM	CFTC REGISTERED SWAP EXECUTION FACILITY
CMTS	SEGMENT	EXPIRED	XMTS	EUROCREDIT MTS	GB	NSPD	2005-11-28	2013-09-23		2013-09-23				LONDON	WWW.EUROCREDITMTS.COM	MARKET IS CLOSED.
CNOD	OPERATING	ACTIVE	CNOD	SGX CURRENCYNODE	SG	RMOS	2005-06-27	2025-10-27			SGX FX MARKETS PTE. LTD.	CNODE	984500AE7138D1559A23	SINGAPORE	WWW.SGX.COM	MULTI-ASSET ECN.
CNSI	OPERATING	ACTIVE	CNSI	CARNEGIE AS	NO	SINT	2017-11-27	2017-11-27				CAR	5967007LIEEXZX57BC18	OSLO	WWW.CARNEGIE.SE/EN/NO	SYSTEMATIC INTERNALISER.
COAL	OPERATING	ACTIVE	COAL	LA COTE ALPHA	FR	NSPD	2011-09-26	2011-09-26						PARIS	WWW.COTE-ALPHA.FR	SOURCE OF PRICES FOR INVESTMENT FUNDS.
CODA	OPERATING	ACTIVE	CODA	CODA MARKETS - MICRO AND BLOCK	US	ATSS	2018-11-26	2019-05-27				CODA		GLENVIEW	WWW.CODAMARKETS.COM	ON-DEMAND AUCTION BASED ALTERNATIVE TRADING SYSTEM (DARK) OFFERING TWO AUCTION TYPES.
CODX	OPERATING	ACTIVE	CODX	CODA X ATS	US	ATSS	2026-07-27	2026-07-27	2026-07-27		CODA MARKETS, INC.	CODA	9845008CB0D99D9EF212	WILMETTE	WWW.PDQENTERPRISES.COM	
COHR	OPERATING	ACTIVE	COHR	COMHAR CAPITAL MARKETS, LLC	US	NSPD	2020-01-27	2020-01-27					54930046NSEINIAD0O74	CHICAGO		
COMG	OPERATING	ACTIVE	COMG	COMMERG LTD.	MT	NSPD	2018-03-26	2018-03-26					315700KTHVWPD78RED38	SLIEMA	WWW.COMMERG.COM	ELECTRONIC TRADING PLATFORM FOR ENERGY TRACKING CERTIFICATES.
COMM	OPERATING	ACTIVE	COMM	COMMERG	NL	NSPD	2018-03-26	2018-03-26					724500BX0J5JF3H6UJ31	AMSTERDAM	WWW.COMMERG.COM	
CONC	OPERATING	ACTIVE	CONC	CONCORDE SECURITIES LTD.	HU	SINT	2019-03-25	2019-03-25					52990074UR5JKVFY4V57	BUDAPEST	WWW.CON.HU	SYSTEMATIC INTERNALISER.
CONE	SEGMENT	EXPIRED	XCBO	CBOE OPTIONS EXCHANGE	US	NSPD	2020-08-24	2020-09-28		2020-09-28			529900RLNSGA90UPEH54	CHICAGO	HTTP://MARKETS.CBOE.COM/	CBOE OPTIONS EXCHANGE (C1).
CORE	SEGMENT	EXPIRED	CGMI	CITIGROUP AGENCY OPTION AND EQUITIES ROUTING ENGINE	US	NSPD	2015-03-23	2022-01-24	2022-01-24	2022-01-24				MOUNT PLEASANT	WWW.CITIGROUP.COM	US BROKER DEALER PROVIDING AGENCY ROUTING FOR EQUITIES AND OPTIONS.
COTC	OPERATING	ACTIVE	COTC	BMO CAPITAL MARKETS - CAD OTC TRADES	CA	NSPD	2013-09-23	2013-09-23					L64HM9LHPDOS1B9HJC68	TORONTO	WWW.BMOCM.COM	OVER THE COUNTER TRADING OF CAD EQUITY.
CPGX	OPERATING	ACTIVE	CPGX	CLEARPOOL EXECUTION SERVICES, LLC	US	NSPD	2019-03-25	2019-03-25					549300U614BWU622VY96	NEW YORK	WWW.CLEARPOOLGROUP.COM	ELECTRONIC TRADING PLATFORM.
CPRM	SEGMENT	ACTIVE	CCRM	CBOE EUROPE - REGULATED MARKET PERIODIC AUCTION (NL)	NL	RMKT	2026-05-25	2026-05-25	2026-05-25		CBOE EUROPE B.V.	CBOE EU REGM PAB	2549007JY1TP7I1IMY80	AMSTERDAM	WWW.CBOE.COM/MARKETS/EU/EQUITIES	
CPTX	OPERATING	ACTIVE	CPTX	CAPTIN	NL	MLTF	2017-10-23	2017-10-23					7245003KABYX7ZTSTW42	AMSTERDAM	WWW.CAPTIN.NL	MULTILATERAL TRADING FACILITY FOR TRADING IN UNLISTED COMPANIES AND EMPLOYEE OWNERSHIP SERVICES.
CRBX	OPERATING	ACTIVE	CRBX	CLIMATE TRUST	CH	OTHR	2025-01-27	2025-01-27	2025-01-27		CARBON TRADE AG		64884LEV4J4S5TJ72921	ZUG	WWW.CLIMATE-TRUST.COM	
CRDL	OPERATING	EXPIRED	CRDL	COREDEAL MTS	GB	NSPD	2003-04-01	2011-02-28		2011-02-28				LONDON		DELETED AT THE REQUEST OF MTS GROUP.
CRED	OPERATING	ACTIVE	CRED	CREDIT SUISSE (US)	US	NSPD	2012-08-27	2012-08-27					EXD7DEVFDH4HOFFQ7349	NEW YORK	WWW.CREDIT-SUISSE.COM	
CREM	OPERATING	ACTIVE	CREM	CREDEM BANCA	IT	SINT	2018-12-24	2018-12-24				CREDEM SI	8156004B244AA70DE787	REGGIO EMILIA	WWW.CREDEM.IT	SYSTEMATIC INTERNALISER FOR BONDS.
CRMS	SEGMENT	ACTIVE	CDSL	CLEARCORP DEALING SYSTEMS INDIA LIMITED - CROMS	IN	OTHR	2026-03-23	2026-03-23	2026-03-23		CLEARCORP DEALING SYSTEMS (INDIA) LIMITED	CROMS	335800ID4A597NSPJK84	MUMBAI	WWW.CCILINDIA.COM	ANONYMOUS ORDER MATCHING (MARKET REPO PLATFORM).
CRSX	OPERATING	ACTIVE	CRSX	CROSSX TECHNOLOGIES LTD	VG	OTHR	2025-02-24	2025-02-24	2025-02-24		CROSSX TECHNOLOGIES LTD		2549001KWFOWH0TCI036	TORTOLA	HTTPS://CROSSOVERMARKETS.COM	SPOT CRYPTO ECN
CRYD	OPERATING	ACTIVE	CRYD	CRYEX - FX AND DIGITAL CURRENCIES	SE	NSPD	2015-06-22	2015-06-22						STOCKHOLM	WWW.CRYEX.COM	
CRYP	OPERATING	ACTIVE	CRYP	CRYPTO FACILITIES	GB	CASP	2016-06-27	2024-05-27	2024-05-27		CRYPTO FACILITIES LTD	CF	549300S18I523MZORK73	LONDON	WWW.CRYPTOFACILITIES.CO.UK	DIGITAL ASSETS TRADING PLATFORM.
CRYX	OPERATING	ACTIVE	CRYX	CRYEX	SE	NSPD	2015-06-22	2015-06-22						STOCKHOLM	WWW.CRYEX.COM	
CSAG	OPERATING	ACTIVE	CSAG	CREDIT SUISSE AG	CH	NSPD	2018-05-28	2018-12-24				CSA	ANGGYXNX0JLX3X63JN86	ZURICH	WWW.CREDIT-SUISSE.COM	
CSAS	OPERATING	ACTIVE	CSAS	CESKA SPORITELNA, A.S.	CZ	SINT	2019-12-23	2019-12-23					9KOGW2C2FCIOJQ7FF485	PRAGUE	WWW.CSAS.CZ	SYSTEMATIC INTERNALISER.
CSAU	OPERATING	ACTIVE	CSAU	CREDIT SUISSE EQUITIES (AUSTRALIA) LIMITED	AU	NSPD	2015-09-28	2015-09-28			CREDIT SUISSE EQUITIES (AUSTRALIA) LIMITED		549300PFVFUWK2NI0V37	SYDNEY	WWW.CREDIT-SUISSE.COM	REGISTERED BROKER DEALER IN AUSTRALIA
CSBX	SEGMENT	ACTIVE	CSEU	CREDIT SUISSE AES EUROPE BENCHMARK CROSS	GB	NSPD	2017-04-24	2017-04-24					DL6FFRRLF74S01HE2M14	LONDON	WWW.CREDIT-SUISSE.COM	
CSCF	SEGMENT	ACTIVE	CSEU	CREDIT SUISSE AES CROSSFINDER EUROPE	GB	NSPD	2012-08-27	2012-08-27					DL6FFRRLF74S01HE2M14	LONDON	WWW.CREDIT-SUISSE.COM	
CSCL	SEGMENT	ACTIVE	CRED	CREDIT SUISSE CLOSEX	US	NSPD	2019-11-25	2019-11-25					1V8Y6QCX6YMJ2OELII46	NEW YORK	WWW.CREDIT-SUISSE.COM	
CSDA	OPERATING	ACTIVE	CSDA	CREDIT SUISSE AKTIENGESELLSCHAFT	DE	NSPD	2019-08-26	2019-08-26				CSD	529900ENT1WBE443LZ43	FRANKFURT	WWW.CREDIT-SUISSE.COM	
CSE2	SEGMENT	ACTIVE	XCNQ	CANADIAN SECURITIES EXCHANGE - CSE2	CA	RMOS	2022-02-28	2022-02-28	2022-02-28		CNSX MARKETS, INC.	CSE-PURE		TORONTO	WWW.THECSE.COM	
CSEC	OPERATING	ACTIVE	CSEC	CITADEL SECURITIES FI	GB	SINT	2017-11-27	2017-11-27					549300WTVI4KO4GEJN54	LONDON	WWW.CITADELSECURITIES.COM	SYSTEMATIC INTERNALISER.
CSEU	OPERATING	ACTIVE	CSEU	CREDIT SUISSE (EUROPE)	GB	NSPD	2012-09-24	2012-09-24					DL6FFRRLF74S01HE2M14	LONDON	WWW.CREDIT-SUISSE.COM	
CSFB	SEGMENT	EXPIRED	CSEU	CREDIT SUISSE (EUROPE)	GB	NSPD	2003-04-01	2012-09-24		2012-09-24			DL6FFRRLF74S01HE2M14	LONDON		
CSGI	OPERATING	ACTIVE	CSGI	CITADEL SECURITIES FI - EUROPE	IE	SINT	2019-01-28	2019-01-28					549300J11TNGTWCC3R56	DUBLIN	WWW.CITADELSECURITIES.COM	SYSTEMATIC INTERNALISER.
CSHK	OPERATING	ACTIVE	CSHK	CREDIT SUISSE SECURITIES (HONG KONG) LIMITED	HK	NSPD	2015-09-28	2015-09-28					549300I5DSQBF6DPYJ85	HONG KONG	WWW.CREDIT-SUISSE.COM	REGISTERED BROKER DEALER IN HONG KONG
CSIN	OPERATING	ACTIVE	CSIN	CREDIT SUISSE INTERNATIONAL	GB	NSPD	2017-08-28	2017-08-28				CSI	E58DKGMJYYYJLN8C3868	LONDON	WWW.CREDIT-SUISSE.COM	
CSJP	OPERATING	ACTIVE	CSJP	CREDIT SUISSE EQUITIES (JAPAN) LIMITED	JP	NSPD	2015-09-28	2015-09-28						TOKYO	WWW.CREDIT-SUISSE.COM	REGISTERED BROKER DEALER IN JAPAN
CSLB	OPERATING	ACTIVE	CSLB	CREDIT SUISSE AG - LONDON BRANCH	GB	SINT	2017-12-25	2017-12-25				CSAGLB SI	ANGGYXNX0JLX3X63JN86	LONDON	WWW.CREDIT-SUISSE.COM	SYSTEMATIC INTERNALISER.
CSLP	SEGMENT	EXPIRED	CRED	CREDIT SUISSE LIGHT POOL	US	NSPD	2010-05-24	2019-11-25		2019-11-25	CREDIT SUISSE SECURITIES (USA) LLC		549300506SI9CRFV9Z86	NEW YORK	WWW.CREDIT-SUISSE.COM	EQUITIES ELECTRONIC TRADING PLATFORM
CSMD	OPERATING	ACTIVE	CSMD	CREDIT SUISSE BANK (EUROPE), S.A.	ES	NSPD	2018-12-24	2022-03-28	2022-03-28		CREDIT SUISSE BANK (EUROPE), S.A.	CSEB	959800TMGPWX7NYM4R72	MADRID	WWW.CREDIT-SUISSE.COM	
CSOB	OPERATING	ACTIVE	CSOB	ČESKOSLOVENSKÁ OBCHODNÍ BANKA, A.S.	CZ	NSPD	2018-10-22	2018-10-22				CSOB	Q5BP2UEQ48R75BOTCB92	PRAGUE	WWW.CSOB.CZ	
CSOT	SEGMENT	ACTIVE	CSAG	CREDIT SUISSE AG - OHS	CH	NSPD	2018-08-27	2018-08-27				CSA OHS	ANGGYXNX0JLX3X63JN86	ZURICH	WWW.CREDIT-SUISSE.COM	BILATERAL ORGANISED TRADING SYSTEM.
CSSI	SEGMENT	ACTIVE	CSIN	CREDIT SUISSE INTERNATIONAL - SYSTEMATIC INTERNALISER	GB	SINT	2017-08-28	2017-08-28				CSI SI	E58DKGMJYYYJLN8C3868	LONDON	WWW.CREDIT-SUISSE.COM	SYSTEMATIC INTERNALISER.
CSSX	OPERATING	ACTIVE	CSSX	CHINA STAINLESS STEEL EXCHANGE	CN	NSPD	2012-02-27	2012-02-27						WUXI	WWW.EXBXG.COM	
CSTO	SEGMENT	ACTIVE	XSTO	NASDAQ CLEARING AB	SE	NSPD	2014-11-24	2015-12-28					549300NIP3MGCVNYBJ25	STOCKHOLM	WWW.NASDAQOMX.COM/EUROPEANCLEARING	CLEARING HOUSE FOR EQUITY, FIXED INCOME AND COMMODITIES DERIVATIVES
CSVW	SEGMENT	ACTIVE	CRED	CREDIT SUISSE VWAPX	US	NSPD	2019-11-25	2019-11-25					1V8Y6QCX6YMJ2OELII46	NEW YORK	WWW.CREDIT-SUISSE.COM	
CSZH	OPERATING	ACTIVE	CSZH	CREDIT SUISSE (CH)	CH	NSPD	2017-11-27	2018-02-26				CSZ	549300CWR0W0BCS9Q144	ZURICH	WWW.CREDIT-SUISSE.COM	BILATERAL ORGANISED TRADING FACILITY.
CTCC	OPERATING	ACTIVE	CTCC	CLEARTOKEN CCP LIMITED	GB	OTHR	2024-10-28	2024-10-28	2024-10-28		CLEARTOKEN CCP LIMITED		254900QS3YO22YXAEP14	MILTON KEYNES	HTTPS://CLEARTOKEN.IO/	
CTDD	OPERATING	ACTIVE	CTDD	CLEARTOKEN DEPOSITORY LTD	GB	OTHR	2024-10-28	2024-10-28	2024-10-28		CLEARTOKEN DEPOSITORY LTD		254900FURJSD1YM14868	MILTON KEYNES	HTTPS://CLEARTOKEN.IO/	
CTS3	OPERATING	ACTIVE	CTS3	CAPE TOWN STOCK EXCHANGE	ZA	RMKT	2025-05-26	2025-05-26	2025-05-26		THE CAPE TOWN STOCK EXCHANGE PROPRIETARY LIMITED	CTSE	378900E285CD4E1B6327	CAPE TOWN	WWW.CTEXCHANGE.CO.ZA	
CTSS	OPERATING	ACTIVE	CTSS	CLEARTOKEN CSD LIMITED	GB	OTHR	2024-10-28	2024-10-28	2024-10-28		CLEARTOKEN CSD LTD		25490033PBCW5C5USD28	MILTON KEYNES	HTTPS://CLEARTOKEN.IO/	
CTWO	SEGMENT	EXPIRED	XCBO	CBOE C2 OPTIONS EXCHANGE	US	NSPD	2020-08-24	2020-09-28		2020-09-28			529900RLNSGA90UPEH54	CHICAGO	HTTP://MARKETS.CBOE.COM/	
CULV	OPERATING	ACTIVE	CULV	CULVERT CAPITAL LLC	US	ATSS	2025-06-23	2025-06-23	2025-06-23		CULVERT CAPITAL LLC		984500ABFA83D88QBC74	DOWNERS GROVE	WWW.WATERSHEDATS.COM	
CURX	OPERATING	ACTIVE	CURX	CUREX FX	US	OTHR	2017-11-27	2023-11-27	2023-11-27		LMAX USA INC.		213800BGAOCIDFSAMI44	NEW YORK	WWW.LMAX.COM	FOREIGN EXCHANGE ELECTRONIC COMMUNICATION NETWORK (ECN).
CXAB	SEGMENT	EXPIRED	CHIA	CBOE AUSTRALIA - BIDS BLOCK TRADE VENUE	AU	RMKT	2022-10-24	2026-09-28	2026-09-28	2026-09-28	TMX GROUP LIMITED	CXA BIDS BLOCK	549300N65GFVKSHGJW59	SYDNEY	WWW.TMXAUSTRALIA.COM	CBOE AUSTRALIA - LARGE IN SCALE BIDS TRADING VENUE - BLOCK TRADES.
CXAC	SEGMENT	UPDATED	CHIA	TMX AUSTRALIA EXCHANGE - LIMIT VENUE	AU	NSPD	2012-09-24	2026-09-28	2026-09-28		TMX GROUP LIMITED	CXA	549300N65GFVKSHGJW59	SYDNEY	WWW.TMXAUSTRALIA.COM	TMX AUSTRALIA EXCHANGE LIMIT VENUE.
CXAE	SEGMENT	UPDATED	CHIA	TMX AUSTRALIA EXCHANGE - ETFS	AU	NSPD	2025-01-27	2026-09-28	2026-09-28		TMX GROUP LIMITED		549300N65GFVKSHGJW59	SYDNEY	WWW.TMXAUSTRALIA.COM	
CXAF	SEGMENT	UPDATED	CHIA	TMX AUSTRALIA EXCHANGE MARKET PEG (FARPOINT) VENUE	AU	NSPD	2014-05-26	2026-09-28	2026-09-28		TMX GROUP LIMITED	CXA	549300N65GFVKSHGJW59	SYDNEY	WWW.TMXAUSTRALIA.COM	TMX AUSTRALIA EXCHANGE MARKET PEG (FARPOINT) VENUE.
CXAI	SEGMENT	EXPIRED	CHIA	CBOE AUSTRALIA - BIDS PRICE IMPROVEMENT VENUE	AU	RMKT	2022-10-24	2026-09-28	2026-09-28	2026-09-28	TMX GROUP LIMITED	CXA BIDS BIDS TWPI	549300N65GFVKSHGJW59	SYDNEY	WWW.TMXAUSTRALIA.COM	CBOE AUSTRALIA LARGE IN SCALE BIDS VENUE - TRADES WITH PRICE IMPROVEMENT.
CXAL	SEGMENT	UPDATED	CHIA	TMX AUSTRALIA EXCHANGE - LISTING	AU	RMKT	2026-06-22	2026-09-28	2026-09-28		TMX GROUP LIMITED		549300N65GFVKSHGJW59	SYDNEY	WWW.TMXAUSTRALIA.COM	
CXAM	SEGMENT	UPDATED	CHIA	TMX AUSTRALIA EXCHANGE MOC	AU	NSPD	2013-09-23	2026-09-28	2026-09-28		TMX GROUP LIMITED		549300N65GFVKSHGJW59	SYDNEY	WWW.TMXAUSTRALIA.COM	TMX AUSTRALIA EXCHANGE MARKET ON CLOSE VENUE.
CXAN	SEGMENT	UPDATED	CHIA	TMX AUSTRALIA EXCHANGE PRIMARY PEG (NEARPOINT) VENUE	AU	NSPD	2014-05-26	2026-09-28	2026-09-28		TMX GROUP LIMITED	CXA	549300N65GFVKSHGJW59	SYDNEY	WWW.TMXAUSTRALIA.COM	TMX AUSTRALIA EXCHANGE PRIMARY PEG (NEARPOINT) VENUE.
CXAP	SEGMENT	UPDATED	CHIA	TMX AUSTRALIA EXCHANGE MID-POINT VENUE	AU	NSPD	2014-05-26	2026-09-28	2026-09-28		TMX GROUP LIMITED	CXA	549300N65GFVKSHGJW59	SYDNEY	WWW.TMXAUSTRALIA.COM	TMX AUSTRALIA EXCHANGE MID-POINT VENUE.
CXAQ	SEGMENT	EXPIRED	CHIA	CBOE AUSTRALIA - QUOTED MANAGED FUNDS	AU	NSPD	2016-12-26	2025-01-27	2025-01-27	2025-01-27	TMX GROUP LIMITED		549300N65GFVKSHGJW59	SYDNEY	WWW.TMXAUSTRALIA.COM	CBOE AUSTRALIA QUOTED MANAGED FUNDS.
CXAR	SEGMENT	UPDATED	CHIA	TMX AUSTRALIA EXCHANGE  - TRANSFERABLE CUSTODY RECEIPT MARKET	AU	NSPD	2016-11-28	2026-09-28	2026-09-28		TMX GROUP LIMITED	CHI-X	549300N65GFVKSHGJW59	SYDNEY	WWW.TMXAUSTRALIA.COM	TMX AUSTRALIA EXCHANGE TCR MARKET.
CXAV	SEGMENT	UPDATED	CHIA	TMX AUSTRALIA EXCHANGE VWAP	AU	NSPD	2013-09-23	2026-09-28	2026-09-28		TMX GROUP LIMITED		549300N65GFVKSHGJW59	SYDNEY	WWW.TMXAUSTRALIA.COM	TMX AUSTRALIA EXCHANGE VWAP VENUE.
CXAW	SEGMENT	UPDATED	CHIA	TMX AUSTRALIA EXCHANGE - WARRANTS	AU	NSPD	2015-11-23	2026-09-28	2026-09-28		TMX GROUP LIMITED	CXA	549300N65GFVKSHGJW59	SYDNEY	WWW.TMXAUSTRALIA.COM	TMX AUSTRALIA EXCANGE WARRANTS.
CXOT	SEGMENT	ACTIVE	CBLP	CREDITEX BROKERAGE LLP - OTF	GB	OTFS	2017-03-27	2025-04-28	2025-04-28		CREDITEX BROKERAGE LLP		ONQ59JN8QUELL00VMM35	LONDON	WWW.ICE.COM/SERVICE/CREDITEX	ELECTRONIC MARKET FOR FIXED INCOME PRODUCTS.
CXRT	SEGMENT	ACTIVE	CBLP	CREDITEX BROKERAGE LLP - MTF	GB	MLTF	2007-09-24	2025-04-28	2025-04-28		CREDITEX BROKERAGE LLP		ONQ59JN8QUELL00VMM35	LONDON	WWW.ICE.COM/SERVICE/CREDITEX	ELECTRONIC MARKET FOR CREDIT PRODUCTS. CXRT HAS BEEN DEACTIVATED FROM MAY 2014 TO 26 JANUARY 2015(IMPLEMENTATION DATE).
D2XC	SEGMENT	ACTIVE	D2XG	D2X – CRYPTO DERIVATIVES	NL	MLTF	2024-04-22	2024-04-22	2024-04-22		D2X GROUP NV		7245002DD3GNFXPGPP93	AMSTERDAM	HTTPS://D2X.COM	
D2XG	OPERATING	ACTIVE	D2XG	D2X MARKET	NL	MLTF	2024-04-22	2024-04-22	2024-04-22		D2X GROUP NV		7245002DD3GNFXPGPP93	AMSTERDAM	HTTPS://D2X.COM	
DAIW	OPERATING	ACTIVE	DAIW	DAIWA CAPITAL MARKETS EUROPE LIMITED	GB	NSPD	2018-03-26	2018-03-26					MIM2K09LFYD4IB163W58	LONDON	WWW.UK.DAIWACM.COM	
DAMP	OPERATING	EXPIRED	DAMP	GXG MARKETS A/S	DK	NSPD	2003-04-01	2012-05-28		2012-05-28				HORSENS		MIC TO USE IS GXGR.
DAMS	SEGMENT	ACTIVE	XAMS	EURONEXT AMSTERDAM – DARK BOOK FACILITY	NL	OTHR	2024-01-22	2024-01-22	2024-01-22		EURONEXT AMSTERDAM N.V.		724500V6UOK62XEZ2L78	AMSTERDAM	WWW.EURONEXT.COM	MIC TO IDENTIFY DARK MIDPOINT PEGGED TRANSACTIONS. NOT TO BE USED FOR REGULATORY REPORTING PURPOSES.
DAPA	OPERATING	ACTIVE	DAPA	DEUTSCHE BOERSE AG - APA SERVICE	DE	APPA	2017-07-24	2025-09-22			DEUTSCHE BOERSE AG		529900G3SW56SHYNPR95	FRANKFURT	WWW.DEUTSCHE-BOERSE.COM	APPROVED PUBLICATION ARRANGEMENT.
DASE	OPERATING	ACTIVE	DASE	DASE	CZ	CASP	2025-07-28	2025-07-28	2025-07-28		MP DEVELOPERS S.R.O.		64889KAWPMO81X649843	BRNO	WWW.DASE.COM	
DASH	OPERATING	ACTIVE	DASH	DASH ATS	US	ATSS	2019-07-22	2019-07-22					549300VYG4AYVBIDN394	CHICAGO	WWW.DASHFINANCIAL.COM	ALTERNATIVE TRADING SYSTEM.
DASI	OPERATING	ACTIVE	DASI	DANSKE BANK A/S	DK	SINT	2017-03-27	2023-01-23	2023-01-23		DANSKE BANK A/S		MAES062Z21O4RZ2U7M96	COPENHAGEN	WWW.DANSKEBANK.DK	SYSTEMATIC INTERNALISER.
DAUK	OPERATING	ACTIVE	DAUK	DANSKE BANK A/S - LONDON BRANCH	GB	SINT	2022-03-28	2022-03-28	2022-03-28		DANSKE BANK A/S		MAES062Z21O4RZ2U7M96	LONDON	WWW.DANSKEBANK.CO.UK	SYSTEMATIC INTERNALISER.
DAVY	OPERATING	ACTIVE	DAVY	J AND E DAVY - IRISH GOVERNMENT BOND	IE	SINT	2018-08-27	2018-08-27					63540061DPCBNMCGRY22	DUBLIN	WWW.DAVY.IE	SYSTEMATIC INTERNALISER.
DBAB	OPERATING	ACTIVE	DBAB	DEUTSCHE BANK SECURITIES INC.	US	NSPD	2019-03-25	2019-03-25					9J6MBOOO7BECTDTUZW19	NEW YORK	WWW.DB.COM	
DBAG	OPERATING	EXPIRED	DBAG	DEUTSCHE BANK AG	DE	NSPD	2017-12-25	2026-05-25	2026-05-25	2026-05-25	DEUTSCHE BANK AG		7LTWFZYICNSX8D621K86	FRANKFURT	WWW.DB.COM	
DBAO	SEGMENT	ACTIVE	DBOX	DEUTSCHE BANK AUTOBAHN OFF VENUE FX PLATFORM	DE	OTHR	2026-07-27	2026-07-27	2026-07-27		DEUTSCHE BANK AG		7LTWFZYICNSX8D621K86	FRANKFURT	WWW.DB.COM	DEUTSCHE BANK'S ELECTRONIC PLATFORM FOR TRADING FOREIGN EXCHANGE AND PRECIOUS METALS.
DBCR	SEGMENT	EXPIRED	DBIX	DEUTSCHE BANK - CENTRAL RISK BOOK	GB	NSPD	2014-10-27	2020-12-28		2020-12-28		CENTRAL RISK BOOK		LONDON	HTTPS://AUTOBAHN.DB.COM/MICROSITE/HTML/EQUITY.HTML	DEUTSCHE BANK AG MARKET SEGMENT MARKET CODE FOR THE CENTRAL RISK BOOK AS PER MMT2 STANDARD DEFINITION PROPOSED BY FIXPROTOCOL.ORG AND SUPPORTED BY EUROPEAN TDM'S(HTTP://WWW.BATSTRADING.CO.UK/BXTR/)
DBCX	SEGMENT	EXPIRED	DBIX	DEUTSCHE BANK - CLOSE CROSS	GB	NSPD	2014-10-27	2020-12-28		2020-12-28		CLX		LONDON	HTTPS://AUTOBAHN.DB.COM/MICROSITE/HTML/EQUITY.HTML	DEUTSCHE BANK AG MARKET SEGMENT MARKET CODE FOR CLOSE CROSS AS PER MMT2 STANDARD DEFINITION PROPOSED BY FIXPROTOCOL.ORG AND SUPPORTED BY EUROPEAN TDM'S(HTTP://WWW.BATSTRADING.CO.UK/BXTR/)
DBDC	SEGMENT	EXPIRED	DBIX	DEUTSCHE BANK - DIRECT CAPITAL ACCESS	GB	NSPD	2014-10-27	2020-12-28		2020-12-28		DCA		LONDON	HTTPS://AUTOBAHN.DB.COM/MICROSITE/HTML/EQUITY.HTML	DEUTSCHE BANK AG MARKET SEGMENT MARKET CODE FOR DCA AS PER MMT2 STANDARD DEFINITION PROPOSED BY FIXPROTOCOL.ORG AND SUPPORTED BY EUROPEAN TDM'S(HTTP://WWW.BATSTRADING.CO.UK/BXTR/)
DBDX	OPERATING	ACTIVE	DBDX	DEUTSCHE BOERSE DIGITAL EXCHANGE	DE	MLTF	2022-03-28	2022-03-28			DEUTSCHE BOERSE AG		529900G3SW56SHYNPR95	ESCHBORN	WWW.DEUTSCHE-BOERSE.COM	
DBES	SEGMENT	EXPIRED	DBAG	DEUTSCHE BANK AG - SYSTEMATIC INTERNALISER	DE	SINT	2017-08-28	2026-05-25	2026-05-25	2026-05-25	DEUTSCHE BANK AG	DBES	7LTWFZYICNSX8D621K86	FRANKFURT	WWW.DB.COM	SYSTEMATIC INTERNALISER.
DBHK	OPERATING	ACTIVE	DBHK	DEUTSCHE BANK HONG KONG ATS	HK	ATSS	2010-09-27	2010-09-27						HONG KONG	WWW.DB.COM/HONGKONG/	ALTERNATIVE TRADING SYSTEM FOR TRADING ASIAN EXCHANGE TRADED EQUITY PRODUCTS.
DBIX	OPERATING	EXPIRED	DBIX	DEUTSCHE BANK AG - LONDON	GB	NSPD	2014-10-27	2021-04-26	2021-04-26	2021-04-26	DEUTSCHE BANK AG			LONDON	WWW.DB.COM	
DBLN	SEGMENT	EXPIRED	DBAG	DEUTSCHE BANK AG - LONDON	DE	SINT	2018-12-24	2026-05-25	2026-05-25	2026-05-25	DEUTSCHE BANK AG		7LTWFZYICNSX8D621K86	FRANKFURT	WWW.DB.COM	SYSTEMATIC INTERNALISER.
DBLX	OPERATING	ACTIVE	DBLX	DEUTSCHE BANK LUXEMBOURG S.A.	LU	NSPD	2019-01-28	2019-01-28					529900FIAMEJDQ8C9097	LUXEMBOURG	WWW.DB.COM/LUXEMBOURG	
DBMO	SEGMENT	EXPIRED	DBAG	DEUTSCHE BANK - MANUAL OTC	DE	NSPD	2014-10-27	2024-02-26		2024-02-26	DEUTSCHE BANK AG	MANUAL OTC	7LTWFZYICNSX8D621K86	FRANKFURT	HTTPS://AUTOBAHN.DB.COM/MICROSITE/HTML/EQUITY.HTML	DEUTSCHE BANK AG MARKET SEGMENT MARKET CODE FOR MANUAL OTC FILLS AS PER MMT2 STANDARD DEFINITION PROPOSED BY FIXPROTOCOL.ORG AND SUPPORTED BY EUROPEAN TDM'S(HTTP://WWW.BATSTRADING.CO.UK/BXTR/)
DBOX	OPERATING	ACTIVE	DBOX	DEUTSCHE BANK OFF EXCHANGE TRADING	DE	OTHR	2010-02-22	2026-07-27	2026-07-27		DEUTSCHE BANK AG		7LTWFZYICNSX8D621K86	FRANKFURT	WWW.DB.COM	DEUTSCHE BANK AG ELECTRONIC OFF EXCHANGE TRADING.
DBRU	SEGMENT	ACTIVE	XBRU	EURONEXT BRUSSELS – DARK BOOK FACILITY	BE	OTHR	2024-01-22	2024-01-22	2024-01-22		EURONEXT BRUSSELS		5493007YLUF2KAS0TM17	BRUSSELS	WWW.EURONEXT.COM	MIC TO IDENTIFY DARK MIDPOINT PEGGED TRANSACTIONS. NOT TO BE USED FOR REGULATORY REPORTING PURPOSES.
DBSE	SEGMENT	EXPIRED	DBIX	DEUTSCHE BANK - SUPERX EU	GB	NSPD	2014-10-27	2020-12-28		2020-12-28		SUPERX EU		LONDON	HTTPS://AUTOBAHN.DB.COM/MICROSITE/HTML/EQUITY.HTML	DEUTSCHE BANK AG MARKET SEGMENT MARKET CODE FOR SUPERX EU AS PER MMT2 STANDARD DEFINITION PROPOSED BY FIXPROTOCOL.ORG AND SUPPORTED BY EUROPEAN TDM'S(HTTP://WWW.BATSTRADING.CO.UK/BXTR/)
DBSX	OPERATING	EXPIRED	DBSX	DEUTSCHE BANK SUPER X	US	ATSS	2011-04-25	2021-10-25	2021-10-25	2021-10-25				NEW YORK	WWW.DB.COM	REGISTERED ATS FOR EQUITIES. THIS MIC CODE  IS A GLOBAL PRODUCT WITH HAVING A PRESENCE IN US (NEW YORK), UK (LONDON) AND APAC (HONG KONG).
DBVX	SEGMENT	EXPIRED	TRDE	DBV-X	GB	NSPD	2015-10-26	2016-06-27		2016-06-27				LONDON	WWW.DBV-X.COM	MTF FOR MONEY MARKET PRODUCTS - PLATFORM NOT LAUNCHED BY MARKET ORGANISATION
DBXT	OPERATING	ACTIVE	DBXT	DBX	FR	MLTF	2025-03-24	2025-03-24	2025-03-24		DEALERBOX TECHNOLOGIES	DBX	969500QHNCB50CKLBB57	PARIS	HTTPS://DEALERBOX-TECH.COM/	
DCAS	OPERATING	ACTIVE	DCAS	CASABLANCA STOCK EXCHANGE – DERIVATIVES	MA	RMKT	2025-10-27	2025-10-27	2025-10-27		CASABLANCA STOCK EXCHANGE	SGMAT	254900POTH6KDGTI8089	CASABLANCA	WWW.CASABLANCA-BOURSE.COM	
DCSE	SEGMENT	ACTIVE	XCSE	NASDAQ COPENHAGEN A/S - NORDIC@MID	DK	RMKT	2015-11-23	2023-09-25	2023-09-25		NASDAQ COPENHAGEN A/S		549300JNYZUL5PLI8E17	COPENHAGEN	WWW.NASDAQOMXNORDIC.COM	NORDIC@MID DARK POOL FOR XCSE
DCSX	OPERATING	ACTIVE	DCSX	DUTCH CARIBBEAN SECURITIES EXCHANGE	CW	NSPD	2012-01-23	2012-01-23				DCSX		WILLEMSTAD	WWW.DCSX.AN	INTERNATIONAL EXCHANGE FOR THE LISTING AND TRADING IN DOMESTIC- AND INTERNATIONAL SECURITIES.
DDTX	OPERATING	ACTIVE	DDTX	DEAL DONE TRADING	IT	SINT	2018-01-22	2018-01-22				DDT	V3Z6EZ8Z6KSBJBFBIC58	FIRENZE	WWW.MPSCAPITALSERVICES.IT	SYSTEMATIC INTERNALISER.
DDUB	SEGMENT	ACTIVE	XDUB	EURONEXT DUBLIN– DARK BOOK FACILITY	IE	OTHR	2024-01-22	2024-01-22	2024-01-22		THE IRISH STOCK EXCHANGE PUBLIC LIMITED COMPANY		635400DZBUIMTBCXGA12	DUBLIN	WWW.EURONEXT.COM	MIC TO IDENTIFY DARK MIDPOINT PEGGED TRANSACTIONS. NOT TO BE USED FOR REGULATORY REPORTING PURPOSES.
DEAL	OPERATING	ACTIVE	DEAL	DCX (DERIVATIVES CURRENCY EXCHANGE)	US	NSPD	2012-02-27	2012-02-27				DCX	5493008Z45O1D9LXQL61	NEW YORK	WWW.FXCMPRO.COM/DCX	MULTI-BANK ELECTRONIC TRADING PLATFORM FOR FX OPTIONS
DEKA	OPERATING	ACTIVE	DEKA	DEKABANK DEUTSCHE GIROZENTRALE	DE	SINT	2018-09-24	2018-09-24					0W2PZJM8XOY22M4GG883	FRANKFURT AM MAIN	WWW.DEKA.DE	SYSTEMATIC INTERNALISER.
DEXE	OPERATING	ACTIVE	DEXE	DEX LIMITED	AE	NSPD	2020-04-27	2020-04-27					984500697B8446BCE708	ABU DHABI	WWW.DEX.AE	
DGCX	OPERATING	ACTIVE	DGCX	DUBAI GOLD AND COMMODITIES EXCHANGE DMCC	AE	NSPD	2005-12-26	2005-12-26				DGCX		DUBAI	WWW.DGCX.AE	
DHEL	SEGMENT	ACTIVE	XHEL	NASDAQ HELSINKI LTD - NORDIC@MID	FI	RMKT	2015-11-23	2023-09-25	2023-09-25		NASDAQ HELSINKI LTD		743700NAXLL4Q86IEX32	HELSINKI	WWW.NASDAQOMXNORDIC.COM	NORDIC@MID DARK POOL FOR XHEL
DHLX	OPERATING	ACTIVE	DHLX	DEUTSCHE HOLDINGS (LUXEMBOURG) S.A R.L.	LU	NSPD	2019-01-28	2019-01-28					529900G4O4VLOG0B5168	LUXEMBOURG	WWW.DB.COM	
DICE	SEGMENT	ACTIVE	XICE	NASDAQ ICELAND HF. - NORDIC@MID	IS	RMKT	2015-11-23	2023-09-25	2023-09-25		NASDAQ ICELAND HF.	ICEX	5493000SYSCC8J8U5638	REYKJAVIK	WWW.NASDAQOMXNORDIC.COM	NORDIC@MID DARK POOL FOR XICE
DIFX	OPERATING	ACTIVE	DIFX	NASDAQ DUBAI	AE	NSPD	2008-12-22	2017-02-27				NDXB	213800QL3V1PYPQMLU38	DUBAI	WWW.NASDAQDUBAI.COM	ON TUESDAY 18TH NOVEMBER, 2008, THE DUBAI INTERNATIONAL FINANCIAL MARKET WAS REBRANDED AS NASDAQ DUBAI.
DKED	SEGMENT	ACTIVE	XSTO	NASDAQ STOCKHOLM AB - DANISH EQ DERIVATIVES	SE	RMKT	2017-04-24	2023-09-25	2023-09-25		NASDAQ STOCKHOLM AB		549300KBQIVNEJEZVL96	STOCKHOLM	WWW.NASDAQOMXNORDIC.COM	
DKFI	SEGMENT	ACTIVE	XSTO	NASDAQ STOCKHOLM AB - DANISH FI DERIVATIVES	SE	RMKT	2017-04-24	2023-09-25	2023-09-25		NASDAQ STOCKHOLM AB		549300KBQIVNEJEZVL96	STOCKHOLM	WWW.NASDAQOMXNORDIC.COM	
DKOB	SEGMENT	ACTIVE	XSTO	NASDAQ STOCKHOLM AB - OTC DKK WB EQ DERIVATIVES	SE	RMKT	2022-04-25	2022-04-25			NASDAQ STOCKHOLM AB		549300KBQIVNEJEZVL96	STOCKHOLM	WWW.NASDAQOMXNORDIC.COM	
DKTC	OPERATING	ACTIVE	DKTC	DANSK OTC	DK	NSPD	2007-09-24	2007-09-24					549300Z110UB200D5O13	HORSENS	WWW.DANSKOTC.DK	
DKWB	SEGMENT	ACTIVE	XSTO	NASDAQ STOCKHOLM AB - DKK WB EQ DERIVATIVES	SE	RMKT	2022-04-25	2022-04-25			NASDAQ STOCKHOLM AB		549300KBQIVNEJEZVL96	STOCKHOLM	WWW.NASDAQOMXNORDIC.COM	
DLIS	SEGMENT	ACTIVE	XLIS	EURONEXT LISBON – DARK BOOK FACILITY	PT	OTHR	2024-01-22	2024-01-22	2024-01-22		EURONEXT LISBON - SOCIEDADE GESTORA DE MERCADOS REGULAMENTADOS S.A.		529900K0OK4J5I7A5V66	LISBON	WWW.EURONEXT.COM	MIC TO IDENTIFY DARK MIDPOINT PEGGED TRANSACTIONS. NOT TO BE USED FOR REGULATORY REPORTING PURPOSES.
DMAD	SEGMENT	ACTIVE	BMEX	BOLSA DE MADRID - DARK MIDPOINT	ES	RMKT	2024-06-24	2024-12-23	2024-12-23		SOCIEDAD RECTORA DE LA BOLSA DE VALORES DE MADRID, S.A.U.		959800UYJM40XUGVGG78	MADRID	WWW.BOLSASYMERCADOS.ES	
DMIL	SEGMENT	ACTIVE	XMIL	BORSA ITALIANA - DARK BOOK FACILITY	IT	OTHR	2024-01-22	2024-01-22	2024-01-22		BORSA ITALIANA S.P.A.		8156005391EE905D3124	MILAN	WWW.BORSAITALIANA.IT	MIC TO IDENTIFY DARK MID-POINT PEGGED TRANSACTIONS. NOT TO BE USED FOR TRANSACTION REPORTING PURPOSES.
DNDK	SEGMENT	ACTIVE	XCSE	FIRST NORTH DENMARK - NORDIC@MID	DK	MLTF	2015-11-23	2023-09-25	2023-09-25		NASDAQ COPENHAGEN A/S		549300JNYZUL5PLI8E17	COPENHAGEN	WWW.NASDAQOMXNORDIC.COM	NORDIC@MID DARK POOL FOR FIRST NORTH DENMARK
DNFI	SEGMENT	ACTIVE	XHEL	FIRST NORTH FINLAND - NORDIC@MID	FI	MLTF	2015-11-23	2023-09-25	2023-09-25		NASDAQ HELSINKI LTD		743700NAXLL4Q86IEX32	HELSINKI	WWW.NASDAQOMXNORDIC.COM	NORDIC@MID DARK POOL FOR FIRST NORTH FINLAND
DNIS	SEGMENT	ACTIVE	XICE	FIRST NORTH ICELAND - NORDIC@MID	IS	MLTF	2015-11-23	2023-09-25	2023-09-25		NASDAQ ICELAND HF.		5493000SYSCC8J8U5638	REYKJAVIK	WWW.NASDAQOMXNORDIC.COM	NORDIC@MID DARK POOL FOR FIRST NORTH ICELAND
DNSE	SEGMENT	ACTIVE	XSTO	FIRST NORTH SWEDEN - NORDIC@MID	SE	MLTF	2015-11-23	2023-09-25	2023-09-25		NASDAQ STOCKHOLM AB		549300KBQIVNEJEZVL96	STOCKHOLM	NASDAQOMXNORDIC.COM/FIRSTNORTH	NORDIC@MID DARK POOL FOR FIRST NORTH SWEDEN
DOSE	SEGMENT	ACTIVE	XSTO	FIRST NORTH SWEDEN - NORWAY NORDIC@MID	SE	MLTF	2018-03-26	2023-09-25	2023-09-25		NASDAQ STOCKHOLM AB		549300KBQIVNEJEZVL96	STOCKHOLM	NASDAQOMXNORDIC.COM/FIRSTNORTH	
DOSL	SEGMENT	ACTIVE	XOSL	EURONEXT OSLO – DARK BOOK FACILITY	NO	OTHR	2024-01-22	2024-01-22	2024-01-22		OSLO BORS ASA		5967007LIEEXZXHDL433	OSLO	WWW.EURONEXT.COM	MIC TO IDENTIFY DARK MIDPOINT PEGGED TRANSACTIONS. NOT TO BE USED FOR REGULATORY REPORTING PURPOSES.
DOTS	OPERATING	ACTIVE	DOTS	SWISS DOTS BY CATS	CH	NSPD	2013-10-28	2015-02-23				DOTS	529900TW3YXY9C6T1G09	ZURICH	WWW.BS-CATS.COM	OTC DERIVATIVES AVAILABLE TO THE SWISS MARKET USING THE CATS PLATFORM IN ASSOCIATION WITH SWISSQUOTE BANK. THE OWNER OF CATS HAS CHANGED FROM CITIGROUP TO BOERSE STUTTGART.
DOWE	SEGMENT	EXPIRED	DOWM	DOWGATE EURO GOVERNMENT BONDS	ES	MLTF	2019-09-23	2025-12-22	2025-12-22	2025-12-22	KING AND SHAXSON CAPITAL MARKETS S.V., S.A.		959800Q9D0L8KEY3G622	MADRID	WWW.KSCM.ES	
DOWG	OPERATING	ACTIVE	DOWG	DOWGATE	GB	MLTF	2017-08-28	2017-08-28			KING AND SHAXSON LIMITED		213800ARTVZQSADRZ559	LONDON	WWW.DOWGATE.COM	MULTILATERAL TRADING FACILITY (MTF) FOR BONDS AND DERIVATIVES.
DOWM	OPERATING	EXPIRED	DOWM	DOWGATE - MTF (MADRID)	ES	MLTF	2019-08-26	2025-12-22		2025-12-22	KING AND SHAXSON CAPITAL MARKETS S.V., S.A.		959800Q9D0L8KEY3G622	MADRID	WWW.KSCM.ES	MULTILATERAL TRADING FACILITY.
DPAR	SEGMENT	ACTIVE	XPAR	EURONEXT PARIS – DARK BOOK FACILITY	FR	OTHR	2024-01-22	2024-01-22	2024-01-22		EURONEXT PARIS SA		969500HMVSZ0TCV65D58	PARIS	WWW.EURONEXT.COM	MIC TO IDENTIFY DARK MIDPOINT PEGGED TRANSACTIONS. NOT TO BE USED FOR REGULATORY REPORTING PURPOSES.
DRCT	OPERATING	ACTIVE	DRCT	DAIWA DRECT	JP	NSPD	2013-04-22	2016-05-23						TOKYO	WWW.DAIWA.JP	DAIWA EQUITIES ELECTRONIC CROSSING PLATFORM
DRSP	OPERATING	ACTIVE	DRSP	EURONEXT  UK - REPORTING SERVICES	GB	APPA	2021-09-27	2021-09-27	2021-09-27		EURONEXT LONDON LIMITED		969500HMVSZ0TCV65D58	LONDON	WWW.EURONEXT.COM	APPROVED PUBLICATION ARRANGEMENT.
DSMD	OPERATING	ACTIVE	DSMD	QATAR STOCK EXCHANGE	QA	RMKT	2009-11-23	2025-02-24			QATAR STOCK EXCHANGE	DSM	2763V8R4FCPY9DF45J22	DOHA	WWW.QATAREXCHANGE.QA	DOHA SECURITIES MARKET CHANGED TO QATAR EXCHANGE.
DSME	SEGMENT	ACTIVE	XCSE	FIRST NORTH DENMARK -SME GROWTH MARKET	DK	MLTF	2018-11-26	2023-09-25	2023-09-25		NASDAQ COPENHAGEN A/S		549300JNYZUL5PLI8E17	COPENHAGEN	WWW.NASDAQOMXNORDIC.COM	
DSTO	SEGMENT	ACTIVE	XSTO	NASDAQ STOCKHOLM AB - NORDIC@MID	SE	RMKT	2015-11-23	2023-09-25	2023-09-25		NASDAQ STOCKHOLM AB		549300KBQIVNEJEZVL96	STOCKHOLM	WWW.NASDAQOMXNORDIC.COM	NORDIC@MID DARK POOL FOR XSTO
DUMX	OPERATING	ACTIVE	DUMX	GULF MERCANTILE EXCHANGE	AE	RMKT	2007-07-23	2024-09-23			GULF MERCANTILE EXCHANGE LTD (GME)	GME		DUBAI	WWW.GULFMERC.COM	
DUSA	SEGMENT	ACTIVE	XDUS	BOERSE DUESSELDORF - REGULIERTER MARKT	DE	RMKT	2008-02-25	2023-05-22	2023-05-22		BOEAG BOERSEN AKTIENGESELLSCHAFT		529900HTWYRE4BD0GQ69	DUESSELDORF	WWW.BOERSE-DUESSELDORF.DE	
DUSB	SEGMENT	ACTIVE	XDUS	BOERSE DUESSELDORF - FREIVERKEHR	DE	MLTF	2008-02-25	2024-05-27			BOEAG BOERSEN AKTIENGESELLSCHAFT		529900HTWYRE4BD0GQ69	DUESSELDORF	WWW.BOERSE-DUESSELDORF.DE	
DUSC	SEGMENT	ACTIVE	XDUS	BOERSE DUESSELDORF - QUOTRIX - REGULIERTER MARKT	DE	RMKT	2008-08-25	2023-05-22	2023-05-22		BOEAG BOERSEN AKTIENGESELLSCHAFT		529900HTWYRE4BD0GQ69	DUESSELDORF	WWW.BOERSE-DUESSELDORF.DE	
DUSD	SEGMENT	ACTIVE	XDUS	BOERSE DUESSELDORF - QUOTRIX MTF	DE	MLTF	2008-08-25	2024-05-27			BOEAG BOERSEN AKTIENGESELLSCHAFT		529900HTWYRE4BD0GQ69	DUESSELDORF	WWW.BOERSE-DUESSELDORF.DE	
DVFX	OPERATING	ACTIVE	DVFX	DIGITAL VEGA	GB	NSPD	2017-11-27	2017-11-27				DVFX	213800GQ81SBZ7SCHZ94	LONDON	WWW.DIGITALVEGA.COM	REGISTERED FOR FOREIGN EXCHANGE OPTIONS AND OTC FX DERIVATIVES.
DWFI	OPERATING	ACTIVE	DWFI	DEALERWEB FIXED INCOME	US	NSPD	2018-12-24	2018-12-24					G5M52KXHI10IUWXWHQ71	JERSEY CITY	WWW.TRADEWEB.COM	
DWIN	OPERATING	ACTIVE	DWIN	DRIVEWEALTH INSTITUTIONAL LLC	US	SINT	2023-12-25	2023-12-25	2023-12-25		DRIVEWEALTH INSTITUTIONAL LLC		549300PLZK73W8RLLI65	NEW YORK	WWW.DRIVEWEALTH.COM	
DWSF	SEGMENT	ACTIVE	TRWB	DW SEF LLC	US	SEFS	2014-07-28	2026-04-27	2026-04-27		TRADEWEB MARKETS LLC	DWSEF	549300EPXRLBZLVG1948	NEW YORK	WWW.TRADEWEB.COM	ELECTRONIC PLATFORM FOR TRADING IN SWAPS AND DERIVATIVES.
DZBK	OPERATING	ACTIVE	DZBK	DZ BANK	DE	SINT	2017-10-23	2017-10-23					529900HNOAA1KXQJUQ27	FRANKFURT	WWW.DZBANK.DE	SYSTEMATIC INTERNALISER.
EACM	SEGMENT	EXPIRED	XMTS	MTS REPO - AGENCY CASH MANAGEMENT	GB	NSPD	2013-07-22	2016-04-25		2016-04-25		ACM		LONDON	WWW.MTSMARKETS.COM	ELECTRONIC AUCTION TRADING PLATFORM FOR CASH-RICH INVESTORS TO ENTER SECURED MONEY MARKETS INVESTMENTS VIA TRI-PARTY REPO MECHANISM
EBHU	OPERATING	ACTIVE	EBHU	ERSTE BANK HUNGARY ZRT.	HU	SINT	2019-04-22	2019-04-22					549300XWJHRKLHU2PS28	BUDAPEST	WWW.ERSTEBANK.HU	SYSTEMATIC INTERNALISER.
EBLX	SEGMENT	ACTIVE	XIGG	BLOCKMATCH EUROPE DARK	DE	MLTF	2022-03-28	2022-03-28	2022-03-28		INSTINET GERMANY GMBH		213800A7BEQATAOUAN40	FRANKFURT	WWW.INSTINET.COM	
EBMX	SEGMENT	ACTIVE	MTSO	EBM - MTF	IT	MLTF	2019-01-28	2023-04-24	2023-04-24		MTS S.P.A.		213800ZMKPUV1VKLCT69	ROME	WWW.MTSMARKETS.COM	MULTILATERAL TRADING FACILITY.
EBON	SEGMENT	ACTIVE	XSTO	NASDAQ STOCKHOLM AB - EUR FI DERIVATIVES	SE	RMKT	2017-04-24	2023-09-25	2023-09-25		NASDAQ STOCKHOLM AB		549300KBQIVNEJEZVL96	STOCKHOLM	WWW.NASDAQOMXNORDIC.COM	
EBRA	SEGMENT	ACTIVE	XBRA	BRATISLAVA STOCK EXCHANGE - MTF	SK	MLTF	2016-12-26	2016-12-26					097900BIIX0000168239	BRATISLAVA	WWW.BSSE.SK	
EBSC	SEGMENT	ACTIVE	EBSS	EBS MARKET- CLOB - FOR THE TRADING OF SPOT FX, PRECIOUS METALS AND OTHER FX PRODUCTS	CH	OTHR	2017-07-24	2024-04-22	2024-04-22		EBS SERVICE COMPANY LIMITED		213800Y1KZLBMHGMTJ05	ZURICH	WWW.EBS.COM	CENTRAL LIMIT ORDER BOOK.
EBSD	SEGMENT	EXPIRED	EBSN	EBS MTF - RFQ - FOR THE TRADING OF FX PRODUCTS	NL	MLTF	2017-07-24	2020-03-23		2020-03-23			2138004TYNQCB7MLTG76	AMSTERDAM	WWW.EBS.COM	REPLACED BY EBSF.
EBSF	SEGMENT	ACTIVE	EBSN	EBS MTF - FX PRODUCTS - RFQ SEGMENT	NL	MLTF	2019-09-23	2019-09-23					2138004TYNQCB7MLTG76	AMSTERDAM	WWW.NEX.COM	
EBSI	SEGMENT	EXPIRED	EBSN	EBS MTF - RFQ - FOR ASSET MANAGERS TRADING FX PRODUCTS	NL	MLTF	2017-07-24	2020-03-23		2020-03-23			2138004TYNQCB7MLTG76	AMSTERDAM	WWW.EBS.COM	REPLACED BY IEBS.
EBSM	SEGMENT	EXPIRED	BTEE	EBS MTF - CLOB - FOR THE TRADING OF FX PRODUCTS	GB	MLTF	2017-07-24	2021-11-22	2021-11-22	2021-11-22				LONDON	WWW.EBS.COM	CENTRAL LIMIT ORDER BOOK.
EBSN	OPERATING	ACTIVE	EBSN	EBS MTF	NL	MLTF	2018-11-26	2018-11-26					2138004TYNQCB7MLTG76	AMSTERDAM	WWW.NEX.COM	MULTILATERAL TRADING FACILITY FX DERIVATIVES.
EBSO	SEGMENT	ACTIVE	XEBS	EBS UK MTF - TAILORED ORDER BOOKS	GB	MLTF	2020-07-27	2024-07-22	2024-07-22		BROKERTEC EUROPE LIMITED		2138002GI1GKI3V4UG48	LONDON	WWW.CMEGROUP.COM	
EBSS	OPERATING	ACTIVE	EBSS	EBS SERVICE COMPANY LIMITED - ALL MARKETS	CH	OTHR	2017-07-24	2024-04-22	2024-04-22		EBS SERVICE COMPANY LIMITED		213800Y1KZLBMHGMTJ05	ZURICH	WWW.EBS.COM	
EBSX	SEGMENT	EXPIRED	BTEE	EBS MTF	GB	MLTF	2015-12-28	2017-08-28		2017-08-28		EBS		LONDON	WWW.EBS.COM	MULTILATERAL TRADING FACILITY FOR FX DERIVATIVES.
EBXV	SEGMENT	ACTIVE	LEVL	LEVEL ATS - VWAP CROSS	US	ATSS	2021-03-22	2025-05-26	2025-05-26		LEVEL MARKETS, LLC	LEVEL	254900ZBK50B4Y36MJ33	BOSTON	WWW.LEVELMARKETS.COM/LEVEL-ATS/	
ECAG	OPERATING	ACTIVE	ECAG	EUREX CLEARING AG	DE	NSPD	2005-11-28	2016-11-28					529900LN3S50JPU47S06	FRANKFURT	WWW.EUREXCLEARING.COM	
ECAL	OPERATING	ACTIVE	ECAL	EUREX CLEARING ASIA PTE. LTD.	SG	NSPD	2015-07-27	2015-07-27					529900J4G0RLU6XER150	SINGAPORE	WWW.EUREXCHANGE.COM/EXCHANGE-EN/ABOUT-US/EUREXASIA	APPROVED CLEARING HOUSE UNDER MONETARY AUTHORITY OF SINGAPORE (MAS) REGULATION.
ECEU	OPERATING	ACTIVE	ECEU	TRADECHO EU APA	NL	APPA	2018-11-26	2018-11-26					213800X8D2RDODXFIY15	AMSTERDAM	WWW.TRADECHO.COM	APPROVED PUBLICATION ARRANGEMENT.
ECGS	SEGMENT	ACTIVE	ECAG	EUREX CLEARING AG - SME	DE	NSPD	2020-03-23	2020-03-23					529900LN3S50JPU47S06	FRANKFURT	WWW.EUREXCLEARING.COM/CLEARING-EN/	
ECHO	OPERATING	ACTIVE	ECHO	LONDON STOCK EXCHANGE - APA	GB	APPA	2017-08-28	2017-08-28	2025-09-22		LONDON STOCK EXCHANGE PLC	LSE APA	213800D1EI4B9WTWWD28	LONDON	WWW.LONDONSTOCKEXCHANGE.COM	APPROVED PUBLICATION ARRANGEMENT (APA).
ECNL	SEGMENT	ACTIVE	RTSL	REFINITIV TRANSACTION SERVICES LIMITED - FX SPOT ECN	GB	OTHR	2022-07-25	2022-07-25			REFINITIV TRANSACTION SERVICES LIMITED		549300SDDJE84DDJNB30	LONDON	WWW.REFINITIV.COM/EN/PRODUCTS/FXALL-ELECTRONIC-TRADING-PLATFORM	
ECSL	OPERATING	ACTIVE	ECSL	ENTERPRISE COMMODITY SERVICES LIMITED	GB	NSPD	2018-10-22	2018-10-22			ENTERPRISE COMMODITY SERVICES LIMITED		213800FJ9BFQ7CM6XV47	LONDON	WWW.ENTERPRISECOMMODITY.COM	
ECXE	OPERATING	EXPIRED	ECXE	EUROPEAN CLIMATE EXCHANGE	NL	NSPD	2008-09-22	2013-12-23		2013-12-23				AMSTERDAM	WWW.ECX.EU	MARKET IS CLOSED.
EDBT	SEGMENT	ACTIVE	XDUB	EURONEXT DUBLIN - TRADED BONDS	IE	NSPD	2020-06-22	2020-07-27					635400DZBUIMTBCXGA12	DUBLIN	WWW.EURONEXT.COM	
EDDP	SEGMENT	ACTIVE	XCBO	CBOE EDGX U.S. EQUITIES EXCHANGE DARK	US	NSPD	2011-05-23	2018-06-25				EDGXDARK	529900RLNSGA90UPEH54	CHICAGO	HTTP://MARKETS.CBOE.COM/	CBOE EDGX U.S. EQUITIES EXCHANGE NON-DISPLAYED.
EDGA	SEGMENT	ACTIVE	XCBO	CBOE EDGA U.S. EQUITIES EXCHANGE	US	NSPD	2010-05-24	2018-06-25				EDGA	529900RLNSGA90UPEH54	CHICAGO	HTTP://MARKETS.CBOE.COM/	
EDGD	SEGMENT	ACTIVE	XCBO	CBOE EDGA U.S. EQUITIES EXCHANGE DARK	US	NSPD	2011-05-23	2018-06-25				EDGADARK	529900RLNSGA90UPEH54	CHICAGO	HTTP://MARKETS.CBOE.COM/	CBOE EDGA U.S. EQUITIES EXCHANGE NON-DISPLAYED.
EDGE	OPERATING	EXPIRED	EDGE	BATS DIRECT EDGE	US	NSPD	2012-08-27	2018-06-25		2018-06-25				LENEXA	WWW.BATS.COM	
EDGL	SEGMENT	ACTIVE	XDUB	GLOBAL EXCHANGE MARKET - TRADED BONDS	IE	NSPD	2020-06-22	2020-07-27					635400DZBUIMTBCXGA12	DUBLIN	WWW.EURONEXT.COM	
EDGO	SEGMENT	ACTIVE	XCBO	CBOE EDGX OPTIONS EXCHANGE	US	NSPD	2015-06-22	2018-06-25				EDGO	529900RLNSGA90UPEH54	CHICAGO	HTTP://MARKETS.CBOE.COM/	CBOE EDGX OPTIONS EXCHANGE.
EDGX	SEGMENT	ACTIVE	XCBO	CBOE EDGX U.S. EQUITIES EXCHANGE	US	NSPD	2010-05-24	2018-06-25				EDGX	529900RLNSGA90UPEH54	CHICAGO	HTTP://MARKETS.CBOE.COM/	
EDRF	OPERATING	ACTIVE	EDRF	EDMOND DE ROTHSCHILD  (FRANCE)	FR	SINT	2018-05-28	2018-05-28					9695002JOWSRCLLLNY11	PARIS	WWW.EDMOND-DE-ROTHSCHILD.COM	SYSTEMATIC INTERNALISER.
EDXM	OPERATING	ACTIVE	EDXM	EDX MARKETS	US	OTHR	2022-11-28	2022-11-28	2022-11-28		EDX MARKETS LLC	EDXM	549300LYIAOCJDKQAI12	JERSEY CITY	WWW.EDXMARKETS.COM	
EEAL	OPERATING	ACTIVE	EEAL	EUREX EXCHANGE ASIA PTE. LTD.	SG	NSPD	2015-07-27	2015-07-27					529900J4G0RLU6XER150	SINGAPORE	WWW.EUREXCHANGE.COM/EXCHANGE-EN/ABOUT-US/EUREXASIA	REGISTERED MARKET FOR FUTURES AND OPTIONS.
EESE	OPERATING	ACTIVE	EESE	EAST EUROPEAN STOCK EXCHANGE	UA	NSPD	2010-05-24	2010-05-24						KIEV	WWW.EESE.COM.UA	
EESX	OPERATING	ACTIVE	EESX	EQUITY EXPRESS SECURITIES EXCHANGE (EESE)	ZA	RMKT	2023-09-25	2023-09-25	2023-09-25		EQUITY EXPRESS SECURITIES EXCHANGE		9845006E609FC061D476	JOHANNESBURG	WWW.EESE.CO.ZA	
EFTP	OPERATING	EXPIRED	EFTP	ENERGIEFINANZ TRADING PLATFORM	DE	NSPD	2013-04-22	2014-04-28		2014-04-28		HPF	529900B12PPF8G375925	SCHWERIN	WWW.ENERGIEFINANZ.EU	THIS MARKET IS CLOSED
EGMT	OPERATING	ACTIVE	EGMT	EG MARKET TECHNOLOGIES	US	NSPD	2016-11-28	2016-11-28					549300EL4DC98EM5WP25	NEW YORK	WWW.EGLP.COM	REGISTERED MARKET MAKER FOR EQUITIES.
EGSI	OPERATING	ACTIVE	EGSI	ERSTE GROUP BANK AG	AT	SINT	2017-01-23	2023-08-28	2023-08-28		ERSTE GROUP BANK AG		PQOH26KWDF7CG10L6792	VIENNA	WWW.ERSTEGROUP.COM	SYSTEMATIC INTERNALISER.
EIXE	SEGMENT	ACTIVE	AQXE	AQUIS EXCHANGE PLC AQUIS - EIX INFRASTRUCTURE BOND MARKET	GB	MLTF	2019-03-25	2023-01-23	2023-01-23		AQUIS EXCHANGE PLC	AQUIS-EIX	213800IXJSF5E1SIW150	LONDON	WWW.AQUIS.EU	AQUIS-EIX INFRASTRUCTURE BOND MARKET
ELEU	SEGMENT	EXPIRED	NORX	NASDAQ OSLO ASA - EUROPEAN POWER AND GAS DERIVATIVES	NO	RMKT	2017-04-24	2026-09-28	2026-09-28	2026-09-28	NASDAQ OSLO ASA		5493003IZZWOHHJY1L88	OSLO	WWW.NASDAQ.COM/SOLUTIONS/EUROPEAN-COMMODITIES	EXCHANGE LICENSE WITHDRAWAL, MAY 1, 2026
ELIX	SEGMENT	ACTIVE	TRDE	ELIXIUM	GB	NSPD	2016-04-25	2016-04-25					549300ET447NVRL3KE13	LONDON	WWW.TRADITION.COM	PLATFORM FOR SECURITIES FINANCING TRANSACTIONS.
ELNO	SEGMENT	EXPIRED	NORX	NASDAQ OSLO ASA - NORDIC POWER DERIVATIVES AND EUROPEAN UNION ALLOWANCES	NO	RMKT	2017-04-24	2026-09-28	2026-09-28	2026-09-28	NASDAQ OSLO ASA		5493003IZZWOHHJY1L88	OSLO	WWW.NASDAQ.COM/SOLUTIONS/EUROPEAN-COMMODITIES	EXCHANGE LICENSE WITHDRAWAL, MAY 1, 2026
ELSE	SEGMENT	EXPIRED	NORX	NASDAQ OSLO ASA - SWEDISH ELECTRICITY CERTIFICATE	NO	RMKT	2017-04-24	2026-09-28	2026-09-28	2026-09-28	NASDAQ OSLO ASA		5493003IZZWOHHJY1L88	OSLO	WWW.NASDAQ.COM/SOLUTIONS/EUROPEAN-COMMODITIES	EXCHANGE LICENSE WITHDRAWAL, MAY 1, 2026
ELUK	SEGMENT	EXPIRED	NORX	NASDAQ COMMODITIES - GBP POWER/ENERGY	NO	NSPD	2017-04-24	2026-09-28	2026-09-28	2026-09-28	NASDAQ OSLO ASA		5493003IZZWOHHJY1L88	OSLO	WWW.NASDAQOMX.COM/COMMODITIES/	LARS.HEDEN@NASDAQ.COM
ELXE	OPERATING	ACTIVE	ELXE	ELIXIUM S.A.	FR	MLTF	2019-02-25	2019-02-25					549300ET447NVRL3KE13	PARIS	WWW.ELIXIUM.COM	PLATFORM FOR SECURITIES FINANCING TRANSACTIONS.
EM3S	SEGMENT	ACTIVE	XLUX	EURO MTF 3S	LU	MLTF	2025-02-24	2025-02-24	2025-02-24		BOURSE DE LUXEMBOURG		22210053OF4F2MYKUV22	LUXEMBOURG	WWW.LUXSE.COM	
EMBX	OPERATING	ACTIVE	EMBX	EMERGING MARKETS BOND EXCHANGE LIMITED	GB	NSPD	2016-10-24	2016-10-24				EMBX	2138006KYCF5814BKL25	LONDON	WWW.EMBONDS.COM	ELECTRONIC TRADING PLATFORM FOR EMERGING MARKET FIXED INCOME BOND.
EMCE	SEGMENT	ACTIVE	XBRM	ROMANIAN  COMMODITIES EXCHANGE - OTF	RO	OTFS	2022-02-28	2022-02-28	2022-02-28		ROMANIAN  COMMODITIES EXCHANGE S.A.	BRM	2594004XQ58NIEX1Y444	BUCHAREST	WWW.BRM.RO	
EMCH	SEGMENT	EXPIRED	TRDE	FINACOR EMATCH	GB	NSPD	2016-11-28	2017-09-25		2017-09-25			5493009GUESWKOCRBE73	LONDON	WWW.TRADITION.COM	PLATFORM FOR EMERGING MARKETS SECURITIES
EMDR	SEGMENT	EXPIRED	EMID	E-MID - E-MIDER MARKET	IT	NSPD	2008-06-23	2023-06-26		2023-06-26	E-MID SOCIETA DI INTERMEDIAZIONE MOBILIARE S.P.A		8156005A730609F68C89	MILAN	WWW.E-MID.IT	MARKET FOR THE TRADING OF MULTI-CURRENCY DERIVATIVE FINANCIAL INSTRUMENTS
EMIB	SEGMENT	EXPIRED	EMID	E-MID - BANCA D'ITALIA SHARES TRADING MARKET	IT	NSPD	2016-10-24	2023-06-26		2023-06-26	E-MID SOCIETA DI INTERMEDIAZIONE MOBILIARE S.P.A		8156005A730609F68C89	MILAN	WWW.E-MID.IT	MARKET FOR THE NATIONAL CENTRAL BANK (BANCA D'ITALIA) SHARES.
EMID	OPERATING	EXPIRED	EMID	E-MID	IT	NSPD	2010-05-24	2023-06-26		2023-06-26	E-MID SOCIETA DI INTERMEDIAZIONE MOBILIARE S.P.A		8156005A730609F68C89	MILAN	WWW.E-MID.IT	MARKET FOR INTERBANK DEPOSITS IN EUROPE.
EMIR	SEGMENT	EXPIRED	EMID	E-MID REPO	IT	NSPD	2011-11-28	2023-06-26		2023-06-26	E-MID SOCIETA DI INTERMEDIAZIONE MOBILIARE S.P.A		8156005A730609F68C89	MILAN	WWW.E-MID.IT	ELECTRONIC TRADING PLATFORM FOR REPO TRADES.
EMLD	SEGMENT	ACTIVE	MIHI	MIAX EMERALD, LLC	US	RMKT	2018-03-26	2023-08-28	2023-08-28		MIAX EMERALD, LLC	EMLD		PRINCETON	WWW.MIAXGLOBAL.COM	MIAX EMERALD: ELECTRONIC TRADING FOR DERIVATIVES.
EMTF	SEGMENT	ACTIVE	XLUX	EURO MTF	LU	MLTF	2005-06-27	2023-09-25	2023-09-25		BOURSE DE LUXEMBOURG		22210053OF4F2MYKUV22	LUXEMBOURG	WWW.LUXSE.COM	
EMTS	SEGMENT	EXPIRED	XMTS	EBM	GB	NSPD	2005-06-27	2019-04-22		2019-04-22		EMTS	213800OANOWGT2KW8O63	LONDON	WWW.EUROMTS-LTD.COM	
ENAX	SEGMENT	ACTIVE	ASEX	ATHENS EXCHANGE ALTERNATIVE MARKET	GR	MLTF	2007-11-26	2024-06-24			HELLENIC EXCHANGES-ATHENS STOCK EXCHANGE S.A.	ENAX	549300GSRN07MNENPL97	ATHENS	WWW.ATHEXGROUP.GR	
ENCL	OPERATING	ACTIVE	ENCL	ENCLEAR	GB	NSPD	2013-10-28	2013-10-28				ENC		LONDON	WWW.LCHCLEARNET.COM	LCH.CLEARNET ENCLEAR PROVIDES AN OTC CLEARING SERVICE FOR VARIOUS COMMODITY PRODUCTS INCLUDING FREIGHT, CONTAINERS, EMISSIONS, IRON ORE, FERTILISER AND COAL.
ENMS	OPERATING	ACTIVE	ENMS	EURONEXT MARKETS SINGAPORE PTE. LTD.	SG	NSPD	2020-07-27	2020-07-27					549300LIT3MHVGH91679	SINGAPORE	WWW.EURONEXTFX.COM/EURONEXT-SINGAPORE	
ENSL	SEGMENT	ACTIVE	ESLO	ENGNSOL - OMP	FR	NSPD	2021-04-26	2021-04-26	2021-04-26		ENGNSOL		254900Y8ZW19230JDZ89	FIAC	HTTP://ENGNSOL.COM/	REGISTERED ORGANIZED MARKET PLACE (OMP) IN THE CAPACITY OF AN ENERGY BROKER PLATFORM.
ENSX	SEGMENT	EXPIRED	SEBS	SEB ENSKILDA	SE	NSPD	2012-11-26	2017-12-25		2017-12-25			549300OBW7CMVSEYXY30	STOCKHOLM	WWW.SEB.SE	SEB ENSKILADA LIQUIDITY POOL.
ENSY	SEGMENT	EXPIRED	XLDN	EURONEXT SYNAPSE	GB	MLTF	2017-07-24	2017-07-24	2021-10-25	2021-10-25			21380037K2DZ19T57655	LONDON	WWW.EURONEXT.COM	FIXED INCOME MTF
ENTW	SEGMENT	ACTIVE	XIGG	BLOCKMATCH EUROPE NT	DE	MLTF	2022-03-28	2022-03-28	2022-03-28		INSTINET GERMANY GMBH		213800A7BEQATAOUAN40	FRANKFURT	WWW.INSTINET.COM	
ENXB	SEGMENT	EXPIRED	XBRU	EURONEXT - EASY NEXT	BE	MLTF	2008-06-23	2019-01-28		2019-01-28			5493007YLUF2KAS0TM17	BRUSSELS	WWW.EURONEXT.COM	MULTILATERAL TRADING FACILITY FOR WARRANTS AND CERTIFICATES
ENXL	SEGMENT	ACTIVE	XLIS	EURONEXT ACCESS LISBON	PT	MLTF	2007-08-27	2023-10-23			EURONEXT LISBON - SOCIEDADE GESTORA DE MERCADOS REGULAMENTADOS S.A.		529900K0OK4J5I7A5V66	LISBON	WWW.EURONEXT.COM	
EOTC	OPERATING	ACTIVE	EOTC	E-OTC	HK	NSPD	2010-02-22	2010-02-22						HONG KONG	WWW.CONNECTED-MARKETS.COM	INTERNET-BASED BULLETIN BOARD FOR POSTING INDICATIONS OF INTEREST IN BUYING AND SELLING OTC DERIVATIVES, PRIMARILY FOCUSED ON CREDIT DEFAULT SWAPS.
EPEX	OPERATING	ACTIVE	EPEX	EPEX SPOT SE	FR	NSPD	2009-09-28	2009-09-28						PARIS	WWW.EPEXSPOT.COM	EUROPEAN POWER EXCHANGE (DAY AHEAD AND INTRADAY MARKETS FOR ELECTRICITY IN CENTRAL EUROPE).
EPRD	SEGMENT	ACTIVE	MIHI	MIAX PEARL EQUITIES EXCHANGE DARK	US	RMKT	2020-08-24	2023-08-28	2023-08-28		MIAX PEARL, LLC	EPRD		PRINCETON	WWW.MIAXGLOBAL.COM	MIAX PEARL: ELECTRONIC TRADING FOR EQUITIES NON-DISPLAYED (DARK) EXECUTIONS.
EPRL	SEGMENT	ACTIVE	MIHI	MIAX PEARL EQUITIES	US	RMKT	2020-02-24	2023-08-28	2023-08-28		MIAX PEARL, LLC	EPRL		PRINCETON	WWW.MIAXGLOBAL.COM	MIAX PEARL: ELECTRONIC TRADING FOR EQUITIES.
EQCA	OPERATING	ACTIVE	EQCA	EQUILEND CANADA CORP.	CA	ATSS	2020-11-23	2024-11-25			EQUILEND CANADA CORP.		213800MJ9CY4JWO58S26	TORONTO	WWW.EQUILEND.COM	
EQIE	OPERATING	ACTIVE	EQIE	EQUILEND LIMITED	IE	MLTF	2018-11-26	2018-11-26					213800MQRAFTKJ551M22	DUBLIN	WWW.EQUILEND.COM	MULTILATERAL TRADING FACILITY (MTF) FOR SECURITIES FINANCING.
EQLD	OPERATING	ACTIVE	EQLD	EQUILEND EUROPE LIMITED	GB	NSPD	2013-08-26	2013-08-26					213800BUOJT8E71MBB36	LONDON	WWW.EQUILEND.COM	MULTILATERAL TRADING FACILITY
EQOC	SEGMENT	ACTIVE	EQOS	EQUOS SPOT	SG	NSPD	2021-01-25	2021-01-25			DIGINEX CAPITAL PTE. LTD		984500E3E4004D088181	SINGAPORE	HTTPS://EQUOS.IO/	
EQOD	SEGMENT	ACTIVE	EQOS	EQUOS DERIVATIVES	SG	NSPD	2021-01-25	2021-01-25			DIGINEX CAPITAL PTE. LTD		984500E3E4004D088181	SINGAPORE	HTTPS://EQUOS.IO/	
EQOS	OPERATING	ACTIVE	EQOS	EQUOS	SG	NSPD	2020-12-28	2020-12-28			DIGINEX LIMITED		9845005F6E0700AD5F45	SINGAPORE	HTTPS://EQUOS.IO/	
EQSE	SEGMENT	ACTIVE	EQIE	EQUILEND LIMITED - SWAPS	IE	OTFS	2020-06-22	2020-06-22	2020-06-22		EQUILEND LIMITED		213800MQRAFTKJ551M22	DUBLIN	WWW.EQUILEND.COM	
EQSL	SEGMENT	ACTIVE	EQLD	EQUILEND EUROPE LIMITED - SWAPS	GB	NSPD	2020-04-27	2020-04-27					213800BUOJT8E71MBB36	LONDON	WWW.EQUILEND.COM	
EQTA	SEGMENT	ACTIVE	XBER	BOERSE BERLIN EQUIDUCT TRADING - REGULIERTER MARKT	DE	RMKT	2008-05-26	2008-05-26					391200I7OS301UELZA68	BERLIN	WWW.EQUIDUCT-TRADING.DE	ELECTRONIC TRADING SYSTEM.
EQTB	SEGMENT	ACTIVE	XBER	BOERSE BERLIN EQUIDUCT TRADING - BERLIN SECOND REGULATED MARKET	DE	RMKT	2010-03-22	2025-01-27			BOERSE BERLIN AG		391200I7OS301UELZA68	BERLIN	WWW.EQUIDUCT-TRADING.DE	ELECTRONIC TRADING SYSTEM.
EQTC	SEGMENT	ACTIVE	XBER	BOERSE BERLIN EQUIDUCT TRADING - FREIVERKEHR	DE	MLTF	2010-08-23	2010-08-23					391200I7OS301UELZA68	BERLIN	WWW.EQUIDUCT-TRADING.DE	ELECTRONIC TRADING SYSTEM.
EQTD	SEGMENT	ACTIVE	XBER	BOERSE BERLIN EQUIDUCT TRADING - OTC	DE	NSPD	2011-01-24	2011-01-24					391200I7OS301UELZA68	BERLIN	WWW.EQUIDUCT-TRADING.DE	ELECTRONIC TRADING SYSTEM.
EQUS	OPERATING	ACTIVE	EQUS	EQUILEND LLC	US	NSPD	2020-11-23	2020-11-23			EQUILEND LLC		213800BN4DRR1ADYGP92	NEW YORK	WWW.EQUILEND.COM	
EQWB	SEGMENT	EXPIRED	XBRN	BX WORLDCAPS	CH	NSPD	2013-10-28	2014-07-28		2014-07-28			529900U9FZPJJDSUXJ89	BERNE	WWW.BXSWISS.COM	NOT IN USE ANYMORE - MARKET FOR EQUITIES WORLDWIDE
ERBX	OPERATING	ACTIVE	ERBX	EUROBANK	GR	SINT	2019-06-24	2019-06-24					JEUVK5RWVJEN8W0C9M24	ATHENS	WWW.EUROBANK.GR	SYSTEMATIC INTERNALISER FOR BONDS ISSUED BY THE HELLENIC REPUBLIC.
ERFQ	SEGMENT	ACTIVE	XIGG	BLOCKMATCH EUROPE SELECT	DE	MLTF	2022-03-28	2025-04-28	2025-04-28		INSTINET GERMANY GMBH		213800A7BEQATAOUAN40	FRANKFURT	WWW.BLOCKMATCH.COM	
ERIS	OPERATING	EXPIRED	ERIS	CBOE DIGITAL EXCHANGE	US	DCMS	2012-03-26	2023-04-24	2022-12-26	2023-04-24	CBOE DIGITAL EXCHANGE, LLC		529900RLNSGA90UPEH54	CHICAGO	WWW.CBOEDIGITAL.COM	
ERST	OPERATING	ACTIVE	ERST	ERSTE BEFEKTETESI ZRT	HU	SINT	2018-08-27	2018-08-27					549300S5161J3XIURT65	BUDAPEST	WWW.ERSTEBROKER.HU	SYSTEMATIC INTERNALISER.
ESLO	OPERATING	ACTIVE	ESLO	ENGNSOL	FR	NSPD	2021-04-26	2021-04-26	2021-04-26		ENGNSOL		254900Y8ZW19230JDZ89	FIAC	HTTP://ENGNSOL.COM/	
ESPD	SEGMENT	EXPIRED	XNAS	NASDAQ OMX ESPEED	US	NSPD	2013-09-23	2018-11-26		2018-11-26		ESPEED		NEW YORK	WWW.NASDAQOMX.COM	ELECTRONIC FIXED INCOME TRADING PLATFORM.
ESTO	SEGMENT	ACTIVE	XSTO	NASDAQ STOCKHOLM AB - NORWAY ETF	SE	RMKT	2017-09-25	2023-09-25	2023-09-25		NASDAQ STOCKHOLM AB		549300KBQIVNEJEZVL96	STOCKHOLM	NASDAQOMXNORDIC.COM	ELECTRONIC TRADING FACILITY (ETF).
ETFP	SEGMENT	ACTIVE	XMIL	ELECTRONIC ETF, ETC/ETN AND OPEN-END FUNDS MARKET	IT	RMKT	2007-09-24	2023-04-24	2023-04-24		BORSA ITALIANA S.P.A.	ETFPLUS	8156005391EE905D3124	MILAN	WWW.BORSAITALIANA.IT	
ETLX	SEGMENT	ACTIVE	XMIL	EUROTLX	IT	MLTF	2007-08-27	2024-06-24	2024-06-24		BORSA ITALIANA S.P.A.		8156005391EE905D3124	MILAN	WWW.BORSAITALIANA.IT	
ETOR	OPERATING	ACTIVE	ETOR	ETORO EU	CY	OTHR	2023-11-27	2023-11-27	2023-11-27		ETORO (EUROPE) LIMITED		213800GIFQMSV7HROS23	LIMASSOL	WWW.ETORO.COM	
ETPA	OPERATING	ACTIVE	ETPA	ENERGY TRADING PLATFORM AMSTERDAM	NL	NSPD	2017-11-27	2017-11-27				ETPA	724500ESIIL4H59L4375	AMSTERDAM	WWW.ETPA.NL	ELECTRONIC PLATFORM TO TRADE SPOT ENERGY CONTRACTS.
ETSC	OPERATING	ACTIVE	ETSC	ETS EURASIAN TRADING SYSTEM COMMODITY EXCHANGE	KZ	NSPD	2010-07-26	2010-07-26						ALMATY	WWW.ETS.KZ/EN/	"THE REGIONAL FINANCIAL CENTRE OF ALMATY CITY (RFCA) AND OJSC ""RUSSIAN TRADING SYSTEM"" STOCK EXCHANGE HAVE SET UP A COMMODITY EXCHANGE, JSC ""EURASIAN TRADING SYSTEM"" HEADQUARTERED IN ALMATY, KAZAKHSTAN."
EUAX	SEGMENT	EXPIRED	ASEX	ATHENS EXCHANGE EUAS MARKET	GR	NSPD	2011-06-27	2016-05-23		2016-05-23			213800IW53U9JMJ4QR40	ATHENS	WWW.ATHEX.GR/DEFAULT_EN.ASP	ELECTRONIC TRADING PLATFORM FOR EMISSION ALLOWANCES (EUAS).
EUCC	OPERATING	ACTIVE	EUCC	CITADEL CONNECT EUROPE - EU	IE	SINT	2019-01-28	2026-08-24	2026-08-24		CITADEL SECURITIES GCS (IRELAND) LIMITED		549300J11TNGTWCC3R56	DUBLIN	WWW.CITADELSECURITIES.COM	SYSTEMATIC INTERNALISER.
EUCH	OPERATING	EXPIRED	EUCH	EUREX ZURICH	CH	NSPD	2012-07-23	2019-04-22		2019-04-22				ZURICH	WWW.EUREXREPO.COM	
EUFN	OPERATING	ACTIVE	EUFN	EURO-FINANCE AD	BG	SINT	2021-12-27	2023-08-28	2023-08-28		EURO-FINANCE AD	EUROFIN	5493008YPOF2ZCVQJ061	SOFIA	WWW.EUROFINANCE.BG	
EUOB	SEGMENT	ACTIVE	XSTO	NASDAQ STOCKHOLM AB - OTC EUR WB EQ DERIVATIVES	SE	RMKT	2022-04-25	2022-04-25			NASDAQ STOCKHOLM AB		549300KBQIVNEJEZVL96	STOCKHOLM	WWW.NASDAQOMXNORDIC.COM	
EURM	SEGMENT	EXPIRED	EUCH	EUREX REPO MARKET	CH	NSPD	2012-07-23	2019-04-22		2019-04-22				ZURICH	WWW.EUREXREPO.COM	EUREX SWISS REPO MARKET.
EUSC	SEGMENT	EXPIRED	EUCH	EUREX CH SECLEND MARKET	CH	NSPD	2012-07-23	2019-04-22		2019-04-22				ZURICH	WWW.EUREXREPO.COM	EUREX SWISS SECURITIES LENDING MARKET.
EUSP	SEGMENT	EXPIRED	EUCH	EUREX OTC SPOT MARKET	CH	NSPD	2012-07-23	2019-04-22		2019-04-22				ZURICH	WWW.EUREXREPO.COM	EUREX SWISS OTC/SPOT MARKET.
EUWA	OPERATING	ACTIVE	EUWA	EUWAX AG	DE	SINT	2018-02-26	2018-02-26					529900032TYR45XIEW79	STUTTGART	WWW.EUWAX-AG.DE	SYSTEMATIC INTERNALISER.
EUWB	SEGMENT	ACTIVE	XSTO	NASDAQ STOCKHOLM AB - EUR WB EQ DERIVATIVES	SE	RMKT	2017-04-24	2023-09-25	2023-09-25		NASDAQ STOCKHOLM AB		549300KBQIVNEJEZVL96	STOCKHOLM	WWW.NASDAQOMXNORDIC.COM	
EUWX	SEGMENT	ACTIVE	XSTU	EUWAX	DE	NSPD	2005-06-27	2023-05-22	2023-05-22		BOERSE STUTTGART GMBH	EUWAX	529900OZQMFWFLL01L66	STUTTGART	WWW.EUWAX.DE	
EVOL	OPERATING	ACTIVE	EVOL	EVOLUTION MARKETS	GB	NSPD	2020-11-23	2020-11-23			EVOLUTION MARKETS LIMITED	EVOL	213800XUL6949NBPI464	LONDON	WWW.EVOMARKETS.COM	COMMODITIES.
EWRM	SEGMENT	ACTIVE	TMEX	TURKISH MERCANTILE EXCHANGE - ELECTRONIC WAREHOUSE RECEIPT MARKET	TR	NSPD	2020-10-26	2022-10-24	2022-10-24		TURKISH MERCANTILE EXCHANGE		789000WD6N4YYP0DBA94	ANKARA	WWW.TURIB.COM.TR	ELECTRONIC WAREHOUSE RECEIPT 5EWR).
EWSM	OPERATING	EXPIRED	EWSM	EUROPEAN WHOLESALE SECURITIES MARKET	MT	NSPD	2012-04-23	2019-07-22		2019-07-22		EWSM	5299009CKES2S5E3YG94	VALLETTA	WWW.EWSM.EU	
EXAA	SEGMENT	ACTIVE	XWBO	WIENER BOERSE AG, AUSTRIAN ENERGY EXCHANGE	AT	NSPD	2007-05-28	2016-05-23			WIENER BOERSE AG	EXAA	315700ENWH1A81RCVZ91	VIENNA	WWW.EXAA.AT	
EXBO	SEGMENT	ACTIVE	EXEU	EXANE BNP PARIBAS - BID-OFFER CROSSING	GB	NSPD	2015-07-27	2015-07-27					213800SH9MTNZQJKP526	LONDON	WWW.EXANE.COM	BID-OFFER CROSSING NETWORK TO BE OPERATED BY EXANE BNP PARIBAS.
EXCP	SEGMENT	ACTIVE	EXEU	EXANE BNP PARIBAS - CLOSING PRICE	GB	NSPD	2015-07-27	2015-07-27					213800SH9MTNZQJKP526	LONDON	WWW.EXANE.COM	EXCP IS THE IDENTIFIER TO BE USED FOR CLIENT EXECUTIONS EXECUTED UNDER EXANE'S CLOSING PRICE MECHANISM.
EXDC	SEGMENT	ACTIVE	EXEU	EXANE BNP PARIBAS - DIRECT CAPITAL ACCESS	GB	NSPD	2016-09-26	2016-09-26				EXDC	213800SH9MTNZQJKP526	LONDON	WWW.EXANE.COM	
EXEU	OPERATING	ACTIVE	EXEU	EXANE BNP PARIBAS	GB	NSPD	2015-07-27	2015-07-27				EXEU	213800SH9MTNZQJKP526	LONDON	WWW.EXANE.COM	OPERATING MIC COVERING THE CROSSING MECHANISMS OPERATED BY EXANE BNP PARIBAS.
EXGM	SEGMENT	ACTIVE	XMIL	EURONEXT GROWTH MILAN	IT	MLTF	2021-10-25	2023-03-27	2023-03-27		BORSA ITALIANA S.P.A.	EGM	8156005391EE905D3124	MILAN	WWW.BORSAITALIANA.IT	MULTILATERAL TRADING FACILITY DEDICATED TO DYNAMIC AND COMPETITIVE SMES, WHICH ARE LOOKING FOR CAPITAL TO FINANCE THEIR GROWTH.
EXIX	OPERATING	ACTIVE	EXIX	ELECTRONX	US	DCMS	2025-03-24	2025-03-24	2025-03-24		ELECTRON EXCHANGE DCM, LLC		6488KN84MU3L89U35A66	CHICAGO	WWW.ELECTRONX.COM	
EXLP	SEGMENT	ACTIVE	EXEU	EXANE BNP PARIBAS - LIQUIDITY PROVISION	GB	NSPD	2016-09-26	2016-09-26			EXANE	EXLP	213800SH9MTNZQJKP526	LONDON	WWW.EXANE.COM	
EXMP	SEGMENT	ACTIVE	EXEU	EXANE BNP PARIBAS - MID POINT	GB	NSPD	2015-07-27	2015-07-27			EXANE	EXANE BNP PARIBAS	969500UP76J52A9OXU27	LONDON	WWW.EXANE.COM	EUROPEAN MID-POINT CROSSING NETWORK OPERATED BY EXANE BNP PARIBAS.
EXOR	SEGMENT	ACTIVE	EXEU	EXANE BNP PARIBAS - CHILD ORDER CROSSING	GB	NSPD	2015-07-27	2015-08-24			EXANE		969500UP76J52A9OXU27	LONDON	WWW.EXANE.COM	SMART ORDER ROUTING CROSSING MECHANISM OPERATED BY EXANE BNP PARIBAS.
EXOT	OPERATING	ACTIVE	EXOT	EXOTIX CAPITAL  - OTF	GB	OTFS	2017-08-28	2017-08-28						LONDON	WWW.EXOTIX.COM	ORGANISED TRADING FACILITY (OTF).
EXPA	SEGMENT	EXPIRED	MTAA	EXPANDI MARKET	IT	NSPD	2003-04-01	2009-06-22		2009-06-22				MILAN		STARTING FROM 22ND JUNE 2009 EXPANDI WILL MERGE IN MTA MARKETS (MTAA)
EXPM	SEGMENT	ACTIVE	OTCM	EXPERT MARKET	US	NSPD	2019-05-27	2019-05-27						NEW YORK	WWW.OTCMARKETS.COM	
EXSB	SEGMENT	EXPIRED	EXSY	EXANE DERIVATIVES  CORPORATE BONDS	FR	SINT	2018-07-23	2024-02-26		2024-02-26	EXANE DERIVATIVES		2FL5XIC1B8Q6HNGN6A35	PARIS	WWW.EXANE.COM	SYSTEMATIC INTERNALISER.
EXSD	SEGMENT	EXPIRED	EXSY	EXANE DERIVATIVES  OTC DERIVATIVES	FR	SINT	2018-07-23	2024-02-26		2024-02-26	EXANE DERIVATIVES		2FL5XIC1B8Q6HNGN6A35	PARIS	WWW.EXANE.COM	SYSTEMATIC INTERNALISER.
EXSE	OPERATING	ACTIVE	EXSE	EXANE BNP PARIBAS - SYSTEMATIC INTERNALISER	FR	SINT	2017-08-28	2018-04-23				EXSE	969500UP76J52A9OXU27	PARIS	WWW.EXANE.COM	SYSTEMATIC INTERNALISER.
EXSF	SEGMENT	EXPIRED	EXSY	EXANE DERIVATIVES  OTHER BONDS	FR	SINT	2018-07-23	2024-02-26		2024-02-26	EXANE DERIVATIVES		2FL5XIC1B8Q6HNGN6A35	PARIS	WWW.EXANE.COM	SYSTEMATIC INTERNALISER.
EXSH	SEGMENT	EXPIRED	EXSY	EXANE DERIVATIVES  SHARES	FR	SINT	2018-07-23	2024-02-26		2024-02-26	EXANE DERIVATIVES		2FL5XIC1B8Q6HNGN6A35	PARIS	WWW.EXANE.COM	SYSTEMATIC INTERNALISER.
EXSI	SEGMENT	ACTIVE	EXEU	EXANE BNP PARIBAS - GB	GB	SINT	2015-07-27	2017-10-23			EXANE			LONDON	WWW.EXANE.COM	EXSI IS THE IDENTIFIER TO BE USED FOR CLIENT EXECUTIONS EXECUTED UNDER THE SYSTEMATIC INTERNALISER REGIME BY EXANE BNP PARIBAS.
EXSP	SEGMENT	EXPIRED	EXSY	EXANE DERIVATIVES  STRUCTURED PRODUCTS	FR	SINT	2018-07-23	2024-02-26		2024-02-26	EXANE DERIVATIVES		2FL5XIC1B8Q6HNGN6A35	PARIS	WWW.EXANE.COM	SYSTEMATIC INTERNALISER.
EXSY	OPERATING	EXPIRED	EXSY	EXANE DERIVATIVES	FR	SINT	2018-02-26	2024-02-26		2024-02-26	EXANE DERIVATIVES		2FL5XIC1B8Q6HNGN6A35	PARIS	WWW.EXANE.COM	SYSTEMATIC INTERNALISER.
EXTR	OPERATING	ACTIVE	EXTR	ENERGY EXCHANGE ISTANBUL	TR	NSPD	2016-05-23	2022-10-24	2022-10-24			EXIST		ISTANBUL	WWW.EPIAS.COM.TR	LICENSED ENERGY MARKET OPERATOR FOR DAY AHEAD/INTRADAY ELECTRICITY MARKETS AND ESTABLISHMENT OF NATURAL GAS MARKET.
EXVP	SEGMENT	ACTIVE	EXEU	EXANE BNP PARIBAS - VOLUME PROFILE CROSSING	GB	NSPD	2015-07-27	2015-07-27			EXANE		969500UP76J52A9OXU27	LONDON	WWW.EXANE.COM	CROSSING MECHANISM OPERATED BY EXANE BNP PARIBAS WHERE A BUY AND A SELL ORDER HAVE OPPOSITE VOLUME PROFILES FOR AN INTERVAL OF TIME.
EXYY	SEGMENT	EXPIRED	EXSY	EXANE DERIVATIVES  CONVERTIBLES	FR	SINT	2018-07-23	2024-02-26		2024-02-26	EXANE DERIVATIVES		2FL5XIC1B8Q6HNGN6A35	PARIS	WWW.EXANE.COM	SYSTEMATIC INTERNALISER.
FAIR	OPERATING	ACTIVE	FAIR	CANTOR SPREADFAIR	GB	NSPD	2007-09-24	2007-09-24						LONDON	WWW.SPREADFAIR.COM	
FAST	OPERATING	ACTIVE	FAST	EURONEXT FX	US	NSPD	2012-05-28	2020-07-27					549300EXXMRP3JPN4C59	NEW YORK	WWW.EURONEXTFX.COM	ELECTRONIC TRADING PLATFORM FOR OTC FOREIGN EXCHANGE PRODUCTS.
FBSI	OPERATING	ACTIVE	FBSI	FINECO BANK	IT	SINT	2017-08-28	2023-04-24	2023-04-24		FINECOBANK BANCA FINECO S.P.A.	FBSI	549300L7YCATGO57ZE10	MILAN	WWW.FINECOBANK.COM	SYSTEMATIC INTERNALISER.
FCBT	SEGMENT	ACTIVE	XCBT	CHICAGO BOARD OF TRADE (FLOOR)	US	NSPD	2007-02-26	2007-02-26				CBOT (FLOOR)	549300EX04Q2QBFQTQ27	CHICAGO	WWW.CBOT.COM	
FCME	SEGMENT	ACTIVE	XCME	CHICAGO MERCANTILE EXCHANGE (FLOOR)	US	NSPD	2007-02-26	2024-09-23			CME GROUP INC.	CME (FLOOR)	LCZ7XYGSLJUHFXXNXD88	CHICAGO	WWW.CMEGROUP.COM	
FGEX	OPERATING	ACTIVE	FGEX	KAASUPORSSI - FINNISH GAS EXCHANGE	FI	NSPD	2015-09-28	2015-09-28						ESPOO	WWW.KAASUPORSSI.COM	THE FINNISH GAS EXCHANGE
FGML	OPERATING	ACTIVE	FGML	FINSTREET GLOBAL MARKETS	AE	MLTF	2024-10-28	2024-10-28	2024-10-28		FINSTREET GLOBAL MARKETS LIMITED	FGM	984500CCC5DB85F00930	ABU DHABI	WWW.FINSTREET.AE	
FGMP	SEGMENT	ACTIVE	FGML	FINSTREET GLOBAL MARKETS - PRIVATE MARKET	AE	MLTF	2025-12-22	2025-12-22	2025-12-22		FINSTREET GLOBAL MARKETS LIMITED	FGM	984500CCC5DB85F00930	ABU DHABI	WWW.FINSTREET.AE	
FICO	OPERATING	ACTIVE	FICO	FINANCIALCONTENT	US	NSPD	2018-06-25	2018-06-25						SAN CARLOS	WWW.FINANCIALCONTENT.COM	
FICX	OPERATING	ACTIVE	FICX	FINANCIAL INFORMATION CONTRIBUTORS EXCHANGE	DE	NSPD	2016-08-22	2016-08-22				FICONEX		RODGAU	WWW.FICONEX.COM	GLOBAL, CLOUD BASED PLATFORM FOR CONTRIBUTORS INFORMATION EXCHANGE IN REAL-TIME.
FIED	SEGMENT	ACTIVE	XSTO	NASDAQ STOCKHOLM AB - FINNISH EQ DERIVATIVES	SE	RMKT	2017-04-24	2023-09-25	2023-09-25		NASDAQ STOCKHOLM AB		549300KBQIVNEJEZVL96	STOCKHOLM	WWW.NASDAQOMXNORDIC.COM	
FINC	SEGMENT	ACTIVE	FINR	FINRA/NASDAQ TRF CHICAGO (TRADE REPORTING FACILITY)	US	TRFS	2018-07-23	2024-05-27	2024-05-27		FINANCIAL INDUSTRY REGULATORY AUTHORITY, INC.		254900F5GTSJJHGE9287	NEW YORK	WWW.FINRA.ORG	
FINN	SEGMENT	ACTIVE	FINR	FINRA/NASDAQ TRF CARTERET (TRADE REPORTING FACILITY)	US	TRFS	2010-07-26	2024-05-27	2024-05-27		FINANCIAL INDUSTRY REGULATORY AUTHORITY, INC.	FINN	254900F5GTSJJHGE9287	NEW YORK	WWW.FINRA.ORG	FINRA HAS TWO TRF PARTICIPANTS, NYSE AND NASDAQ.
FINO	SEGMENT	ACTIVE	FINR	FINRA ORF (TRADE REPORTING FACILITY)	US	TRFS	2010-07-26	2024-05-27	2024-05-27		FINANCIAL INDUSTRY REGULATORY AUTHORITY, INC.		254900F5GTSJJHGE9287	WASHINGTON	WWW.FINRA.ORG	OTC REPORTING FACILITY.
FINR	OPERATING	ACTIVE	FINR	FINRA	US	NSPD	2013-01-28	2024-05-27	2024-05-27		FINANCIAL INDUSTRY REGULATORY AUTHORITY, INC.		254900F5GTSJJHGE9287	WASHINGTON	WWW.FINRA.ORG/INDUSTRY/COMPLIANCE/MARKETTRANSPARENCY/ADF/	
FINY	SEGMENT	ACTIVE	FINR	FINRA/NYSE TRF (TRADE REPORTING FACILITY)	US	TRFS	2010-07-26	2024-05-27	2024-05-27		FINANCIAL INDUSTRY REGULATORY AUTHORITY, INC.		254900F5GTSJJHGE9287	WASHINGTON	WWW.FINRA.ORG/INDUSTRY/COMPLIANCE/MARKETTRANSPARENCY/TRF/PARTICIPANTS/	FINRA HAS TWO TRF PARTICIPANTS, NYSE AND NASDAQ.
FISH	OPERATING	ACTIVE	FISH	FISH POOL ASA	NO	RMKT	2007-06-25	2007-06-25					213800EH1XXWX1VYBV42	BERGEN	WWW.FISHPOOL.EU	
FISU	OPERATING	ACTIVE	FISU	FREIGHT INVESTOR SERVICES LIMITED	GB	NSPD	2017-09-25	2017-09-25				FIS	213800F87AK1JKQEVW81	LONDON	WWW.FREIGHTINVESTORSERVICES.COM	INTRODUCING BROKER FOR EXCHANGE TRADED DERIVATIVES CONTRACTS.
FLTB	SEGMENT	ACTIVE	FLWX	FLOW TRADERS B.V.  BONDS	NL	SINT	2020-03-23	2020-03-23					549300CLJI9XDH12XV51	AMSTERDAM	WWW.FLOWTRADERS.COM	SYSTEMATIC INTERNALISER.RESERVED FOR FUTURE USE.
FLTR	SEGMENT	ACTIVE	FLWX	FLOW TRADERS - SYSTEMATIC INTERNALISER	NL	SINT	2019-01-28	2019-06-24			FLOW TRADERS B.V.		549300CLJI9XDH12XV51	AMSTERDAM	WWW.FLOWTRADERS.COM	SYSTEMATIC INTERNALISER.
FLWX	OPERATING	ACTIVE	FLWX	FLOW TRADERS	NL	NSPD	2019-01-28	2019-01-28			FLOW TRADERS B.V.		549300CLJI9XDH12XV51	AMSTERDAM	WWW.FLOWTRADERS.COM	RESERVED FOR FUTURE USE.
FMTS	OPERATING	ACTIVE	FMTS	MTS FRANCE SAS	FR	MLTF	2005-11-28	2024-05-27	2024-05-27		MARCHE DE TITRES-FRANCE (MTS FRANCE)		969500GRHFQL0TGXN535	PARIS	WWW.MTSFRANCE.COM	
FMXS	OPERATING	ACTIVE	FMXS	FMX SECURITIES	SG	RMOS	2024-08-26	2024-08-26	2024-08-26		FMX SECURITIES (SINGAPORE) PTE. LIMITED		875500IW0XHW5TRS1681	SINGAPORE	WWW.BGCG.COM	
FMXX	OPERATING	ACTIVE	FMXX	FMX EXECUTION, LLC	US	ATSS	2025-04-28	2025-04-28	2025-04-28		FMX EXECUTION, LLC	FMXX	5493000CITHR0JY70A08	NEW YORK	WWW.FMX.COM	
FNCS	SEGMENT	ACTIVE	BGCF	FENICS - US TREASURIES	US	NSPD	2017-05-22	2017-05-22					549300FLZ5WMZ7ZQC356	NEW YORK	WWW.FENICSUST.COM	FENICS IS BGC FINANCIAL, L.P. SEGMENT.
FNDF	OPERATING	ACTIVE	FNDF	FMX NON-DELIVERABLE FORWARDS	SG	OTHR	2025-03-24	2025-03-24	2025-03-24		BGC PARTNERS (SINGAPORE) LIMITED	FMX NDF	549300BVRE4RY41UTU57	SINGAPORE	WWW.FMXNDF.COM	
FNDK	SEGMENT	ACTIVE	XCSE	FIRST NORTH DENMARK	DK	MLTF	2015-11-23	2023-09-25	2023-09-25		NASDAQ COPENHAGEN A/S		549300JNYZUL5PLI8E17	COPENHAGEN	WWW.NASDAQOMXNORDIC.COM	FIRST NORTH IS OPERATED BY NASDAQ. FIRST NORTH IS A NORDIC ALTERNATIVE MTF MARKETPLACE FOR TRADING SHARES AND OTHER TYPES OF FINANCIAL INSTRUMENTS.
FNDS	SEGMENT	ACTIVE	INFT	INFRONT FUNDS MARKET	NO	OTHR	2022-12-26	2022-12-26	2022-12-26		INFRONT AS		54930074DH4YRWTS3R80	OSLO	WWW.INFRONTFINANCE.COM	
FNEE	SEGMENT	ACTIVE	XTAL	FIRST NORTH ESTONIA	EE	MLTF	2009-11-23	2023-09-25	2023-09-25		NASDAQ TALLINN AS		549300WZWPKNRJ4PQD76	TALLINN	WWW.NASDAQBALTIC.COM	FIRST NORTH IS OPERATED BY NASDAQ. FIRST NORTH IS A NORDIC ALTERNATIVE MTF MARKETPLACE FOR TRADING SHARES AND OTHER TYPES OF FINANCIAL INSTRUMENTS.
FNFI	SEGMENT	ACTIVE	XHEL	FIRST NORTH FINLAND	FI	MLTF	2008-03-24	2023-09-25	2023-09-25		NASDAQ HELSINKI LTD		743700NAXLL4Q86IEX32	HELSINKI	WWW.NASDAQOMXNORDIC.COM	FIRST NORTH IS OPERATED BY NASDAQ. FIRST NORTH IS A NORDIC ALTERNATIVE MTF MARKETPLACE FOR TRADING SHARES AND OTHER TYPES OF FINANCIAL INSTRUMENTS.
FNFT	SEGMENT	ACTIVE	BGCF	FENICS FUTURES	US	NSPD	2021-11-22	2021-11-22	2021-11-22		BGC PARTNERS, L.P.		549300C15QIPCZQGZ397	NEW YORK	WWW.FENICS.COM	
FNFX	SEGMENT	ACTIVE	BGCF	FENICS FX ECN	US	NSPD	2021-09-27	2021-09-27	2021-09-27		FENICS FX, LLC		549300I0NONVB9S5DZ56	NEW YORK	WWW.FENICSFX.COM	ELECTRONIC COMMUNICATIONS NETWORK.
FNIS	SEGMENT	ACTIVE	XICE	FIRST NORTH ICELAND	IS	MLTF	2015-11-23	2023-09-25	2023-09-25		NASDAQ ICELAND HF.		5493000SYSCC8J8U5638	REYKJAVIK	WWW.NASDAQOMXNORDIC.COM	FIRST NORTH IS OPERATED BY NASDAQ. FIRST NORTH IS A NORDIC ALTERNATIVE MTF MARKETPLACE FOR TRADING SHARES AND OTHER TYPES OF FINANCIAL INSTRUMENTS.
FNIX	SEGMENT	ACTIVE	GFAM	GFI SECURITIES LLC - FENICS DELTA X	US	ATSS	2019-12-23	2021-05-24	2021-05-24		GFI SECURITIES LLC		UPPK3261S5D7DR01JY66	NEW YORK	WWW.GFIGROUP.COM	U.S. CORPORATE BOND TRADING.
FNLT	SEGMENT	ACTIVE	XLIT	FIRST NORTH LITHUANIA	LT	MLTF	2009-10-26	2023-09-25	2023-09-25		AB NASDAQ VILNIUS		549300JGFH6L45DLE408	VILNIUS	WWW.NASDAQBALTIC.COM	FIRST NORTH IS OPERATED BY NASDAQ. FIRST NORTH IS A NORDIC ALTERNATIVE MTF MARKETPLACE FOR TRADING SHARES AND OTHER TYPES OF FINANCIAL INSTRUMENTS.
FNLV	SEGMENT	ACTIVE	XRIS	FIRST NORTH LATVIA	LV	MLTF	2008-03-24	2023-09-25	2023-09-25		NASDAQ RIGA AS		549300YRBS4XYCVIH803	RIGA	WWW.NASDAQBALTIC.COM	FIRST NORTH IS OPERATED BY NASDAQ. FIRST NORTH IS A NORDIC ALTERNATIVE MTF MARKETPLACE FOR TRADING SHARES AND OTHER TYPES OF FINANCIAL INSTRUMENTS.
FNSE	SEGMENT	ACTIVE	XSTO	FIRST NORTH SWEDEN	SE	MLTF	2008-01-28	2023-09-25	2023-09-25		NASDAQ STOCKHOLM AB		549300KBQIVNEJEZVL96	STOCKHOLM	NASDAQOMXNORDIC.COM/FIRSTNORTH	FIRST NORTH IS OPERATED BY NASDAQ. FIRST NORTH IS A NORDIC ALTERNATIVE MTF MARKETPLACE FOR TRADING SHARES AND OTHER TYPES OF FINANCIAL INSTRUMENTS.
FNUK	OPERATING	ACTIVE	FNUK	FINANTIA UK LIMITED	GB	SINT	2019-04-22	2019-04-22					21380064JXN6YW7QAS86	LONDON		SYSTEMATIC INTERNALISER.
FNXB	SEGMENT	ACTIVE	BGCF	FENICS INVITATIONS	US	ATSS	2022-03-28	2022-04-25			BGC FINANCIAL, L.P.	FNXB	549300NP4MIDUNET0550	NEW YORK	WWW.FENICS.COM	
FPWB	OPERATING	ACTIVE	FPWB	FIRSTPLACE WIENER BOERSE	AT	OTHR	2022-04-25	2022-04-25			WIENER BOERSE AG		315700ENWH1A81RCVZ91	VIENNA	WWW.WIENERBOERSE.AT	
FRAA	SEGMENT	ACTIVE	XFRA	BOERSE FRANKFURT - REGULIERTER MARKT	DE	RMKT	2008-03-24	2008-03-24					391200OUOEWDQSEJ0Y74	FRANKFURT	WWW.DEUTSCHE-BOERSE.COM	
FRAB	SEGMENT	ACTIVE	XFRA	BOERSE FRANKFURT - FREIVERKEHR	DE	MLTF	2008-03-24	2024-06-24			FRANKFURTER WERTPAPIERBÖRSE		391200OUOEWDQSEJ0Y74	FRANKFURT	WWW.DEUTSCHE-BOERSE.COM	
FRAD	SEGMENT	EXPIRED	XFRA	DEUTSCHE BOERSE MID-POINT CROSS	DE	NSPD	2011-05-23	2016-11-28		2016-11-28	DEUTSCHE BOERSE AG	DBMID	529900G3SW56SHYNPR95	FRANKFURT	WWW.DEUTSCHE-BOERSE.COM	DARK POOL.
FRAS	SEGMENT	ACTIVE	XFRA	BOERSE FRANKFURT - SCALE	DE	MLTF	2018-12-24	2024-06-24			FRANKFURTER WERTPAPIERBÖRSE		391200OUOEWDQSEJ0Y74	FRANKFURT	WWW.DEUTSCHE-BOERSE.COM	BOERSE FRANKFURT SME GROWTH MARKET.
FRAU	SEGMENT	ACTIVE	XFRA	BOERSE FRANKFURT - REGULIERTERMARKT - OFF-BOOK	DE	RMKT	2019-03-25	2023-10-23			FRANKFURTER WERTPAPIERBOERSE		391200OUOEWDQSEJ0Y74	FRANKFURT	WWW.DEUTSCHE-BOERSE.COM	
FRAV	SEGMENT	ACTIVE	XFRA	BOERSE FRANKFURT - FREIVERKEHR - OFF-BOOK	DE	MLTF	2019-03-25	2024-06-24			FRANKFURTER WERTPAPIERBÖRSE		391200OUOEWDQSEJ0Y74	FRANKFURT	WWW.DEUTSCHE-BOERSE.COM	
FRAW	SEGMENT	ACTIVE	XFRA	BOERSE FRANKFURT - SCALE - OFF-BOOK	DE	MLTF	2019-03-25	2024-06-24			FRANKFURTER WERTPAPIERBÖRSE		391200OUOEWDQSEJ0Y74	FRANKFURT	WWW.DEUTSCHE-BOERSE.COM	
FREI	SEGMENT	EXPIRED	NORX	NASDAQ COMMODITIES - FREIGHT COMMODITY	NO	NSPD	2017-04-24	2024-01-22		2024-01-22	NASDAQ OSLO ASA		5493003IZZWOHHJY1L88	OSLO	WWW.NASDAQOMX.COM/COMMODITIES/	
FREX	OPERATING	ACTIVE	FREX	COINBASE DERIVATIVES	US	DCMS	2020-10-26	2024-10-28	2024-10-28		COINBASE DERIVATIVES, LLC	CDE	98450096938F91115592	CHICAGO	WWW.COINBASE.COM/DERIVATIVES	
FRRF	OPERATING	EXPIRED	FRRF	FONDS DES RENTES / RENTENFONDS	BE	NSPD	2005-10-24	2012-06-25		2012-06-25			CGYP50QBGGR6NCHTSN68	BRUSSELS	WWW.BNB.BE/RK/FONDS.HTM	
FRTE	OPERATING	ACTIVE	FRTE	FORTE  - OTF	GB	OTFS	2017-12-25	2017-12-25					213800TE1VETDDTPKN12	LONDON	WWW.FORTESECURITIES.COM	ORGANISED TRADING FACILITY.
FSEF	OPERATING	ACTIVE	FSEF	FTSEF LLC	US	NSPD	2016-11-28	2016-11-28					549300T7HPK1QMFMAZ57	GREAT NECK	WWW.FTSEF.COM	SWAP EXECUTION FACILITY (SEF).
FSHX	OPERATING	ACTIVE	FSHX	FISHEX	NO	NSPD	2007-09-24	2007-09-24						TROMSO	WWW.FISHEX.NO	
FSME	SEGMENT	ACTIVE	XHEL	FIRST NORTH FINLAND - SME GROWTH MARKET	FI	MLTF	2018-11-26	2023-09-25	2023-09-25		NASDAQ HELSINKI LTD		743700NAXLL4Q86IEX32	HELSINKI	WWW.NASDAQOMXNORDIC.COM	
FTFM	SEGMENT	ACTIVE	FTFS	42 FINANCIAL SERVICES - MTF	CZ	MLTF	2018-09-24	2024-09-23	2024-09-23		42 FINANCIAL SERVICES A.S.	42FS	31570010000000050826	PRAGUE	WWW.42FS.COM	MULTILATERAL TRADING FACILITY REGULATED MARKET.
FTFS	OPERATING	ACTIVE	FTFS	42 FINANCIAL SERVICES	CZ	OTFS	2016-07-25	2024-09-23			42 FINANCIAL SERVICES A.S.	42FS	31570010000000050826	PRAGUE	WWW.42FS.COM	
FTRM	SEGMENT	ACTIVE	TMEX	TURKISH MERCANTILE EXCHANGE - FUTURES MARKET	TR	RMKT	2025-03-24	2025-03-24	2025-03-24		TURKISH MERCANTILE EXCHANGE		789000WD6N4YYP0DBA94	ANKARA	WWW.TURIB.COM.TR	
FTUS	OPERATING	ACTIVE	FTUS	FLOW TRADERS U.S LLC	US	NSPD	2019-04-22	2019-04-22					549300K64LZQW7R9ST34	NEW YORK	WWW.FLOWTRADERS.COM	FLOW TRADERS’ DISCLOSED LIQUIDITY PROVISION  THROUGH LEVEL ALTERNATIVE TRADING SYSTEM (ATS).
FUSD	SEGMENT	EXPIRED	LEDG	FTX US DERIVATIVES	US	DCMS	2022-03-28	2026-04-27		2026-04-27	LEDGER X, LLC		549300UG0YZD2A0QYQ41	MIAMI	HTTP://DERIVS.FTX.US	
FXAL	OPERATING	ACTIVE	FXAL	FXALL	US	NSPD	2009-02-23	2009-02-23						NEW YORK	WWW.FXALL.COM	
FXCL	SEGMENT	ACTIVE	CDSL	CLEARCORP DEALING SYSTEMS INDIA LIMITED - FX-CLEAR	IN	OTHR	2016-10-24	2026-03-23	2026-03-23		CLEARCORP DEALING SYSTEMS (INDIA) LIMITED	FXCLR	335800ID4A597NSPJK84	MUMBAI	WWW.CCILINDIA.COM	FX-CLEAR, A FOREX DEALING SYSTEM, OFFERS BOTH ORDER MATCHING AND NEGOTIATION MODES FOR DEALING COVERS INTER-BANK USD-INR SPOT AND SWAP TRANSACTIONS AND TRANSACTIONS IN MAJOR CROSS CURRENCIES.
FXCM	OPERATING	ACTIVE	FXCM	FXCM	US	NSPD	2011-08-22	2011-08-22					5493008Z45O1D9LXQL61	NEW YORK	WWW.FXCM.COM	REGISTERED AND REGULATED MARKET FOR OTC FOREIGN EXCHANGE OPTIONS TRADING. MARKET FOR SPOT FX AND OPTIONS.
FXEU	OPERATING	ACTIVE	FXEU	SGX FX MARKETS	NL	MLTF	2026-09-28	2026-09-28	2026-09-28		SGX FX MARKETS NL B.V.	SGXFX	8945007PRF1RRI73BF23	AMSTERDAM	WWW.SGX.COM/FX/	
FXFM	SEGMENT	ACTIVE	RMTF	FINANCIAL AND RISK TRANSACTIONS SERVICES IRELAND LIMITED - FORWARDS MATCHING	IE	MLTF	2018-12-24	2024-06-24			FINANCIAL AND RISK TRANSACTION SERVICES IRELAND LIMITED		635400MQZIPRVPDDZK76	DUBLIN	WWW.REFINITIV.COM	FORWARDS MATCHING.
FXGB	OPERATING	ACTIVE	FXGB	FXCM - MTF	GB	MLTF	2017-08-28	2017-08-28			FOREX CAPITAL MARKETS LIMITED	FXCM	549300S24DMOQB7FX206	LONDON	WWW.FXCM.COM	MULTILATERAL TRADING FACILITY (MTF) FOR OTC DERIVATIVES.
FXMT	OPERATING	EXPIRED	FXMT	FXMARKETSPACE LIMITED	GB	NSPD	2003-04-01	2009-01-26		2009-01-26				LONDON		FXMARKETSPACE SUSPENDED TRADING OPERATIONS ON OCTOBER 17, 2008
FXNM	SEGMENT	ACTIVE	THRE	REFINITIV MATCHING NDFS SEF	US	SEFS	2022-07-25	2022-07-25			REFINITIV US SEF LLC		549300WQWDPFSMQ8I087	NEW YORK	WWW.REFINITIV.COM/EN/PRODUCTS/FXALL-ELECTRONIC-TRADING-PLATFORM	
FXOP	OPERATING	ACTIVE	FXOP	TFS VOLBROKER OTF	GB	OTFS	2017-04-24	2026-02-23	2026-02-23		TFS VOLBROKER LIMITED		5493009GUESWKOCRBE73	LONDON	WWW.TFSVOLBROKER.COM	FX OPTIONS TRADING FACILITY.
FXPS	SEGMENT	ACTIVE	THRE	REFINITIV SEF REQUEST FOR STREAM	US	SEFS	2021-03-22	2021-03-22			REFINITIV US SEF LLC	RSEF (RFS)	549300WQWDPFSMQ8I087	NEW YORK	WWW.REFINITIV.COM	REFINITIV SWAP EXECUTION FACILITY RFS SEGMENT.
FXRQ	SEGMENT	ACTIVE	RMTF	FINANCIAL AND RISK TRANSACTIONS SERVICES IRELAND LIMITED - FXALL RFQ MTF	IE	MLTF	2018-12-24	2018-12-24					635400MQZIPRVPDDZK76	DUBLIN	WWW.REFINITIV.COM	FXALL REQUEST FOR QUOTE (RFQ) MULTILATERAL TRADING FACILITY (MTF).
FXRS	SEGMENT	ACTIVE	RMTF	FINANCIAL AND RISK TRANSACTIONS SERVICES IRELAND LIMITED - FXALL RFS MTF	IE	MLTF	2021-03-22	2021-03-22			FINANCIAL AND RISK TRANSACTIONS SERVICES IRELAND LIMITED	FRTSIL	635400MQZIPRVPDDZK76	DUBLIN	WWW.REFINITIV.COM	FXALL REQUEST FOR STREAM MULTILATERAL TRADING FACILITY.
FXSM	SEGMENT	ACTIVE	RTSP	REFINITIV MATCHING NDFS SINGAPORE	SG	RMOS	2022-07-25	2022-07-25			REFINITIV TRANSACTION SERVICES PTE. LTD		5493004U2OZSNOP2ML97	SINGAPORE	WWW.REFINITIV.COM/EN/PRODUCTS/FXALL-ELECTRONIC-TRADING-PLATFORM	
FXSW	SEGMENT	ACTIVE	CDSL	CLEARCORP DEALING SYSTEMS INDIA LIMITED - FX-SWAP	IN	OTHR	2016-10-24	2026-03-23	2026-03-23		CLEARCORP DEALING SYSTEMS (INDIA) LIMITED	FXSWAP	335800ID4A597NSPJK84	MUMBAI	WWW.CCILINDIA.COM	FX-SWAP, A FOREX SWAP DEALING SYSTEM, OFFERS AN ORDER MATCHING SYSTEM FOR FOREX SWAPS. THE PLATFORM OFFERS SWAP INSTRUMENTS EXTENDING UP TO 12 MONTHS.
FXUK	OPERATING	ACTIVE	FXUK	SGX FX MARKETS UK	GB	MLTF	2026-09-28	2026-09-28	2026-09-28		SGX FX MARKETS UK LTD.	SGXFX	984500AF54D580915375	LONDON	WWW.SGX.COM/FX/	
G1XX	OPERATING	ACTIVE	G1XX	G1 EXECUTION SERVICES	US	NSPD	2014-09-22	2014-09-22					549300MVXLJMF1VIX094	CHICAGO	WWW.G1X.COM	WHOLESALE MARKET MAKER IN NMS AND OTC EQUITY SECURITIES
G360	OPERATING	ACTIVE	G360	G360	GB	MLTF	2023-02-27	2023-02-27	2023-02-27		360 TRADING NETWORKS UK LIMITED		529900MXX9KHFAUADV11	LONDON	WWW.360T.COM	
GARA	OPERATING	ACTIVE	GARA	COINGARAGE	CZ	CASP	2024-11-25	2024-11-25	2024-11-25		COINGARAGE S.R.O.		9845001C964870D2BQ49	HRADEC KRALOVE	HTTPS://COINGARAGE.IO	
GATE	OPERATING	ACTIVE	GATE	GATE	MT	CASP	2026-05-25	2026-05-25	2026-05-25		GATE TECHNOLOGY LIMITED		984500D6A0F945BB5A15	L-IMSIDA	WWW.GATE.COM/EN-EU	
GBOB	SEGMENT	ACTIVE	XSTO	NASDAQ STOCKHOLM AB - OTC GBP WB EQ DERIVATIVES	SE	RMKT	2022-04-25	2022-04-25			NASDAQ STOCKHOLM AB		549300KBQIVNEJEZVL96	STOCKHOLM	WWW.NASDAQOMXNORDIC.COM	
GBOT	OPERATING	ACTIVE	GBOT	BOURSE AFRICA LIMITED	MU	NSPD	2010-10-25	2013-12-23				BAFR		EBENE	WWW.BOURSEAFRICA.COM	MULTI-ASSET CLASS EXCHANGE PROVIDING AN ELECTRONIC PLATFORM FOR TRADING ON COMMODITY DERIVATIVES, CURRENCY DERIVATIVES, EQUITY,  EQUITY DERIVATIVES AND BONDS.
GBSI	OPERATING	ACTIVE	GBSI	GOODBODY STOCKBROKERS UC	IE	SINT	2022-06-27	2022-06-27			GOODBODY STOCKBROKERS UC	GBS	635400IL71G3SXS7OE16	DUBLIN	WWW.GOODBODY.IE	
GBUL	SEGMENT	ACTIVE	XBUL	BULGARIAN STOCK EXCHANGE - SME GROWTH MARKET BEAM	BG	MLTF	2019-01-28	2024-06-24	2023-08-28		BULGARIAN STOCK EXCHANGE	BEAM	747800W0XA9OV4MSRW74	SOFIA	WWW.BSE-SOFIA.BG	BULGARIAN STOCK EXCHANGE SME GROWTH MARKET.
GBWB	SEGMENT	ACTIVE	XSTO	NASDAQ STOCKHOLM AB - GBP WB EQ DERIVATIVES	SE	RMKT	2018-10-22	2023-09-25	2023-09-25		NASDAQ STOCKHOLM AB		549300KBQIVNEJEZVL96	STOCKHOLM	WWW.NASDAQOMXNORDIC.COM	
GEMX	OPERATING	ACTIVE	GEMX	GEMMA (GILT EDGED MARKET MAKERS’ASSOCIATION)	GB	NSPD	2005-06-27	2005-06-27				GEMMA	2138005EBVB91BX92G08	LONDON		
GETB	OPERATING	ACTIVE	GETB	LITHUANIAN NATURAL GAS EXCHANGE	LT	NSPD	2014-11-24	2014-11-24				GET BALTIC		VILNIUS	WWW.GETBALTIC.LT	LITHUANIAN NATURAL GAS EXCHANGE FOR PHYSICAL DELIVERY PRODUCTS TRADING.
GFAM	OPERATING	ACTIVE	GFAM	GFI SECURITIES LLC - ALL MARKETS	US	NSPD	2021-05-24	2021-05-24			GFI SECURITIES LLC		UPPK3261S5D7DR01JY66	NEW YORK	WWW.GFIGROUP.COM	
GFAU	OPERATING	ACTIVE	GFAU	GFI AUSTRALIA PTY LTD	AU	RMKT	2022-02-28	2022-02-28	2022-02-28		GFI AUSTRALIA PTY LTD	GFIA	549300662L28R2F2DD62	SYDNEY	WWW.GFIGROUP.CO.UK	
GFBM	SEGMENT	ACTIVE	GFIB	GFI BROKERS - MTF	GB	MLTF	2017-10-23	2017-10-23			GFI BROKERS LIMITED		5493007S6O0HR48ATX36	LONDON	WWW.GFIGROUP.COM	MULTILATERAL TRADING FACILITY.
GFBO	SEGMENT	ACTIVE	GFIB	GFI BROKERS - OTF	GB	OTFS	2017-10-23	2017-10-23			GFI BROKERS LIMITED		5493007S6O0HR48ATX36	LONDON	WWW.GFIGROUP.COM	ORGANISED TRADING FACILITY.
GFEX	OPERATING	ACTIVE	GFEX	GUANGZHOU FUTURES EXCHANGE	CN	RMKT	2025-05-26	2025-05-26	2025-05-26		GUANGZHOU FUTURES EXCHANGE	GFEX	836800OUR9BI8668MB69	GUANGZHOU	WWW.GFEX.COM.CN	
GFIA	OPERATING	EXPIRED	GFIA	GFI AUCTIONMATCH	GB	NSPD	2011-10-24	2014-04-28		2014-04-28				LONDON	WWW.GFIGROUP.COM	MTF NO LONGER IN USE
GFIB	OPERATING	ACTIVE	GFIB	GFI BROKERS	GB	NSPD	2017-10-23	2017-10-23			GFI BROKERS LIMITED		5493007S6O0HR48ATX36	LONDON	WWW.GFIGROUP.COM	
GFIC	OPERATING	ACTIVE	GFIC	GFI SECURITIES LTD	GB	NSPD	2007-08-27	2017-12-25			GFI SECURITIES LIMITED		GUNTJCA81C7IHNBGI392	LONDON	WWW.GFIGROUP.COM	
GFIF	SEGMENT	ACTIVE	GFIC	GFI FOREXMATCH	GB	MLTF	2007-08-27	2014-04-28			GFI SECURITIES LIMITED		GUNTJCA81C7IHNBGI392	LONDON	WWW.GFIGROUP.COM	
GFIM	SEGMENT	EXPIRED	GFIC	GFI MARKETMATCH	GB	NSPD	2008-12-22	2014-04-28		2014-04-28	GFI SECURITIES LIMITED		GUNTJCA81C7IHNBGI392	LONDON	WWW.GFIGROUP.COM	MTF NO LONGER IN USE
GFIN	SEGMENT	ACTIVE	GFIC	GFI ENERGYMATCH	GB	MLTF	2009-04-27	2014-04-28			GFI SECURITIES LIMITED		GUNTJCA81C7IHNBGI392	LONDON	WWW.GFIGROUP.COM	ADDITIONAL PRODUCTS: DRY FREIGHT DERIVATIVES AND UK GAS TRADING
GFIR	SEGMENT	ACTIVE	GFIC	GFI RATESMATCH	GB	MLTF	2010-09-27	2014-04-28			GFI SECURITIES LIMITED		GUNTJCA81C7IHNBGI392	LONDON	WWW.GFIGROUP.COM	ELECTRONIC PLATFORM FOR TRADING INTEREST RATE DERIVATIVES.
GFKS	OPERATING	ACTIVE	GFKS	GARANTUM FONDKOMMISSION AB	SE	SINT	2018-02-26	2018-02-26					549300SUPDLSXO6YWJ42	STOCKHOLM	WWW.GARANTUM.SE	SYSTEMATIC INTERNALISER.
GFOX	OPERATING	ACTIVE	GFOX	GLOBAL FUTURES AND OPTIONS LTD	GB	NSPD	2021-11-22	2021-11-22	2021-11-22		GLOBAL FUTURES AND OPTIONS LTD	GFO-X	213800AA3IMC1XBN3X71	LONDON	WWW.GFO-X.COM	
GFPO	SEGMENT	ACTIVE	AURB	GFI PARIS - OTF	FR	OTFS	2019-04-22	2019-04-22					5RJTDGZG4559ESIYLD31	PARIS	WWW.AUREL-BGC.COM	ORGANISED TRADING FACILITY.
GFSG	OPERATING	ACTIVE	GFSG	GFI SINGAPORE RMO	SG	RMOS	2023-09-25	2023-09-25	2023-09-25		GFI GROUP PTE. LTD.		549300EHVAB7PJ11OV18	SINGAPORE	WWW.GFIGROUP.COM	
GFSM	SEGMENT	ACTIVE	GFIC	GFI SECURITIES LTD - MTF	GB	MLTF	2017-10-23	2017-10-23			GFI SECURITIES LIMITED		GUNTJCA81C7IHNBGI392	LONDON	WWW.GFIGROUP.COM	MULTILATERAL TRADING FACILITY.
GFSO	SEGMENT	ACTIVE	GFIC	GFI SECURITIES LTD - OTF	GB	OTFS	2017-10-23	2017-10-23			GFI SECURITIES LIMITED		GUNTJCA81C7IHNBGI392	LONDON	WWW.GFIGROUP.COM	ORGANISED TRADING FACILITY.
GIPB	OPERATING	ACTIVE	GIPB	GOLDMAN SACHS INTERNATIONAL PARIS BRANCH	FR	NSPD	2019-02-25	2019-02-25					W22LROWP2IHZNBB6K528	PARIS	WWW.GOLDMANSACHS.COM	
GLBX	SEGMENT	ACTIVE	EBSS	FX SPOT+	CH	NSPD	2008-09-22	2024-04-22	2024-04-22		EBS SERVICE COMPANY LIMITED		213800Y1KZLBMHGMTJ05	ZURICH	WWW.CMEGROUP.COM	
GLLC	OPERATING	ACTIVE	GLLC	GATE US LLC	US	NSPD	2010-07-26	2010-07-26						NEW YORK	WWW.GATEUS.COM	ALTERNATIVE TRADING SYSTEM.
GLMX	OPERATING	ACTIVE	GLMX	GLMX	US	NSPD	2017-12-25	2017-12-25					254900BL2EA4KCGB2338	NEW YORK	WWW.GLMX.COM	ELECTRONIC TRADING PLATFORM FOR SECURITIES FINANCING TRANSACTIONS.
GLOM	OPERATING	ACTIVE	GLOM	GLOMAX EXCHANGE LTD	AE	NSPD	2020-01-27	2020-02-24					254900Q7DRBID0LNP460	ABU DHABI	WWW.GLOMAX.COM	ELECTRONIC TRADING PLATFORM FOR CRYPTOCURRENCIES.
GLPS	OPERATING	ACTIVE	GLPS	ESSEX RADEZ, LLC	US	NSPD	2014-09-22	2014-09-22				GLPS		CHICAGO	WWW.ESSEXRADEZ.COM	ELECTRONIC TRADING SYSTEM
GLPX	OPERATING	ACTIVE	GLPX	ACS EXECUTION SERVICES, LLC	US	NSPD	2016-03-28	2016-03-28				GLPX	549300P4LUW0YCECUJ68	RED BANK		EXECUTION SERVICES
GMBG	SEGMENT	ACTIVE	MBUL	MTF SOFIA - GROWTH MARKET	BG	NSPD	2021-06-28	2021-06-28			CAPMAN AD		5299003795MPR9UZ1J25	SOFIA	WWW.CAPMAN.BG	
GMEG	OPERATING	ACTIVE	GMEG	GMEX EXCHANGE	GB	NSPD	2013-06-24	2016-05-23				GMEX		LONDON	WWW.GMEX-GROUP.COM	MTF FOR DERIVATIVES AND SECURITIES
GMEO	SEGMENT	ACTIVE	GMES	GRIFFIN MARKETS EUROPE - OTF	FR	OTFS	2018-12-24	2018-12-24					969500OBCS5EQT67NQ53	PARIS	WWW.GRIFFINMARKETS.COM	ORGANISED TRADING FACILITY.
GMES	OPERATING	ACTIVE	GMES	GRIFFIN MARKETS EUROPE	FR	NSPD	2018-12-24	2018-12-24					969500OBCS5EQT67NQ53	PARIS	WWW.GRIFFINMARKETS.COM	
GMEX	OPERATING	EXPIRED	GMEX	GREENMARKET EXCHANGE	DE	NSPD	2011-06-27	2015-06-22		2015-06-22			391200Z7ZWISADXEGZ47	MUENCHEN	WWW.GREENMARKET-EXCHANGE.COM	TRADING CEASED AS OF 29TH JUNE 2012. MARKET WILL NOT BE REACTIVATED.
GMGD	OPERATING	ACTIVE	GMGD	GMG DUBAI LIMITED	AE	NSPD	2018-01-22	2018-01-22				GMGDXB	2549004SK0BK118GWY19	DUBAI	WWW.GMG-BROKERS.COM	
GMGE	OPERATING	ACTIVE	GMGE	GMG EUROPE B.V.	NL	OTFS	2022-06-27	2024-06-24	2024-06-24		GMG EUROPE B.V.		9845008091DBEJ67AC40	AMSTERDAM	WWW.GMG-BROKERS.COM	
GMGL	OPERATING	ACTIVE	GMGL	GMG BROKERS LIMITED	GB	NSPD	2018-01-22	2018-01-22				GMGLDN	213800PA2Q75PE1FIC23	LONDON	WWW.GMG-BROKERS.COM	
GMNI	SEGMENT	ACTIVE	XISX	ISE GEMINI EXCHANGE	US	NSPD	2013-05-27	2013-05-27						NEW YORK	WWW.ISE.COM	ISE GEMINI EXCHANGE IS A NATIONAL SECURITIES EXCHANGE REGISTERED WITH THE UNITED STATES SECURITIES AND EXCHANGE COMMISSION. ISE GEMINI EXCHANGE WILL FACILITATE THE ELECTRONIC TRADING OF EQUITY AND INDEX OPTIONS.
GMTF	OPERATING	ACTIVE	GMTF	GALAXY	FR	NSPD	2011-04-25	2011-04-25					969500IBIWHZQQ9BB280	PARIS	WWW.TRADINGSCREEN.COM	MULTILATERAL TRADING FACILITY FOR EURO DENOMINATED GOVERNMENT AND CORPORATE BONDS.
GMTS	SEGMENT	EXPIRED	XMTS	MTS GERMANY	GB	NSPD	2011-02-28	2019-04-22		2019-04-22			213800OANOWGT2KW8O63	LONDON	WWW.MTSGERMANY.COM	
GOTC	OPERATING	UPDATED	GOTC	GLOBAL OTC	US	ATSS	2017-05-22	2026-09-28	2026-09-28		ARCHIPELAGO TRADING SERVICES, INC.		549300QPR2YWJ76CPF19	CHICAGO	WWW.GLOBALOTC.COM	ELECTRONIC TRADING PLATFORM FOR OTC EQUITY SECURITIES.
GOVX	OPERATING	ACTIVE	GOVX	GOVEX	US	NSPD	2012-03-26	2012-03-26				GOVEX		BOSTON	WWW.GOVEX.COM	TRADING PLATFORM FOR US TREASURY SECURITIES - OPERATED BY STATE STREET
GPBC	OPERATING	ACTIVE	GPBC	GPB-FINANCIAL SERVICES LTD	CY	SINT	2018-11-26	2018-11-26					213800NW35DTWHTMX505	LIMASSOL	WWW.GPBFS.COM.CY	SYSTEMATIC INTERNALISER.
GREE	OPERATING	ACTIVE	GREE	THE GREEN EXCHANGE	US	NSPD	2009-09-28	2009-09-28						CHICAGO	WWW.NYMEX.GREENFUTURES.COM/	ELECTRONIC TRADING PLATFORM FOR VARIOUS ENVIRONMENTAL CONTRACTS.
GRIF	OPERATING	ACTIVE	GRIF	GRIFFIN MARKETS LIMITED	GB	NSPD	2012-10-22	2012-10-22			GRIFFIN MARKETS LIMITED		549300F0T2H9MU7YDI50	LONDON	WWW.GRIFFINMARKETS.COM	TRADING VENUE FOR EUROPEAN ENERGY MARKETS.
GRIO	SEGMENT	ACTIVE	GRIF	GRIFFIN MARKETS LIMITED - OTF	GB	NSPD	2017-02-27	2017-02-27			GRIFFIN MARKETS LIMITED	GRIFFIN MARKETS LIMITED	549300F0T2H9MU7YDI50	LONDON	WWW.GRIFFINMARKETS.COM	GRIFFIN ORGANISED TRADING FACILITY.
GROW	SEGMENT	ACTIVE	BMEX	BME GROWTH MARKET	ES	MLTF	2020-08-24	2024-06-24			BOLSAS Y MERCADOS ESPAÑOLES SISTEMAS DE NEGOCIACION SOCIEDAD ANONIMA		95980079EEM99NR57242	MADRID	WWW.BMEGROWTH.ES	
GRSE	OPERATING	ACTIVE	GRSE	THE GREEN STOCK EXCHANGE - ACB IMPACT MARKETS	GB	NSPD	2014-07-28	2014-07-28				GSE		LONDON	WWW.ACBIMPACTMARKETS.COM	MARKETPLACE FOR SUSTAINABLE SECURITIES (SECURITIES, BONDS, COMMODITIES)
GSAL	OPERATING	ACTIVE	GSAL	GOLDMAN SACHS (ASIA) LLC	HK	NSPD	2017-12-25	2023-06-26			GOLDMAN SACHS (ASIA) L.L.C.		549300NIUPNUFRZ8LJ52	HONG KONG	WWW.GOLDMANSACHS.COM	
GSBE	OPERATING	ACTIVE	GSBE	GOLDMAN SACHS BANK EUROPE SE	DE	NSPD	2018-12-24	2018-12-24					8IBZUGJ7JPLH368JE346	FRANKFURT	WWW.GOLDMANSACHS.COM	
GSBS	SEGMENT	ACTIVE	GSEF	GFI SWAPS EXCHANGE, LLC - SECURITY BASED SWAPS	US	SEFS	2024-09-23	2024-09-23	2024-09-23		GFI SWAPS EXCHANGE LLC	GFI SEF	549300U3YSKW7QY13Y70	NEW YORK	WWW.GFIGROUP.COM	SWAPS EXECUTION FACILITY - SECURITIY BASED SWAPS
GSBX	SEGMENT	EXPIRED	GSIL	GOLDMAN SACHS INTERNATIONAL - SIGMA BCN	GB	NSPD	2016-10-24	2019-10-28		2019-10-28			W22LROWP2IHZNBB6K528	LONDON	WWW.GOLDMANSACHS.COM/GSET	GSI BROKER CROSSING NETWORK
GSCI	OPERATING	ACTIVE	GSCI	THE GUYANA ASSOCIATION OF SECURITIES COMPANIES AND INTERMEDIARIES INC.	GY	NSPD	2010-12-27	2010-12-27						GEORGETOWN	WWW.GASCI.COM	THIS COMPANY IS THE LOCAL STOCK EXCHANGE THAT ORGANISES AND SUPERVISES THE STOCK MARKET IN GUYANA.
GSCO	OPERATING	ACTIVE	GSCO	GOLDMAN SACHS AND CO.	US	NSPD	2017-06-26	2025-06-23	2025-06-23		GOLDMAN SACHS & CO. LLC	GSCO	FOR8UP27PHTHYVLBNG30	NEW YORK	WWW.GOLDMANSACHS.COM	
GSEF	OPERATING	ACTIVE	GSEF	GFI SWAPS EXCHANGE, LLC	US	SEFS	2014-08-25	2023-10-23			GFI SWAPS EXCHANGE LLC	GFI SEF	549300U3YSKW7QY13Y70	NEW YORK	WWW.GFIGROUP.COM/MARKETS/SWAPS-EXCHANGE/OVERVIEW.ASPX	SWAPS EXECUTION FACILITY.
GSEI	SEGMENT	ACTIVE	GSBE	GOLDMAN SACHS BANK EUROPE SE - SYSTEMATIC INTERNALISER	DE	SINT	2018-12-24	2018-12-24					8IBZUGJ7JPLH368JE346	FRANKFURT	WWW.GOLDMANSACHS.COM	SYSTEMATIC INTERNALISER.
GSIB	OPERATING	ACTIVE	GSIB	GOLDMAN SACHS INTERNATIONAL BANK	GB	NSPD	2017-07-24	2017-07-24			GOLDMAN SACHS INTERNATIONAL BANK	GSIB	549300OYYE9P450H6O40	LONDON	WWW.GOLDMANSACHS.COM	
GSIL	OPERATING	ACTIVE	GSIL	GOLDMAN SACHS INTERNATIONAL	GB	NSPD	2016-10-24	2016-10-24				GSI	W22LROWP2IHZNBB6K528	LONDON	WWW.GOLDMANSACHS.COM/GSET	
GSLO	OPERATING	ACTIVE	GSLO	GALLARDO SECURITIES LIMITED	GB	OTFS	2022-12-26	2022-12-26	2022-12-26		GALLARDO SECURITIES LIMITED		254900ZQGDYEZ0DH8977	LONDON	WWW.GALLARDOSECURITIES.COM	
GSPL	SEGMENT	ACTIVE	GSAL	GS PRINCIPAL LIQUIDITY ASIA	HK	NSPD	2020-07-27	2023-06-26			GOLDMAN SACHS (ASIA) L.L.C.		549300NIUPNUFRZ8LJ52	HONG KONG	WWW.GSET.GS.COM	
GSPX	SEGMENT	EXPIRED	GIPB	GOLDMAN SACHS INTERNATIONAL PARIS BRANCH - SYSTEMATIC INTERNALISER	FR	SINT	2019-02-25	2026-02-23	2026-02-23	2026-02-23	GOLDMAN SACHS INTERNATIONAL		W22LROWP2IHZNBB6K528	PARIS	WWW.GOLDMANSACHS.COM	SYSTEMATIC INTERNALISER.
GSSI	SEGMENT	ACTIVE	GSIL	GOLDMAN SACHS INTERNATIONAL - SYSTEMATIC INTERNALISER	GB	SINT	2016-10-24	2016-10-24					W22LROWP2IHZNBB6K528	LONDON	WWW.GOLDMANSACHS.COM/GSET	GSI SYSTEMATIC INTERNALISER
GSXC	OPERATING	ACTIVE	GSXC	GSX CHINA	CN	NSPD	2019-08-26	2019-08-26					549300NIUPNUFRZ8LJ52	BEIJING	WWW.GSET.GS.COM	GOLDMAN SACHS INTERNAL NETTING FACILITY.
GSXH	SEGMENT	ACTIVE	GSAL	GSX HONG KONG	HK	NSPD	2016-12-26	2023-06-26			GOLDMAN SACHS (ASIA) L.L.C.		549300NIUPNUFRZ8LJ52	HONG KONG	WWW.GSET.GS.COM	GOLDMAN SACHS INTERNAL CROSSING FACILITY.
GSXK	OPERATING	ACTIVE	GSXK	GSX KOREA	KR	NSPD	2019-08-26	2019-08-26					549300NIUPNUFRZ8LJ52	SEOUL	WWW.GSET.GS.COM	GOLDMAN SACHS INTERNAL NETTING FACILITY.
GSXL	OPERATING	ACTIVE	GSXL	THE GIBRALTAR STOCK EXCHANGE	GI	NSPD	2015-07-27	2015-07-27				GSX	254900JYE69H03XHK860	GIBRALTAR	WWW.GSX.GI	EU REGULATED MARKET FOR TECHNICAL LISTINGS IN COLLECTIVE INVESTMENT SCHEMES.
GSXM	SEGMENT	ACTIVE	GSAL	GSX MICRO	HK	OTHR	2023-06-26	2023-06-26			GOLDMAN SACHS (ASIA) L.L.C.		549300NIUPNUFRZ8LJ52	HONG KONG	WWW.GOLDMANSACHS.COM/WHAT-WE-DO/FICC-AND-EQUITIES/INDEX.HTML	GOLDMAN SACHS INTERNAL NETTING FACILITY.
GSXN	OPERATING	ACTIVE	GSXN	GSX NATURAL	HK	OTHR	2023-02-27	2023-02-27	2023-02-27		GOLDMAN SACHS (ASIA) L.L.C.		549300NIUPNUFRZ8LJ52	HONG KONG	WWW.GSET.GS.COM	GOLDMAN SACHS INTERNAL NETTING FACILITY.
GSXT	OPERATING	ACTIVE	GSXT	GSX TAIWAN	TW	NSPD	2019-08-26	2019-08-26					549300NIUPNUFRZ8LJ52	TAIPEI	WWW.GSET.GS.COM	GOLDMAN SACHS INTERNAL NETTING FACILITY.
GTCO	OPERATING	ACTIVE	GTCO	KCG AMERICAS LLC	US	ATSS	2008-09-22	2014-01-27						NEW YORK	WWW.KCG.COM	REGISTERED ATS FOR TRADING US CASH EQUITIES.  FINRA MEMBER AND REG ATS ON FILE WITH THE SEC
GTSM	OPERATING	ACTIVE	GTSM	GTS SECURITIES	US	OTHR	2024-11-25	2024-11-25	2024-11-25		GTS SECURITIES, LLC		5493005RMIRIL1NTB654	NEW YORK	HTTP://GTSX.COM	
GTSX	OPERATING	ACTIVE	GTSX	GTSX	US	NSPD	2017-02-27	2017-02-27				GTSX		NEW YORK	WWW.GTSX.COM	
GTXE	OPERATING	ACTIVE	GTXE	GTX ECN	BM	NSPD	2017-12-25	2017-12-25			GTX BERMUDA, LTD.		5493000LDDKICYTQJ658	HAMILTON	WWW.GAINGTX.COM	GTX ELECTRONIC COMMUNICATIONS NETWORK.
GTXS	OPERATING	EXPIRED	GTXS	GTX SEF, LLC	US	SEFS	2016-11-28	2023-10-23	2023-10-23	2023-10-23		GTX	549300HA3M2MI3Z1BL53	BEDMINSTER	WWW.GAINGTX.COM/SEF.SHTML	ELECTRONIC TRADING PLATFORM FOR OTC DERIVATIVES.
GXGF	SEGMENT	EXPIRED	GXGR	GXG MTF FIRST QUOTE	DK	NSPD	2012-04-23	2019-07-22		2019-07-22				HORSENS	WWW.GXGMARKETS.COM	
GXGM	SEGMENT	EXPIRED	GXGR	GXG MTF	DK	NSPD	2011-10-24	2019-07-22		2019-07-22				HORSENS	WWW.GXGMARKETS.COM	MULTILATERAL TRADING FACILITY FOR EQUITIES AND BONDS.
GXGR	OPERATING	EXPIRED	GXGR	GXG MARKETS A/S	DK	NSPD	2012-05-28	2019-07-22		2019-07-22		DANSK AMP		HORSENS	WWW.GXGMARKETS.COM	
GXIL	OPERATING	ACTIVE	GXIL	GOLDMAN SACHS INTERNAL LIQUIDITY (GSX-IL)	JP	OTHR	2026-05-25	2026-05-25	2026-05-25		GOLDMAN SACHS (ASIA) L.L.C.	GSX-IL	549300NIUPNUFRZ8LJ52	TOKYO	WWW.GSET.GS.COM	
GXMA	OPERATING	ACTIVE	GXMA	GX MARKETCENTER	VU	NSPD	2010-05-24	2010-05-24						VILA		
HAMA	SEGMENT	ACTIVE	XHAM	BOERSE HAMBURG - REGULIERTER MARKT	DE	RMKT	2008-02-25	2023-05-22			BOEAG BOERSEN AKTIENGESELLSCHAFT		529900HTWYRE4BD0GQ69	HAMBURG	WWW.BOERSENAG.DE	
HAMB	SEGMENT	ACTIVE	XHAM	BOERSE HAMBURG - FREIVERKEHR	DE	MLTF	2008-02-25	2024-06-24	2023-05-22		BOEAG BOERSEN AKTIENGESELLSCHAFT		529900HTWYRE4BD0GQ69	HAMBURG	WWW.BOERSE-HAMBURG.DE	
HAML	SEGMENT	EXPIRED	XHAM	BOERSE HAMBURG - LANG AND SCHWARZ EXCHANGE	DE	NSPD	2016-04-25	2023-05-22		2023-05-22	BOEAG BOERSEN AKTIENGESELLSCHAFT		529900HTWYRE4BD0GQ69	HAMBURG	WWW.BOERSENAG.DE	
HAMM	SEGMENT	ACTIVE	XHAM	BOERSE HAMBURG - LANG AND SCHWARZ EXCHANGE - REGULIERTER MARKT	DE	RMKT	2016-04-25	2023-05-22	2023-05-22		BOEAG BOERSEN AKTIENGESELLSCHAFT		529900HTWYRE4BD0GQ69	HAMBURG	WWW.BOERSENAG.DE	
HAMN	SEGMENT	ACTIVE	XHAM	BOERSE HAMBURG - LANG AND SCHWARZ EXCHANGE - FREIVERKEHR	DE	MLTF	2016-04-25	2024-06-24	2023-05-22		BOEAG BOERSEN AKTIENGESELLSCHAFT		529900HTWYRE4BD0GQ69	HAMBURG	WWW.LS-X.DE	
HAMO	SEGMENT	ACTIVE	XHAM	BOERSE HAMBURG - ELECTRONIC TRADING	DE	OTHR	2026-04-27	2026-04-27	2026-04-27		BOEAG BOERSEN AKTIENGESELLSCHAFT		529900HTWYRE4BD0GQ69	HAMBURG	WWW.BOERSE-HAMBURG.DE	
HAMP	SEGMENT	ACTIVE	XHAM	BOERSE HAMBURG - REGULIERTER MARKT - ELECTRONIC TRADING	DE	RMKT	2026-04-27	2026-04-27	2026-04-27		BOEAG BOERSEN AKTIENGESELLSCHAFT		529900HTWYRE4BD0GQ69	HAMBURG	WWW.BOERSE-HAMBURG.DE	
HAMQ	SEGMENT	ACTIVE	XHAM	BOERSE HAMBURG - FREIVERKEHR - ELECTRONIC TRADING	DE	MLTF	2026-04-27	2026-04-27	2026-04-27		BOEAG BOERSEN AKTIENGESELLSCHAFT		529900HTWYRE4BD0GQ69	HAMBURG	WWW.BOERSE-HAMBURG.DE	
HAMX	SEGMENT	ACTIVE	XHAM	BOERSE HAMBURG - ELECTRONIC TRADING 2	DE	OTHR	2026-08-24	2026-08-24	2026-08-24		BOEAG BOERSEN AKTIENGESELLSCHAFT		529900HTWYRE4BD0GQ69	HAMBURG	WWW.BOERSENAG.DE	
HAMY	SEGMENT	ACTIVE	XHAM	BOERSE HAMBURG - ELECTRONIC TRADING 2 - REGULIERTER MARKT	DE	RMKT	2026-08-24	2026-08-24	2026-08-24		BOEAG BOERSEN AKTIENGESELLSCHAFT		529900HTWYRE4BD0GQ69	HAMBURG	WWW.BOERSENAG.DE	
HAMZ	SEGMENT	ACTIVE	XHAM	BOERSE HAMBURG - ELECTRONIC TRADING 2 - FREIVERKEHR	DE	MLTF	2026-08-24	2026-08-24	2026-08-24		BOEAG BOERSEN AKTIENGESELLSCHAFT		529900HTWYRE4BD0GQ69	HAMBURG	WWW.BOERSENAG.DE	
HANA	SEGMENT	ACTIVE	XHAN	BOERSE HANNOVER - REGULIERTER MARKT	DE	RMKT	2008-02-25	2023-05-22	2023-05-22		BOEAG BOERSEN AKTIENGESELLSCHAFT		529900HTWYRE4BD0GQ69	HANNOVER	WWW.BOERSE-HANNOVER.DE	
HANB	SEGMENT	ACTIVE	XHAN	BOERSE HANNOVER - FREIVERKEHR	DE	MLTF	2008-02-25	2024-06-24	2023-05-22		BOEAG BOERSEN AKTIENGESELLSCHAFT		529900HTWYRE4BD0GQ69	HANNOVER	WWW.BOERSE-HANNOVER.DE	
HANC	SEGMENT	ACTIVE	XHAN	BOERSE HANNOVER - REGULIERTER MARKT -EUROPEAN INVESTOR EXCHANGE	DE	RMKT	2024-06-24	2026-04-27	2026-04-27		BOEAG BOERSEN AKTIENGESELLSCHAFT		529900HTWYRE4BD0GQ69	HANNOVER	WWW.BOERSE-HANNOVER.DE	
HAND	SEGMENT	ACTIVE	XHAN	BOERSE HANNOVER - FREIVERKEHR - EUROPEAN INVESTOR EXCHANGE	DE	MLTF	2024-06-24	2026-04-27	2026-04-27		BOEAG BOERSEN AKTIENGESELLSCHAFT		529900HTWYRE4BD0GQ69	HANNOVER	WWW.BOERSE-HANNOVER.DE	
HANE	SEGMENT	ACTIVE	XHAN	BOERSE HANNOVER - EUROPEAN INVESTOR EXCHANGE	DE	OTHR	2024-06-24	2026-04-27	2026-04-27		BOEAG BOERSEN AKTIENGESELLSCHAFT		529900HTWYRE4BD0GQ69	HANNOVER	WWW.BOERSE-HANNOVER.DE	
HBFR	OPERATING	ACTIVE	HBFR	HSBC CONTINENTAL EUROPE	FR	SINT	2017-10-23	2021-03-22	2021-03-22		HSBC CONTINENTAL EUROPE		F0HUI1NY1AZMJMD8LP67	PARIS	WWW.HSBC.FR	SYSTEMATIC INTERNALISER.
HBPL	OPERATING	ACTIVE	HBPL	HSBC BANK POLSKA S.A.	PL	SINT	2017-12-25	2017-12-25					3IOL70HIEQ2FWND3JI79	WARSAW	WWW.HSBC.PL	SYSTEMATIC INTERNALISER.
HCER	SEGMENT	ACTIVE	HMTF	VORVEL CERTIFICATES	IT	MLTF	2020-07-27	2023-02-27	2023-02-27		VORVEL SIM S.P.A.		815600F681369854E440	MILAN	WWW.VORVEL.EU	MTF FOR CERTIFICATES AND COVERED WARRANT.
HCHC	OPERATING	ACTIVE	HCHC	ICE CLEAR NETHERLANDS B.V.	NL	NSPD	2014-01-27	2015-09-28					7245003TLNC4R9XFDX32	AMSTERDAM	WWW.THEICE.COM	CENTRAL COUNTER PARTY FOR EXCHANGE TRADED DERIVATIVES
HDAT	OPERATING	ACTIVE	HDAT	ELECTRONIC SECONDARY SECURITIES MARKET (HDAT)	GR	RMKT	2005-06-27	2005-06-27				HDAT	529900SL3K21WAN6X611	ATHENS	WWW.BANKOFGREECE.GR	
HEDE	SEGMENT	ACTIVE	HEMO	HENEX FINANCIAL ENERGY MARKET - DERIVATIVES MARKET	GR	RMKT	2020-02-24	2020-02-24			HELLENIC ENERGY EXCHANGE S.A.	HENEX	2138003ETH4FUSCHL785	ATHENS	WWW.ENEXGROUP.GR	
HEGX	OPERATING	ACTIVE	HEGX	NADEX	US	NSPD	2010-04-26	2010-04-26					5493005SLPBS4GLS2A55	CHICAGO	WWW.NADEX.COM	
HELA	OPERATING	ACTIVE	HELA	HELABA	DE	OTHR	2018-07-23	2026-02-23	2026-02-23		LANDESBANK HESSEN-THUERINGEN GIROZENTRALE		DIZES5CFO5K3I5R58746	FRANKFURT	WWW.HELABA.COM.DE	
HEMO	OPERATING	ACTIVE	HEMO	HENEX S.A.	GR	RMKT	2015-04-27	2018-07-23			HELLENIC ENERGY EXCHANGE S.A.	HENEX	2138003ETH4FUSCHL785	ATHENS	WWW.ENEXGROUP.GR	HELLENIC ENERGY EXCHANGE.
HESP	SEGMENT	ACTIVE	HEMO	HENEX ELECTRICITY SPOT MARKET	GR	NSPD	2020-02-24	2021-11-22	2021-11-22		HELLENIC ENERGY EXCHANGE S.A.	HENEX	2138003ETH4FUSCHL785	ATHENS	WWW.ENEXGROUP.GR	
HGSP	SEGMENT	ACTIVE	HEMO	HENEX GAS SPOT MARKET	GR	NSPD	2021-11-22	2021-11-22	2021-11-22		HELLENIC ENERGY EXCHANGE S.A.	HENEX S.A.	2138003ETH4FUSCHL785	ATHENS	WWW.ENEXGROUP.GR	
HKME	OPERATING	EXPIRED	HKME	HONG KONG MERCANTILE EXCHANGE	HK	NSPD	2008-11-24	2015-05-25		2015-05-25		HKMEX	213800YTVSXYQN17BW16	HONG KONG	WWW.HKMERC.COM	HKMEX HAS CEASED ITS ACTIVITIES IN MAY 2013.
HMOD	SEGMENT	ACTIVE	HMTF	VORVEL EQUITY AUCTION	IT	MLTF	2008-07-28	2024-03-25	2024-03-25		VORVEL SIM S.P.A.		815600F681369854E440	MILAN	WWW.VORVEL.EU	MULTILATERAL TRADING FACILITY ORDER DRIVEN FOR EQUITIES.
HMTF	OPERATING	ACTIVE	HMTF	VORVEL BONDS	IT	MLTF	2007-11-26	2024-06-24			VORVEL SIM S.P.A.		815600F681369854E440	MILAN	WWW.VORVEL.EU	
HOTC	SEGMENT	EXPIRED	ASEX	HELLENIC EXCHANGE OTC MARKET	GR	NSPD	2008-08-25	2016-11-28	2025-03-24	2025-03-24	HELLENIC EXCHANGES-ATHENS STOCK EXCHANGE S.A.		549300GSRN07MNENPL97	ATHENS	WWW.ATHEXGROUP.GR	THE HELLENIC EXCHANGE OTC MARKET IS THE OVER-THE-COUNTER ELECTRONIC TRADING MARKET FOR ATHENS EXCHANGE.
HPCO	SEGMENT	ACTIVE	HPCX	HPC ETRADING	FR	OTFS	2017-11-27	2024-03-25	2024-03-25		MAREX SA	HPC	969500AMLHB21RACL168	PARIS	WWW.MAREX.COM	ORGANISED TRADING FACILITY.
HPCS	SEGMENT	ACTIVE	HPCX	HPC ENERGY TRADING	FR	OTFS	2017-04-24	2024-03-25	2024-03-25		MAREX SA	HPC	969500AMLHB21RACL168	PARIS	WWW.MAREX.COM	TRADE NAME: TRAYPORT
HPCV	SEGMENT	ACTIVE	HPCX	HPC SA - VOICE OTF	FR	OTFS	2018-01-22	2024-03-25	2024-03-25		MAREX SA	HPC	969500AMLHB21RACL168	PARIS	WWW.MAREX.COM	ORGANISED TRADING FACILITY.
HPCX	OPERATING	ACTIVE	HPCX	HPC SA	FR	OTHR	2017-12-25	2024-03-25	2024-03-25		MAREX SA	MSA	969500AMLHB21RACL168	PARIS	WWW.MAREX.COM	
HPPO	OPERATING	ACTIVE	HPPO	POTAMUS TRADING LLC	US	NSPD	2014-04-28	2014-04-28				HPPO	254900PQ6838J9TAXS95	BOSTON	WWW.POTAMUSTRADING.COM	WHOLESALE MARKET MAKER FOR NMS EQUITIES.  ELECTRONIC TRADING SERVICES FOR OTHER BROKER-DEALER CLIENTS.
HPSO	SEGMENT	ACTIVE	HPSX	HPC OTF - UK ETRADING PLATFORM	GB	OTFS	2022-02-28	2024-03-25	2024-03-25		HPC INVESTMENT SERVICES LIMITED	HPC IS	2138004BRTVB2NX17L84	LONDON	WWW.MAREX.COM	
HPSX	OPERATING	ACTIVE	HPSX	HPC OTF	GB	OTFS	2022-01-24	2024-03-25	2024-03-25		HPC INVESTMENT SERVICES LIMITED	HPC IS	2138004BRTVB2NX17L84	LONDON	WWW.MAREX.COM	
HREU	OPERATING	ACTIVE	HREU	HRTEU LIMITED	IE	SINT	2018-12-24	2018-12-24					21380043Y95S8KQ3PA19	DUBLIN	WWW.HUDSON-TRADING.COM	SYSTEMATIC INTERNALISER.
HRFQ	SEGMENT	ACTIVE	HMTF	VORVEL RFQ	IT	MLTF	2016-07-25	2024-06-24			VORVEL SIM S.P.A.		815600F681369854E440	MILAN	WWW.VORVEL.EU	MTF FOR BONDS BASED ON RFQ NEGOTIATION MODEL.
HRSI	OPERATING	ACTIVE	HRSI	HUDSON RIVER TRADING - SYSTEMATIC INTERNALISER	GB	SINT	2018-06-25	2018-06-25					213800QDJQNB4546YV16	LONDON	WWW.HUDSON-TRADING.COM	SYSTEMATIC INTERNALISER.
HRTF	OPERATING	ACTIVE	HRTF	HUDSON RIVER TRADING (HRT)	US	NSPD	2018-07-23	2018-07-23				HRT	549300SMOBUC8O5UOE10	NEW YORK	WWW.HUDSON-TRADING.COM	SINGLE DEALER PLATFORM.
HRTX	OPERATING	ACTIVE	HRTX	HUDSON RIVER TRADING	US	NSPD	2018-05-28	2018-05-28				HRT	549300SMOBUC8O5UOE10	NEW YORK	WWW.HUDSON-TRADING.COM	SINGLE DEALER PLATFORM.
HSBC	OPERATING	ACTIVE	HSBC	HSBC	GB	SINT	2017-08-28	2017-08-28				HSBC SI		LONDON	WWW.HSBCNET.COM	SYSTEMATIC INTERNALISER.
HSBT	OPERATING	ACTIVE	HSBT	HSBC TRINKAUS AND BURKHARDT AG	DE	SINT	2017-08-28	2017-08-28					JUNT405OW8OY5GN4DX16	DUESSELDORF	WWW.HSBC.DE	SYSTEMATIC INTERNALISER.
HSFX	OPERATING	ACTIVE	HSFX	CBOE FX	US	NSPD	2009-01-26	2023-02-27	2023-02-27		CBOE FX MARKETS, LLC	CBOE FX	549300NW303IYRUREL46	NEW YORK, NY	WWW.FX.CBOE.COM	
HSTC	OPERATING	ACTIVE	HSTC	HANOI STOCK EXCHANGE	VN	NSPD	2009-07-27	2009-07-27				HNX		HANOI	WWW.HNX.VN	HANOI SECURITIES TRADING CENTRE HAS BECOME THE HANOI STOCK EXCHANGE IN JANUARY 2009.
HSXA	OPERATING	ACTIVE	HSXA	HSBC-X HONG KONG	HK	NSPD	2010-10-25	2010-10-25					2HI3YI5320L3RW6NJ957	HONG KONG	WWW.HSBC.COM.HK	TRADING PLATFORM WHICH IS SPECIFICALLY TRADING ASIA PACIFIC CASH EQUITIES WITH THE FOCUS OF HONG KONG CASH EQUITIES.
HSXE	OPERATING	EXPIRED	HSXE	HSBC-X UNITED KINGDOM	GB	NSPD	2012-08-27	2017-08-28		2017-08-28				LONDON	WWW.HSBC.COM	
HUDX	OPERATING	EXPIRED	HUDX	HUNGARIAN DERIVATIVE ENERGY EXCHANGE	HU	RMKT	2017-07-24	2026-05-25	2026-05-25	2026-05-25	HUDEX MAGYAR DERIVATIV ENERGIATOZSDE ZARTKORUEN MUKODO RESZVENYTARSASAG	HUDEX	529900RK7BVGI1QZI986	BUDAPEST	WWW.HUDEX.HU	HUDEX TERMINATED ITS POWER AND GAS SEGMENTS WITH EFFECT FROM 1 JANUARY 2026.
HUNG	SEGMENT	EXPIRED	XMTS	MTS HUNGARY	GB	NSPD	2011-09-26	2019-04-22		2019-04-22			213800OANOWGT2KW8O63	LONDON		MTS HUNGARY IS A DIVISION OF EUROMTS AND TRADES GOVIES BONDS.
HUPX	OPERATING	ACTIVE	HUPX	HUNGARIAN POWER EXCHANGE	HU	NSPD	2009-04-27	2009-04-27				HUPX	5299002ZYTZDPOEBYP13	BUDAPEST	WWW.HUPX.HU	
HWHE	OPERATING	ACTIVE	HWHE	HWH ENERGIMEGLING	NO	OTHR	2024-03-25	2024-03-25	2024-03-25		HWH ENERGIMEGLING AS		5493007XYZ2JJXPD8G83	BERGEN	WWW.HWH.NO	
IATS	SEGMENT	ACTIVE	IBKR	IBKR ATS	US	ATSS	2018-09-24	2022-11-28			INTERACTIVE BROKERS LLC	IATS	50OBSE5T5521O6SMZR28	GREENWICH	WWW.INTERACTIVEBROKERS.COM	IATS IS AN ALTERNATIVE TRADING SYSTEM OPERATED PURSUANT TO REGULATION ATS BY INTERACTIVE BROKERS LLC.
IBAL	OPERATING	ACTIVE	IBAL	ICE BENCHMARK ADMINISTRATION	GB	NSPD	2015-07-27	2015-07-27				IBA	2138004J1O2ULCG2XR37	LONDON	WWW.THEICE.COM/IBA	INDEPENDENT SUBSIDIARY OF THE ICE, RESPONSIBLE FOR THE END-TO-END ADMINISTRATION OF BENCHMARKS.
IBCO	OPERATING	ACTIVE	IBCO	INTERACTIVE BROKERS CORP	US	OTHR	2024-03-25	2024-03-25	2024-03-25		INTERACTIVE BROKERS CORP	IBCO	549300OSXAB3HHDJN713	GREENWICH	WWW.INTERACTIVEBROKERS.COM	ELECTRONIC TRADING (SINGLE DEALER PLATFORM).
IBEQ	SEGMENT	ACTIVE	IBIS	INVEST BANCA - IBIS EQUITY	IT	SINT	2018-03-26	2018-03-26					815600F7C251EF3D6039	FLORENCE	WWW.INVESTBANCA.IT	SYSTEMATIC INTERNALISER.
IBER	OPERATING	ACTIVE	IBER	IBERCAJA BANCO SA	ES	NSPD	2019-06-24	2019-06-24				IBERCAJA	549300OLBL49CW8CT155	ZARAGOZA	WWW.IBERCAJA.ES	REGISTER MARKET FOR BONDS.
IBEX	OPERATING	ACTIVE	IBEX	INDEPENDENT BULGARIAN ENERGY EXCHANGE	BG	NSPD	2015-12-28	2015-12-28				IBEX	485100BT642E2LWQU020	SOFIA	WWW.IBEX.BG	IBEX WAS ESTABLISHED JANUARY 2014, AS A FULLY-OWNED SUBSIDIARY OF THE BULGARIAN ENERGY HOLDING EAD. IBEX HOLDS A 10-YEAR LICENSE BY THE STATE ENERGY AND WATER REGULATORY COMMISSION TO ORGANIZING A POWER EXCHANGE FOR ELECTRICITY IN BULGARIA.
IBGH	OPERATING	ACTIVE	IBGH	IBERIAN GAS HUB	ES	NSPD	2015-04-27	2015-04-27				IBGH		BILBAO	WWW.IBERIANGASHUB.COM	TRADING PLATFORM FOR THE IBERIAN GAS MARKET.
IBIS	OPERATING	ACTIVE	IBIS	INVEST BANCA	IT	SINT	2018-02-26	2018-02-26					815600F7C251EF3D6039	FLORENCE	WWW.INVESTBANCA.IT	SYSTEMATIC INTERNALISER.
IBKR	OPERATING	ACTIVE	IBKR	INTERACTIVE BROKERS LLC	US	NSPD	2022-11-28	2022-11-28			INTERACTIVE BROKERS LLC	IBKR	50OBSE5T5521O6SMZR28	GREENWICH	WWW.INTERACTIVEBROKERS.COM	
IBLX	SEGMENT	EXPIRED	XINS	INSTINET BLX	US	ATSS	2009-06-22	2017-11-27		2017-11-27			549300MGMN3RKMU8FT57	NEW YORK	WWW.INSTINET.COM	VOLUME-TRIGGERED, MULTI-PARTY DARK CONTINUOUS BLOCK CROSSING ATS FOR US EQUITIES.
IBSC	OPERATING	ACTIVE	IBSC	ICE BONDS SECURITIES CORPORATION	US	OTHR	2025-04-28	2025-04-28	2025-04-28		ICE BONDS SECURITIES CORPORATION	IBSC	549300OUQA5TQ2JW3I71	NEW YORK	WWW.THEICE.COM	
IBSI	OPERATING	ACTIVE	IBSI	INTERACTIVE BROKERS	IE	SINT	2022-06-27	2022-06-27			INTERACTIVE BROKERS IRELAND LIMITED	IBKR	5493001B9LDFCQUY9273	DUBLIN	WWW.INTERACTIVEBROKERS.IE	SYSTEMATIC INTERNALISER.
IBUL	SEGMENT	ACTIVE	XBUL	BULGARIAN STOCK EXCHANGE - INTERNATIONAL INSTRUMENTS	BG	RMKT	2017-05-22	2023-08-28	2023-08-28		BULGARIAN STOCK EXCHANGE	BSE	747800W0XA9OV4MSRW74	SOFIA	WWW.BSE-SOFIA.BG	
ICAH	SEGMENT	EXPIRED	ICAP	TRAYPORT	GB	NSPD	2007-06-25	2018-08-27		2018-08-27			213800PICGAHUDMI1Z46	LONDON	WWW.ICAP.COM	ICAP ELECTRONIC BROKING LIMITED
ICAP	OPERATING	EXPIRED	ICAP	ICAP EUROPE	GB	NSPD	2007-06-25	2018-08-27		2018-08-27			21380076S228I25PD704	LONDON	WWW.I-SWAP.COM	
ICAS	OPERATING	EXPIRED	ICAS	ICAP ENERGY AS	NO	NSPD	2008-07-28	2018-05-28		2018-05-28			549300ESJXOU0F7S8014	BERGEN	WWW.ICAPENERGY.COM/EU	MTF - ELECTRONIC TRADING PLATFORM FOR OTC DERIVATIVES
ICAT	SEGMENT	EXPIRED	ICAH	ICAP HYDE TANKER DERIVATIVES LIMITED	GB	NSPD	2003-04-01	2008-09-22		2008-09-22			2138002GI1GKI3V4UG48	LONDON		MIC TO USE IS ICAH
ICBX	SEGMENT	ACTIVE	XINS	INSTINET CBX (US)	US	NSPD	2008-11-24	2008-11-24						NEW YORK	WWW.INSTINET.COM	CONTINUOUS BLOCK CROSSING DESTINATION FOR US EQUITIES.
ICDX	OPERATING	ACTIVE	ICDX	INDONESIA COMMODITY AND DERIVATIVES EXCHANGE	ID	NSPD	2010-02-22	2010-02-22						JAKARTA	WWW.ICDEXCHANGE.COM	COMMODITY DERIVATIVES, INCLUDING THREE MAJOR GROUPS OF COMMODITIES: METALS, SOFT AGRICULTURAL PRODUCTS, AND ENERGY.
ICEL	OPERATING	EXPIRED	ICEL	ISLAND ECN LTD, THE	US	NSPD	2005-06-27	2025-10-27		2025-10-27				NEW YORK	WWW.ISLAND.COM	
ICEN	SEGMENT	EXPIRED	ICAP	ICAP ENERGY	GB	NSPD	2007-06-25	2018-08-27		2018-08-27				LONDON	WWW.ICAPENERGY.COM	
ICEO	OPERATING	EXPIRED	ICEO	ICAP ENERGY - OTF	GB	OTFS	2017-11-27	2023-07-24		2023-07-24			213800CZM9YMSN4AL882	LONDON	WWW.ICAP.COM	
ICES	OPERATING	ACTIVE	ICES	ICE SWAP TRADE LLC	US	SEFS	2013-08-26	2025-03-24	2025-03-24		ICE SWAP TRADE LLC		549300MJXRX8C2XQEX97	NEW YORK	WWW.THEICE.COM	SWAP EXECUTION FACILITY.
ICEU	OPERATING	EXPIRED	ICEU	INTERCONTINENTAL EXCHANGE - ICE FUTURES EUROPE	GB	NSPD	2003-04-01	2011-10-24		2011-10-24			549300UF4R84F48NCH34	LONDON		
ICHK	SEGMENT	ACTIVE	NMRJ	NOMURA ICE  - HK	JP	ATSS	2020-05-25	2023-07-24	2023-07-24		NOMURA HOLDINGS		549300B3CEAHYG7K8164	TOKYO	WWW.NOMURA.COM	INTERNAL CROSSING PLATFORM FOR NOMURA.
ICKR	SEGMENT	ACTIVE	NMRJ	NOMURA ICE  - KR	JP	ATSS	2020-05-25	2023-07-24	2023-07-24		NOMURA HOLDINGS		549300B3CEAHYG7K8164	TOKYO	WWW.NOMURA.COM	INTERNAL CROSSING PLATFORM FOR NOMURA.
ICOD	SEGMENT	ACTIVE	ICOT	ICAP EU - ICAP CREDIT ON-DEMAND	FR	OTFS	2026-05-25	2026-05-25	2026-05-25		TP ICAP (EUROPE) SA	ICOD	213800R54EFFINMY1P02	PARIS	HTTPS://TPICAP.COM/TPICAP/REGULATORY-HUB/ICAP-EU-OTF	
ICOR	SEGMENT	ACTIVE	ICOT	ICAP EU -  OTF - REGISTRATION	FR	OTFS	2020-12-28	2020-12-28			TP ICAP (EUROPE) SA	TPIE	213800R54EFFINMY1P02	PARIS	HTTPS://REGULATORY.TPICAP.COM/TPICAP/EU/ICAPEUOTF	
ICOT	OPERATING	ACTIVE	ICOT	ICAP EU - OTF	FR	OTFS	2018-09-24	2018-09-24					213800R54EFFINMY1P02	PARIS	WWW.TPICAP.COM	ORGANISED TRADING FACILITY.
ICPM	OPERATING	ACTIVE	ICPM	TP ICAP UK MTF	GB	MLTF	2007-06-25	2023-10-23	2023-10-23		TP ICAP MTF LTD		21380063ZX54EUEMBR73	LONDON	HTTPS://TPICAP.COM/TPICAP/REGULATORY-HUB/TP-ICAP-UK-MTF	MULTILATERAL TRADING FACILITY.
ICPS	OPERATING	ACTIVE	ICPS	ICAP SINGAPORE RMO	SG	RMOS	2024-02-26	2024-02-26	2024-02-26		ICAP SINGAPORE PTE LTD	ICAPS	213800KLAKERLVRQ8810	SINGAPORE	HTTPS://TPICAP.COM/TPICAP/	
ICRO	SEGMENT	ACTIVE	XINS	INSTINET VWAP CROSS	US	NSPD	2009-06-22	2009-06-22						NEW YORK	WWW.INSTINET.COM	CALL MARKET CROSS PRICED AT THE DAY'S VWAP FOR US EQUITIES.
ICSE	SEGMENT	EXPIRED	ICAP	ICAP SECURITIES	GB	NSPD	2007-06-25	2018-08-27		2018-08-27			213800NMEZS3MD2IUP33	LONDON	WWW.ICAP.COM	
ICSH	SEGMENT	ACTIVE	NMRJ	NOMURA ICE  - SH	JP	ATSS	2020-05-25	2023-07-24	2023-07-24		NOMURA HOLDINGS		549300B3CEAHYG7K8164	TOKYO	WWW.NOMURA.COM	INTERNAL CROSSING PLATFORM FOR NOMURA.
ICSU	SEGMENT	EXPIRED	BTEC	ICAP SEF (US)  LLC.	US	SEFS	2014-07-28	2015-11-23	2025-03-24	2025-03-24	ICAP SEF (US) LLC		549300SKSDH15XF6VE42	JERSEY CITY	WWW.ICAP.COM	SEF FOR TRADING CFTC REGULATED SWAPS
ICSZ	SEGMENT	ACTIVE	NMRJ	NOMURA ICE  - SZ	JP	ATSS	2020-05-25	2023-07-24	2023-07-24		NOMURA HOLDINGS		549300B3CEAHYG7K8164	TOKYO	WWW.NOMURA.COM	INTERNAL CROSSING PLATFORM FOR NOMURA.
ICTQ	SEGMENT	EXPIRED	ICAP	ICAP TRUEQUOTE	GB	NSPD	2010-03-22	2018-08-27		2018-08-27				LONDON	WWW.ICAPENERGY.COM/EU	ELECTRONIC TRADING PLATFORM FOR OTC OIL SWAPS.
ICTW	SEGMENT	ACTIVE	NMRJ	NOMURA ICE  - TW	JP	ATSS	2020-05-25	2023-07-24	2023-07-24		NOMURA HOLDINGS		549300B3CEAHYG7K8164	TOKYO	WWW.NOMURA.COM	INTERNAL CROSSING PLATFORM FOR NOMURA.
ICUR	OPERATING	EXPIRED	ICUR	CURRENEX IRELAND MTF	IE	MLTF	2018-10-22	2024-10-28		2024-10-28	STATE STREET GLOBALLINK IRELAND LIMITED	CNX MTF	549300GXOGIW1ZGZ6H55	DUBLIN	WWW.CURRENEXMTF.COM/OUR-OFFERING	MULTILATERAL TRADING FACILITY FOR FX.
ICUS	OPERATING	EXPIRED	ICUS	ICE FUTURES U.S. INC	US	NSPD	2003-04-01	2011-10-24		2011-10-24			5493004R83R1LVX2IL36	NEW YORK		NEW YORK BOARD OF TRADE (NYBOT) IS RENAMED IN ICE FUTURES US. XNYF IS CHANGED INTO ICUS (ALREADY CREATED IN MAY 08 - V48) AS PER EXCHANGE REQUEST
ICXL	OPERATING	EXPIRED	ICXL	INDIAN COMMODITY EXCHANGE LTD	IN	RMKT	2010-04-26	2025-10-27		2024-12-24	INDIAN COMMODITY EXCHANGE LTD	ICEX		MUMBAI	WWW.ICEXINDIA.COM	INDIAN COMMODITY EXCHANGE LTD IS A SCREEN BASED ON-LINE DERIVATIVES EXCHANGE FOR COMMODITIES.
ICXR	SEGMENT	EXPIRED	ICUR	CURRENEX IRELAND MTF - RFQ	IE	MLTF	2018-10-22	2024-10-28		2024-10-28	STATE STREET GLOBALLINK IRELAND LIMITED	CNX MTF	549300GXOGIW1ZGZ6H55	DUBLIN	WWW.CURRENEXMTF.COM/OUR-OFFERING	MULTILATERAL TRADING FACILITY FOR FX.
IDXM	OPERATING	ACTIVE	IDXM	IDX MARKETS, LLC	US	ATSS	2021-06-28	2021-06-28			IDX MARKETS, LLC		9845006C2FC4E0741B90	NEW YORK	WWW.IDXMARKETS.COM	REGISTERED ALTERNATIVE TRADING SYSTEM (ATS) FOR FIXED INCOME STRUCTURED PRODUCTS.
IEBS	SEGMENT	ACTIVE	EBSN	EBS MTF - RFQ - FX PRODUCTS FOR ASSET MANAGERS	NL	MLTF	2019-08-26	2019-08-26					2138004TYNQCB7MLTG76	AMSTERDAM	WWW.NEX.COM	
IECE	SEGMENT	EXPIRED	ICEO	ICAP ENERGY LTD OTF - EUROPEAN COMMODITIES AND ENERGY DERIVATIVES	GB	OTFS	2017-11-27	2018-08-27		2018-08-27			213800CZM9YMSN4AL882	LONDON	WWW.TICAP.COM	OTF FOR TRADING OF EUROPEAN COMMODITIES AND ENERGY DERIVATIVES.
IECL	SEGMENT	ACTIVE	TPEO	TP ICAP E. AND C. OTF – ICAP COMMODITIES AND ENERGY DERIVATIVES	GB	OTFS	2017-11-27	2023-07-24	2023-07-24		TP ICAP E. AND C. LIMITED		549300MU2MYJLOY6IJ51	LONDON	HTTPS://TPICAP.COM/TPICAP/REGULATORY-HUB/TP-ICAP-E%26C-OTF	OTF FOR THE TRADING OF COMMODITIES AND ENERGY DERIVATIVES.
IENG	OPERATING	EXPIRED	IENG	INFOENGINE OTC	PL	NSPD	2016-06-27	2017-12-25		2017-12-25			259400NX6VT205U13626	WARSAW	WWW.INFOENGINE.PL	PLATFORM FOR OTC TRADE IN NATURAL GAS AND ELECTRICITY.
IEOS	SEGMENT	ACTIVE	IBKR	IBKR EOS ATS	US	ATSS	2022-11-28	2022-11-28			INTERACTIVE BROKERS LLC	IEOS	50OBSE5T5521O6SMZR28	GREENWICH	WWW.INTERACTIVEBROKERS.COM	IEOS IS AN ALTERNATIVE TRADING SYSTEM OPERATED PURSUANT TO REGULATION ATS BY INTERACTIVE BROKERS LLC.
IEPA	SEGMENT	ACTIVE	IFUS	INTERCONTINENTAL EXCHANGE	US	NSPD	2008-03-24	2013-12-23				ICE	5493000F4ZO33MV32P92	ATLANTA	WWW.THEICE.COM	
IEXA	OPERATING	ACTIVE	IEXA	IEX DAP LLC	US	ATSS	2024-04-22	2024-04-22	2024-04-22		IEX DAP LLC		2549006WF3VLM0R9QZ53	NEW YORK	WWW.IEX.IO	
IEXC	SEGMENT	ACTIVE	IEXG	INVESTORS EXCHANGE - DAX FACILITY	US	RMKT	2022-10-24	2022-10-24	2022-10-24		IEX DAX LLC	IEX DAX	549300H1YDWCPFOUGE67	NEW YORK	WWW.IEX.IO	
IEXD	SEGMENT	ACTIVE	IEXG	INVESTORS EXCHANGE - DARK	US	NSPD	2017-07-24	2022-10-24			INVESTORS EXCHANGE LLC	IEX		NEW YORK	WWW.IEX.IO	
IEXG	OPERATING	ACTIVE	IEXG	INVESTORS EXCHANGE	US	NSPD	2013-10-28	2022-10-24			INVESTORS EXCHANGE LLC	IEX		NEW YORK	WWW.IEX.IO	
IEXO	SEGMENT	ACTIVE	IEXG	IEX OPTIONS LLC	US	RMKT	2026-07-27	2026-07-27	2026-07-27		IEX OPTIONS LLC		254900AASNYG0UV9G731	NEW YORK	WWW.IEX.IO/OPTIONS	
IFAD	OPERATING	ACTIVE	IFAD	ICE FUTURES ABU DHABI	AE	NSPD	2019-09-23	2019-09-23					549300IAI56NENBHLT85	ABU DHABI	WWW.THEICE.COM	ELECTRONIC PLATFORM TO TRADE FUTURES AND OPTIONS PRODUCTS.
IFBX	OPERATING	ACTIVE	IFBX	IRAN FARA BOURSE	IR	RMKT	2019-03-25	2019-03-25				IFB		TEHRAN	WWW.IFB.IR	
IFCA	OPERATING	EXPIRED	IFCA	ICE FUTURES CANADA	CA	NSPD	2011-10-24	2022-06-27		2022-06-27				WINNIPEG	WWW.THEICE.COM	ELECTRONIC PLATFORM TO TRADE FUTURES AND OPTIONS PRODUCTS. IFCA REPLACES MIC XWCE.
IFED	SEGMENT	ACTIVE	IFUS	ICE FUTURES U.S. ENERGY DIVISION	US	NSPD	2012-08-27	2013-12-23					5493004R83R1LVX2IL36	NEW YORK	WWW.THEICE.COM	
IFEN	SEGMENT	ACTIVE	IFEU	ICE FUTURES EUROPE - OIL AND REFINED PRODUCTS DIVISION	GB	NSPD	2013-12-23	2013-12-23					549300UF4R84F48NCH34	LONDON	WWW.THEICE.COM	ELECTRONIC PLATFORM TO TRADE FUTURES AND OPTIONS PRODUCTS.
IFEU	OPERATING	ACTIVE	IFEU	ICE FUTURES EUROPE	GB	NSPD	2011-10-24	2013-12-23					549300UF4R84F48NCH34	LONDON	WWW.THEICE.COM	ELECTRONIC PLATFORM TO TRADE FUTURES AND OPTIONS PRODUCTS.
IFFX	SEGMENT	ACTIVE	INFT	INFRONT FX MARKET	NO	OTHR	2022-12-26	2022-12-26	2022-12-26		INFRONT AS		54930074DH4YRWTS3R80	OSLO	WWW.INFRONTFINANCE.COM	
IFLL	SEGMENT	ACTIVE	IFEU	ICE FUTURES EUROPE - FINANCIAL PRODUCTS DIVISION	GB	NSPD	2013-12-23	2013-12-23					549300UF4R84F48NCH34	LONDON	WWW.THEICE.COM	ELECTRONIC PLATFORM TO TRADE FUTURES AND OPTIONS PRODUCTS.
IFLO	SEGMENT	ACTIVE	IFEU	ICE FUTURES EUROPE - EQUITY PRODUCTS DIVISION	GB	NSPD	2013-12-23	2013-12-23					549300UF4R84F48NCH34	LONDON	WWW.THEICE.COM	ELECTRONIC PLATFORM TO TRADE FUTURES AND OPTIONS PRODUCTS.
IFLS	OPERATING	ACTIVE	IFLS	SWAPXECUTE	GB	OTFS	2017-09-25	2017-09-25					549300JUF07L8VF02M60	LONDON	WWW.INTLFCSTONE.COM	ORGANISED TRADING FACILITY (OTF) FOR OTC DERIVATIVES. NOT LIVE YET.
IFLX	SEGMENT	ACTIVE	IFEU	ICE FUTURES EUROPE - AGRICULTURAL PRODUCTS DIVISION	GB	NSPD	2013-12-23	2013-12-23					549300UF4R84F48NCH34	LONDON	WWW.THEICE.COM	ELECTRONIC PLATFORM TO TRADE FUTURES AND OPTIONS PRODUCTS.
IFSG	OPERATING	ACTIVE	IFSG	ICE FUTURES SINGAPORE	SG	NSPD	2013-12-23	2013-12-23						SINGAPORE	WWW.THEICE.COM	ELECTRONIC PLATFORM TO TRADE FUTURES AND OPTIONS PRODUCTS.
IFSM	SEGMENT	ACTIVE	XMAL	INSTITUTIONAL FINANCIAL SECURITIES MARKET	MT	RMKT	2017-11-27	2024-10-28			MALTA STOCK EXCHANGE PLC	IFSM	5299009CKES2S5E3YG94	VALLETTA	WWW.BORZAMALTA.COM.MT	PROFESSIONAL INVESTOR MARKET FOR ASSET BACKED SECURITIES, BONDS, DERIVATIVES AND SECURITISED PRODUCTS
IFUS	OPERATING	ACTIVE	IFUS	ICE FUTURES U.S.	US	NSPD	2011-10-24	2013-12-23					5493004R83R1LVX2IL36	NEW YORK	WWW.THEICE.COM	ELECTRONIC PLATFORM TO TRADE FUTURES AND OPTIONS PRODUCTS. IFUS REPLACES MIC ICUS.
IFUT	SEGMENT	ACTIVE	IFEU	ICE FUTURES EUROPE - EUROPEAN UTILITIES DIVISION	GB	NSPD	2013-12-23	2013-12-23					549300UF4R84F48NCH34	LONDON	WWW.THEICE.COM	ELECTRONIC PLATFORM TO TRADE FUTURES AND OPTIONS PRODUCTS.
IFXA	SEGMENT	EXPIRED	IFXC	FX CONNECT IRELAND MTF - ALLOCATIONS	IE	MLTF	2018-10-22	2024-10-28		2024-10-28	STATE STREET GLOBALLINK IRELAND LIMITED	IFXC MTF	549300GXOGIW1ZGZ6H55	DUBLIN	WWW.FXCONNECTMTF.COM/OUR-SERVICES	MULTILATERAL TRADING FACILITY FOR FX.
IFXC	OPERATING	EXPIRED	IFXC	FX CONNECT IRELAND MTF	IE	MLTF	2018-10-22	2024-10-28		2024-10-28	STATE STREET GLOBALLINK IRELAND LIMITED	IFXC MTF	549300GXOGIW1ZGZ6H55	DUBLIN	WWW.FXCONNECTMTF.COM/OUR-SERVICES	MULTILATERAL TRADING FACILITY FOR FX.
IFXR	SEGMENT	EXPIRED	IFXC	FX CONNECT IRELAND MTF - RFQ	IE	MLTF	2018-10-22	2024-10-28		2024-10-28	STATE STREET GLOBALLINK IRELAND LIMITED	IFXC MTF	549300GXOGIW1ZGZ6H55	DUBLIN	WWW.FXCONNECTMTF.COM/OUR-SERVICES	MULTILATERAL TRADING FACILITY FOR FX.
IGDL	OPERATING	ACTIVE	IGDL	ICAP GLOBAL DERIVATIVES LIMITED	GB	MLTF	2016-11-28	2023-10-23	2023-10-23		ICAP GLOBAL DERIVATIVES LIMITED		213800C2MCT5QBE5VW36	LONDON	HTTPS://TPICAP.COM/TPICAP/REGULATORY-HUB/ICAP-GLOBAL-DERIVATIVES-MTF	MTF/SEF FOR THE TRADING OF INTEREST RATE DERIVATIVES.
IIDX	SEGMENT	EXPIRED	XINS	INSTINET IDX	US	ATSS	2009-06-22	2017-11-27		2017-11-27			549300MGMN3RKMU8FT57	NEW YORK	WWW.INSTINET.COM	POINT-IN-TIME DARK ATS FOR US EQUITIES.
IINX	OPERATING	ACTIVE	IINX	INDIA INTERNATIONAL EXCHANGE (IFSC) LIMITED	IN	NSPD	2017-12-25	2018-03-26				INDIA INX	335800YBAB9E2H7QUW21	GIFT CITY, GANDHINAGAR	WWW.INDIAINX.COM	INDIA'S FIRST INTERNATIONAL EXCHANGE.
IKBS	OPERATING	ACTIVE	IKBS	IKB DEUTSCHE INDUSTRIEBANK AG	DE	SINT	2018-08-27	2018-08-27					PWEFG14QWWESISQ84C69	DUESSELDORF	WWW.IKB.DE	SYSTEMATIC INTERNALISER.
ILCM	SEGMENT	ACTIVE	IOTF	LOUIS CAPITAL MARKETS UK	GB	OTFS	2020-07-27	2022-08-22	2022-08-22		TP ICAP BROKING LIMITED		549300BMVW85YF9FGN67	LONDON	HTTPS://REGULATORY.TPICAP.COM/	
IMAG	SEGMENT	ACTIVE	IFUS	ICE MARKETS AGRICULTURE	US	NSPD	2011-06-27	2013-12-23					5493000F4ZO33MV32P92	ATLANTA	WWW.THEICE.COM	ELECTRONIC PLATFORM TO TRADE FUTURES, OPTIONS AND OTC AGRICULTURAL PRODUCTS.
IMBD	SEGMENT	ACTIVE	IFUS	ICE MARKETS BONDS	US	NSPD	2011-06-27	2013-12-23					5493000F4ZO33MV32P92	ATLANTA	WWW.THEICE.COM	ELECTRONIC PLATFORM TO TRADE FUTURES AND OPTIONS PRODUCTS.
IMCC	SEGMENT	ACTIVE	IBSC	ICE CREDIT TRADE	US	NSPD	2013-08-26	2025-04-28	2025-04-28		ICE BONDS SECURITIES CORPORATION		549300OUQA5TQ2JW3I71	NEW YORK	WWW.THEICE.COM	ELECTRONIC MARKET FOR FIXED INCOME PRODUCTS.
IMCD	SEGMENT	EXPIRED	ICPM	ICAP MTF - CREDIT DERIVATIVES	GB	MLTF	2017-10-23	2018-08-27		2018-08-27			21380063ZX54EUEMBR73	LONDON	WWW.TPICAP.COM	MULTILATERAL TRADING FACILITY FOR CREDIT DERIVATIVES.
IMCE	SEGMENT	ACTIVE	ICPM	TP ICAP UK MTF - CASH EQUITY	GB	MLTF	2017-10-23	2023-10-23	2023-10-23		TP ICAP MTF LTD		21380063ZX54EUEMBR73	LONDON	HTTPS://TPICAP.COM/TPICAP/REGULATORY-HUB/TP-ICAP-UK-MTF	MULTILATERAL TRADING FACILITY FOR CASH EQUITY.
IMCG	SEGMENT	ACTIVE	IFUS	CREDITEX LLC	US	NSPD	2013-08-26	2015-06-22					549300MTPNQ2UHMICT12	NEW YORK	WWW.THEICE.COM	OTC MARKET FOR CREDIT DERIVATIVES
IMCM	SEGMENT	EXPIRED	ICPM	ICAP MTF - COMMODITIES	GB	MLTF	2017-10-23	2018-08-27		2018-08-27			21380063ZX54EUEMBR73	LONDON	WWW.TPICAP.COM	MULTILATERAL TRADING FACILITY FOR COMMODITIES.
IMCO	SEGMENT	ACTIVE	NDEX	ICE ENDEX OTF FUTURES	NL	OTFS	2011-06-27	2017-12-25				ICE ENDEX OTF		AMSTERDAM	WWW.THEICE.COM/ENDEX	ELECTRONIC ORGANISED TRADING PLATFORM.
IMCR	SEGMENT	ACTIVE	IFUS	ICE MARKETS CREDIT	US	NSPD	2011-06-27	2013-12-23					5493000F4ZO33MV32P92	ATLANTA	WWW.THEICE.COM	ELECTRONIC PLATFORM TO TRADE CREDIT PRODUCTS.
IMCS	OPERATING	ACTIVE	IMCS	IMC FINANCIAL MARKETS	US	NSPD	2017-06-26	2017-06-26					KFGLWNFOI5LR50W0VO56	CHICAGO	WWW.IMC.COM	ELECTRONIC TRADING PLATFORM.
IMCT	OPERATING	ACTIVE	IMCT	IMC	NL	SINT	2018-07-23	2018-07-23				IMC	213800A1PNS41NG89H87	AMSTERDAM	WWW.IMC.COM	SYSTEMATIC INTERNALISER.
IMED	SEGMENT	ACTIVE	ICPM	TP ICAP UK MTF - EQUITY DERIVATIVES	GB	MLTF	2017-10-23	2023-10-23	2023-10-23		TP ICAP MTF LTD		21380063ZX54EUEMBR73	LONDON	HTTPS://TPICAP.COM/TPICAP/REGULATORY-HUB/TP-ICAP-UK-MTF	MULTILATERAL TRADING FACILITY FOR EQUITY DERIVATIVES.
IMEN	SEGMENT	ACTIVE	IFUS	ICE MARKETS ENERGY	US	NSPD	2011-06-27	2013-12-23					5493000F4ZO33MV32P92	ATLANTA	WWW.THEICE.COM	ELECTRONIC PLATFORM TO TRADE ENERGY PRODUCTS.
IMEQ	SEGMENT	ACTIVE	NDEX	ICE MARKETS EQUITY	NL	RMKT	2011-06-27	2017-06-26				ICE ENDEX EQUITY	549300CZW488L20NT866	AMSTERDAM	WWW.THEICE.COM/ENDEX	ELECTRONIC PLATFORM TO TRADE EQUITY PRODUCTS.
IMET	SEGMENT	ACTIVE	ICPM	TP ICAP UK MTF - EXCHANGE TRADED PRODUCTS	GB	MLTF	2017-10-23	2023-10-23	2023-10-23		TP ICAP MTF LTD		21380063ZX54EUEMBR73	LONDON	HTTPS://TPICAP.COM/TPICAP/REGULATORY-HUB/TP-ICAP-UK-MTF	MULTILATERAL TRADING FACILITY FOR EXCHANGE-TRADED FUNDS.
IMEX	OPERATING	ACTIVE	IMEX	IRAN MERCANTILE EXCHANGE	IR	NSPD	2011-08-22	2011-08-22						TEHRAN	WWW.IME.CO.IR	COMMODITIES EXCHANGE.
IMFD	SEGMENT	ACTIVE	ICPM	TP ICAP UK MTF - FX DERIVATIVES	GB	MLTF	2017-10-23	2023-10-23	2023-10-23		TP ICAP MTF LTD		21380063ZX54EUEMBR73	LONDON	HTTPS://TPICAP.COM/TPICAP/REGULATORY-HUB/TP-ICAP-UK-MTF	MULTILATERAL TRADING FACILITY FOR FX DERIVATIVES.
IMFX	SEGMENT	ACTIVE	IFUS	ICE MARKETS FOREIGN EXCHANGE	US	NSPD	2011-05-23	2013-12-23					5493000F4ZO33MV32P92	ATLANTA	WWW.THEICE.COM	ELECTRONIC TRADING PLATFORM FOR OTC DERIVATIVES.
IMGB	SEGMENT	ACTIVE	ICPM	TP ICAP UK MTF - GOVERNMENT BONDS EXCLUDING GILTS	GB	MLTF	2017-10-23	2023-10-23	2023-10-23		TP ICAP MTF LTD		21380063ZX54EUEMBR73	LONDON	HTTPS://TPICAP.COM/TPICAP/REGULATORY-HUB/TP-ICAP-UK-MTF	MULTILATERAL TRADING FACILITY FOR GOVERNMENT BONDS EXCLUDING GILTS.
IMGI	SEGMENT	ACTIVE	ICPM	TP ICAP UK MTF - GILTS	GB	MLTF	2017-10-23	2023-10-23	2023-10-23		TP ICAP MTF LTD		21380063ZX54EUEMBR73	LONDON	HTTPS://TPICAP.COM/TPICAP/REGULATORY-HUB/TP-ICAP-UK-MTF	MULTILATERAL TRADING FACILITY FOR GILTS.
IMIR	SEGMENT	ACTIVE	IFUS	ICE MARKETS RATES	US	NSPD	2011-10-24	2013-12-23					5493000F4ZO33MV32P92	ATLANTA	WWW.THEICE.COM	ELECTRONIC PLATFORM TO TRADE CURRENCY PRODUCTS.
IMMH	OPERATING	ACTIVE	IMMH	IMMH - INTESA SANPAOLO	IT	SINT	2018-05-28	2020-07-27					2W8N8UU78PMDQKZENC08	MILAN	WWW.INTESASANPAOLO.COM	SYSTEMATIC INTERNALISER. EFFECTIVE MERGER DATE IS ON 20 JULY 2020.
IMMM	SEGMENT	ACTIVE	ICPM	TP ICAP UK MTF - MONEY MARKET INSTRUMENTS	GB	MLTF	2017-10-23	2023-10-23	2023-10-23		TP ICAP MTF LTD		21380063ZX54EUEMBR73	LONDON	HTTPS://TPICAP.COM/TPICAP/REGULATORY-HUB/TP-ICAP-UK-MTF	MULTILATERAL TRADING FACILITY FOR MONEY MARKET INSTRUMENTS.
IMRD	SEGMENT	ACTIVE	ICPM	TP ICAP UK MTF - INTEREST RATE DERIVATIVES	GB	MLTF	2017-10-23	2023-10-23	2023-10-23		TP ICAP MTF LTD		21380063ZX54EUEMBR73	LONDON	HTTPS://TPICAP.COM/TPICAP/REGULATORY-HUB/TP-ICAP-UK-MTF	MULTILATERAL TRADING FACILITY FOR INTEREST RATE DERIVATIVES.
IMSB	SEGMENT	ACTIVE	ICPM	TP ICAP UK MTF - CORPORATE BONDS AND SECURITIES DEBT	GB	MLTF	2017-10-23	2023-10-23	2023-10-23		TP ICAP MTF LTD		21380063ZX54EUEMBR73	LONDON	HTTPS://TPICAP.COM/TPICAP/REGULATORY-HUB/TP-ICAP-UK-MTF	MULTILATERAL TRADING FACILITY FOR CORPORATE BONDS AND SECURITISED DEBT.
IMTF	OPERATING	ACTIVE	IMTF	INTEGRAL MTF	GB	MLTF	2017-11-27	2018-02-26					549300YLYOXGEYO4YK89	LONDON	WWW.INTEGRALMTF.COM	MULTILATERAL TRADING FACILITY.
IMTS	SEGMENT	EXPIRED	XMTS	MTS IRELAND	GB	NSPD	2005-11-28	2019-04-22		2019-04-22			213800OANOWGT2KW8O63	LONDON	WWW.MTSIRELAND.COM	
INCA	SEGMENT	ACTIVE	XINS	INSTINET DESK CROSS	US	NSPD	2017-12-25	2017-12-25					549300B5FJH6P0V01C37	NEW YORK	WWW.INSTINET.COM	
INCC	OPERATING	ACTIVE	INCC	CIX INTELLIGENTCROSS MIDPOINT	CA	ATSS	2026-08-24	2026-08-24	2026-08-24		CIX TRADING INC.		254900KEVUYILI288P07	TORONTO	WWW.THECIX.CA	
INCR	OPERATING	ACTIVE	INCR	INTELLIGENTCROSS	US	ATSS	2018-05-28	2023-06-26			INTELLIGENT CROSS LLC		254900TX2BTPJWW4A154	STAMFORD	WWW.INTELLIGENTCROSS.COM	INTELLIGENTCROSS MIDPOINT.
INFT	OPERATING	ACTIVE	INFT	INFRONT MARKETS	NO	OTHR	2022-11-28	2022-11-28	2022-11-28		INFRONT AS		54930074DH4YRWTS3R80	OSLO	WWW.INFRONTFINANCE.COM	
INGB	OPERATING	ACTIVE	INGB	ING BANK NV	NL	SINT	2017-10-23	2025-05-26	2025-05-26		ING BANK NV		3TK20IVIUJ8J3ZU0QE75	AMSTERDAM	WWW.ING.COM	SYSTEMATIC INTERNALISER.
INGE	SEGMENT	ACTIVE	INGB	ING BANK NV - SPRINTERS	NL	SINT	2017-11-27	2025-05-26	2025-05-26		ING BANK NV		3TK20IVIUJ8J3ZU0QE75	AMSTERDAM	WWW.ING.COM	SYSTEMATIC INTERNALISER FOR SPRINTERS.
INGF	SEGMENT	EXPIRED	INGB	ING BANK NV - FOREIGN EXCHANGE	NL	SINT	2017-11-27	2025-05-26	2025-05-26	2025-05-26	ING BANK NV		3TK20IVIUJ8J3ZU0QE75	AMSTERDAM	WWW.ING.COM	SYSTEMATIC INTERNALISER FOR FX.
INGS	SEGMENT	ACTIVE	INGB	ING BANK NV - EQUITY	NL	SINT	2025-05-26	2025-05-26	2025-05-26		ING BANK NV		3TK20IVIUJ8J3ZU0QE75	AMSTERDAM	WWW.ING.COM	
INGU	OPERATING	ACTIVE	INGU	ING BANK NV  - LONDON BRANCH	GB	SINT	2022-03-28	2022-03-28			ING BANK NV		3TK20IVIUJ8J3ZU0QE75	LONDON	WWW.ING.COM	SYSTEMATIC INTERNALISER.
INGW	OPERATING	ACTIVE	INGW	ING BANK SLASKI SA	PL	SINT	2018-09-24	2018-09-24					259400YLRTOBISHBVX41	WARSAW	WWW.INGBANK.PL	SYSTEMATIC INTERNALISER.
INSE	SEGMENT	ACTIVE	XNSE	NSE IFSC LIMITED	IN	NSPD	2018-06-25	2018-06-25				NSE IFSC	335800Z9BHFE6RABLT37	GANDHINAGAR	WWW.NSEIFSC.COM	FULLY OWNED SUBSIDIARY COMPANY OF NATIONAL STOCK EXCHANGE OF INDIA LIMITED (NSE).
INSR	SEGMENT	ACTIVE	INCR	INTELLIGENTCROSS - ALPS	US	OTHR	2025-11-24	2025-11-24	2025-11-24		INTELLIGENT CROSS LLC		254900TX2BTPJWW4A154	STAMFORD	WWW.INTELLIGENTCROSS.COM	
INTL	OPERATING	ACTIVE	INTL	STONEX FINANCIAL INC.	US	ATSS	2022-10-24	2022-10-24	2022-10-24		STONEX FINANCIAL INC.		549300LNKU6K5TJCRG93	WINTER PARK	WWW.STONEX.COM	
INVE	OPERATING	ACTIVE	INVE	INVESTEC BANK PLC	GB	SINT	2017-09-25	2017-09-25					84S0VF8TSMH0T6D4K848	LONDON	WWW.INVESTEC.COM	SYSTEMATIC INTERNALISER - LIVE IN JANUARY 2018.
IOCD	SEGMENT	ACTIVE	IOTF	TP ICAP UK OTF - CREDIT DERIVATIVES ICAP	GB	OTFS	2017-11-27	2026-08-24	2026-08-24		TP ICAP BROKING LIMITED		549300BMVW85YF9FGN67	LONDON	WWW.TPICAP.COM/TPICAP/REGULATORY-HUB	OTF FOR THE TRADING OF CREDIT DERIVATIVES.
IOED	SEGMENT	ACTIVE	IOTF	TP ICAP UK OTF - EQUITY DERIVATIVES ICAP	GB	OTFS	2017-11-27	2026-08-24	2026-08-24		TP ICAP BROKING LIMITED		549300BMVW85YF9FGN67	LONDON	WWW.TPICAP.COM/TPICAP/REGULATORY-HUB	OTF FOR THE TRADING OF EQUITY DERIVATIVES.
IOFB	SEGMENT	EXPIRED	IOTF	ICAP SECURITIES OTF - BUTLER FX DERIVATIVES	GB	OTFS	2017-11-27	2018-05-28		2018-05-28			213800NMEZS3MD2IUP33	LONDON	WWW.TICAP.COM	OTF FOR THE TRADING OF FX DERIVATIVES.
IOFI	SEGMENT	ACTIVE	IOTF	TP ICAP UK OTF - CORPORATE BONDS AND SECURITISED DEBT ICAP	GB	OTFS	2017-11-27	2026-08-24	2026-08-24		TP ICAP BROKING LIMITED		549300BMVW85YF9FGN67	LONDON	WWW.TPICAP.COM/TPICAP/REGULATORY-HUB	OTF FOR THE TRADING OF CORPORATE BONDS AND SECURITISED DEBT.
IOFX	SEGMENT	ACTIVE	IOTF	TP ICAP UK OTF - FX DERIVATIVES ICAP	GB	OTFS	2017-11-27	2026-08-24	2026-08-24		TP ICAP BROKING LIMITED		549300BMVW85YF9FGN67	LONDON	WWW.TPICAP.COM/TPICAP/REGULATORY-HUB	OTF FOR THE TRADING OF FX DERIVATIVES.
IOGB	SEGMENT	ACTIVE	IOTF	TP ICAP UK OTF - GOVERNMENT BONDS EXCLUDING  UK GILTS ICAP	GB	OTFS	2017-11-27	2026-08-24	2026-08-24		TP ICAP BROKING LIMITED		549300BMVW85YF9FGN67	LONDON	WWW.TPICAP.COM/TPICAP/REGULATORY-HUB	OTF FOR THE TRADING OF GOVERNMENT BONDS EXCLUDING  UK GILTS.
IOGI	SEGMENT	ACTIVE	IOTF	TP ICAP UK OTF - GOVERNMENT BONDS - UK GILTS ICAP	GB	OTFS	2017-11-27	2026-08-24	2026-08-24		TP ICAP BROKING LIMITED		549300BMVW85YF9FGN67	LONDON	WWW.TPICAP.COM/TPICAP/REGULATORY-HUB	OTF FOR THE TRADING OF GOVERNMENT BONDS - UK GILTS.
IOIR	SEGMENT	ACTIVE	IOTF	TP ICAP UK OTF - INTEREST RATE DERIVATIVES ICAP	GB	OTFS	2017-11-27	2026-08-24	2026-08-24		TP ICAP BROKING LIMITED		549300BMVW85YF9FGN67	LONDON	WWW.TPICAP.COM/TPICAP/REGULATORY-HUB	OTF FOR THE TRADING OF INTEREST RATE DERIVATIVES.
IOMM	SEGMENT	ACTIVE	IOTF	TP ICAP UK OTF - MONEY MARKET INSTRUMENTS ICAP	GB	OTFS	2017-11-27	2026-08-24	2026-08-24		TP ICAP BROKING LIMITED		549300BMVW85YF9FGN67	LONDON	WWW.TPICAP.COM/TPICAP/REGULATORY-HUB	OTF FOR THE TRADING OF MONEY MARKET INSTRUMENTS.
IOTC	SEGMENT	ACTIVE	XIEL	INSTINET EUROPE LIMITED OTC	GB	NSPD	2017-11-27	2017-11-27					213800MXAKR2LA1VBM44	LONDON	WWW.INSTINET.COM	
IOTF	OPERATING	ACTIVE	IOTF	TP ICAP UK OTF	GB	OTFS	2017-11-27	2026-08-24	2026-08-24		TP ICAP BROKING LIMITED	ISL OTF	549300BMVW85YF9FGN67	LONDON	WWW.TPICAP.COM/TPICAP/REGULATORY-HUB	
IPNL	OPERATING	EXPIRED	IPNL	ISWAP EURO MTF	NL	MLTF	2018-10-22	2018-12-24		2018-12-24			5493009UWRK48KKUD358	AMSTERDAM	WWW.ICAP.COM	ISWAP EURO MULTILATERAL TRADING FACILITY FOR THE TRADING OF INTEREST RATE DERIVATIVES.
IPSX	OPERATING	EXPIRED	IPSX	IPSX	GB	NSPD	2017-11-27	2023-12-25	2023-12-25	2023-12-25	IPSX UK LIMITED	IPSX	894500WZQU4IFOZWXD84	GUILDFORD	WWW.IPSX.COM	REGISTERED MARKET FOR COMMERCIAL PROPERTY EQUITY.
IPXP	SEGMENT	EXPIRED	IPSX	IPSX PRIME	GB	NSPD	2018-09-24	2023-12-25	2023-12-25	2023-12-25	IPSX UK LIMITED	IPSX	894500WZQU4IFOZWXD84	GUILDFORD	WWW.IPSX.COM	REGISTERED MARKET FOR COMMERCIAL PROPERTY EQUITY.
IPXW	SEGMENT	EXPIRED	IPSX	IPSX WHOLESALE	GB	RMKT	2019-03-25	2023-12-25	2023-12-25	2023-12-25	IPSX UK LIMITED	IPSX	894500WZQU4IFOZWXD84	GUILDFORD	WWW.IPSX.COM	REGISTERED MARKET FOR EQUITIES IN COMMERCIAL PROPERTY.
ISBA	OPERATING	ACTIVE	ISBA	BANCA DI ASTI	IT	SINT	2018-07-23	2022-11-28	2022-11-28		CASSA DI RISPARMIO DI ASTI S.P.A. SIGLABILE: BANCA C.R.ASTI S.P.A., OPPURE BANCA DI ASTI		81560027D07F9BDB8436	ASTI	WWW.BANCADIASTI.IT	SYSTEMATIC INTERNALISER.
ISBV	OPERATING	EXPIRED	ISBV	BIVER BANCA	IT	SINT	2018-07-23	2022-11-28	2022-11-28	2022-11-28			8156008060E1E4EFE316	BIELLA	WWW.BIVERBANCA.IT	SYSTEMATIC INTERNALISER.
ISDA	OPERATING	ACTIVE	ISDA	ISDAFIX	US	NSPD	2012-11-26	2012-11-26					549300X2X6FG1ZZO4603	NEW YORK	WWW2.ISDA.ORG	SCREEN SERVICE FOR SWAP RATES FOR SWAP TRANSACTIONS WORLDWIDE.
ISDX	SEGMENT	EXPIRED	ICAP	ICAP SECURITIES AND DERIVATIVES EXCHANGE LIMITED	GB	NSPD	2012-11-26	2017-06-26		2017-06-26			213800NMEZS3MD2IUP33	LONDON	WWW.ISDX.COM	MIC TO USE IS NEXX AND RELATED SEGMENT MICS.
ISEC	SEGMENT	EXPIRED	XICE	FIRST NORTH ICELAND	IS	NSPD	2010-05-24	2015-11-23		2015-11-23	NASDAQ ICELAND HF.		5493000SYSCC8J8U5638	REYKJAVIK	WWW.NASDAQOMXNORDIC.COM	
ISEX	OPERATING	ACTIVE	ISEX	INTER-CONNECTED STOCK EXCHANGE OF INDIA LTD	IN	NSPD	2007-09-24	2007-09-24				ISE	335800NLY5HYW9I7YE03	MUMBAI	WWW.ISEINDIA.COM	
ISSI	OPERATING	ACTIVE	ISSI	ICBC STANDARD BANK	GB	SINT	2018-09-24	2018-09-24				ICBCS	F01VVKN4DRF2NWKGQ283	LONDON	WWW.ICBCSTANDARDBANK.COM	SYSTEMATIC INTERNALISER.
ISWA	OPERATING	ACTIVE	ISWA	ISWAP UK MTF	GB	MLTF	2012-01-23	2022-01-24	2022-01-24		ISWAP EURO LIMITED		213800CHG2XKP74RJQ39	LONDON	WWW.I-SWAP.COM	AUTHORISED MTF FOR OF EURO INTEREST RATE SWAPS.
ISWB	SEGMENT	ACTIVE	ISWA	ISWAP UK MTF - TRADE REGISTRATION	GB	MLTF	2017-11-27	2022-01-24	2022-01-24		ISWAP EURO LIMITED		213800CHG2XKP74RJQ39	LONDON	WWW.I-SWAP.COM	REPORTING OF LIS AND OFF VENUE TRADES.
ISWC	SEGMENT	ACTIVE	ISWA	ISWAP UK MTF ORDER BOOK	GB	MLTF	2017-10-23	2022-01-24	2022-01-24		ISWAP EURO LIMITED		213800CHG2XKP74RJQ39	LONDON	WWW.I-SWAP.COM	
ISWE	SEGMENT	ACTIVE	IGDL	ICAP GLOBAL DERIVATIVES LIMITED - ELECTRONIC	GB	MLTF	2017-12-25	2023-10-23	2023-10-23		ICAP GLOBAL DERIVATIVES LIMITED		213800C2MCT5QBE5VW36	LONDON	HTTPS://TPICAP.COM/TPICAP/REGULATORY-HUB/ICAP-GLOBAL-DERIVATIVES-MTF	MTF/SEF FOR THE TRADING OF INTEREST RATE DERIVATIVES – CLOB.
ISWN	SEGMENT	ACTIVE	ISWP	ISWAP EURO MTF - TRADE REGISTRATION	NL	MLTF	2018-10-22	2023-08-28	2023-08-28		ISWAP EURO B.V.		213800ZGMHG92WXVFB36	AMSTERDAM	WWW.ICAP.COM	ISWAP EURO MULTILATERAL TRADING FACILITY FOR THE TRADING OF INTEREST RATE DERIVATIVES.
ISWO	SEGMENT	ACTIVE	ISWP	ISWAP EURO MTF - ORDERBOOK	NL	MLTF	2018-10-22	2023-08-28	2023-08-28		ISWAP EURO B.V.		213800ZGMHG92WXVFB36	AMSTERDAM	WWW.ICAP.COM	ISWAP EURO MULTILATERAL TRADING FACILITY FOR THE TRADING OF INTEREST RATE DERIVATIVES.
ISWP	OPERATING	ACTIVE	ISWP	ISWAP EURO MTF	NL	MLTF	2018-12-24	2023-08-28	2023-08-28		ISWAP EURO B.V.		213800ZGMHG92WXVFB36	AMSTERDAM	WWW.ICAP.COM	ISWAP EURO MULTILATERAL TRADING FACILITY FOR THE TRADING OF INTEREST RATE DERIVATIVES.
ISWQ	SEGMENT	ACTIVE	ISWP	ISWAP EURO MTF - SEF	NL	MLTF	2025-02-24	2025-04-28	2025-04-28		ISWAP EURO B.V.		213800ZGMHG92WXVFB36	AMSTERDAM	HTTPS://TPICAP.COM/TPICAP/REGULATORY-HUB/ISWAP-EURO-MTF-SEF	ISWAP EURO MULTILATERAL TRADING FACILITY FOR THE TRADING OF INTEREST RATE DERIVATIVES.
ISWR	SEGMENT	ACTIVE	ISWA	ISWAP UK MTF TARGETED STREAMING/RFQ	GB	MLTF	2017-10-23	2022-01-24	2022-01-24		ISWAP EURO LIMITED		213800CHG2XKP74RJQ39	LONDON	WWW.I-SWAP.COM	
ISWT	SEGMENT	ACTIVE	ISWP	ISWAP EURO MTF - TARGETED STREAMING / RFQ	NL	MLTF	2018-10-22	2023-08-28	2023-08-28		ISWAP EURO B.V.		213800ZGMHG92WXVFB36	AMSTERDAM	WWW.ICAP.COM	ISWAP EURO MULTILATERAL TRADING FACILITY FOR THE TRADING OF INTEREST RATE DERIVATIVES.
ISWV	SEGMENT	ACTIVE	IGDL	ICAP GLOBAL DERIVATIVES LIMITED - VOICE	GB	MLTF	2017-12-25	2023-10-23	2023-10-23		ICAP GLOBAL DERIVATIVES LIMITED		213800C2MCT5QBE5VW36	LONDON	HTTPS://TPICAP.COM/TPICAP/REGULATORY-HUB/ICAP-GLOBAL-DERIVATIVES-MTF	MTF/SEF FOR THE TRADING OF INTEREST RATE DERIVATIVES – VOICE / RFQ.
ITGI	OPERATING	ACTIVE	ITGI	POSIT	US	ATSS	2005-12-26	2022-11-28	2022-11-28		VIRTU AMERICAS LLC		549300RA02N3BNSWBV74	NEW YORK	WWW.VIRTU.COM	ATS
ITGL	OPERATING	ACTIVE	ITGL	POSIT MTF	IE	MLTF	2017-10-23	2019-10-28				POSIT		DUBLIN	WWW.VIRTU.COM	
ITSL	OPERATING	ACTIVE	ITSL	INTERNATIONAL TRADING SYSTEM (ITS)	KZ	MLTF	2024-01-22	2024-01-22	2024-01-22		INTERNATIONAL TRADING SYSTEM LIMITED	ITS	984500F0FC6941BA0333	ASTANA	HTTPS://ITSX.KZ/	
ITSM	OPERATING	EXPIRED	ITSM	AIM ITALIA - MERCATO ALTERNATIVO DEL CAPITALE	IT	NSPD	2003-04-01	2012-04-23		2012-04-23				MILAN		COMBINATION OF SME MARKETS OF AIM ITALIA AND MAC IN ITALY.
IUOB	SEGMENT	ACTIVE	IOTF	TP ICAP UK OTF - ORDERBOOK ICAP	GB	OTFS	2019-11-25	2026-08-24	2026-08-24		TP ICAP BROKING LIMITED		549300BMVW85YF9FGN67	LONDON	WWW.TPICAP.COM/TPICAP/REGULATORY-HUB	
IVCM	SEGMENT	ACTIVE	IOTF	TP ICAP UK OTF - EQUITY DERIVATIVES VCM	GB	OTFS	2026-06-22	2026-08-24	2026-08-24		TP ICAP BROKING LIMITED		549300BMVW85YF9FGN67	LONDON	HTTPS://REGULATORY.TPICAP.COM/	OTF FOR TRADING EQUITY DERIVATIVES.
IVWP	SEGMENT	ACTIVE	INCR	INTELLIGENTCROSS - VWAP CROSS	US	ATSS	2024-11-25	2024-11-25	2024-11-25		INTELLIGENT CROSS LLC		254900TX2BTPJWW4A154	STAMFORD	WWW.INTELLIGENTCROSS.COM	
IVZX	OPERATING	ACTIVE	IVZX	INVESCO CANADA PTF TRADES	CA	NSPD	2014-07-28	2014-07-28					9F443AVI6KXI3MYCLS29	TORONTO	WWW.INVESCO.CA	TRADING PLATFORM FOR MUTUAL FUNDS
IXSP	OPERATING	EXPIRED	IXSP	INTERNATIONAL STOCK EXCHANGE SAINT-PETERSBOURG	RU	NSPD	2008-03-24	2013-03-25		2013-03-25		IXSP		SAINT-PETERSBURG	WWW.IXSP.RU	SECURITIES MARKETS, IPO. REGISTRED IN APRIL 2007
JADX	OPERATING	ACTIVE	JADX	JOINT ASIAN DERIVATIVES EXCHANGE	SG	NSPD	2007-05-28	2007-05-28						SINGAPORE	WWW.JADEEXCHANGE.COM	
JASR	SEGMENT	EXPIRED	XIJP	JAPANCROSSING	JP	NSPD	2007-09-24	2018-02-26		2018-02-26				TOKYO	WWW.INSTINET.COM	
JATA	OPERATING	EXPIRED	JATA	JASDAQ TACHIAIGAI (OFF-FLOOR MARKET)	JP	NSPD	2003-04-01	2010-09-27		2010-09-27			353800578ADEGIJTVW07	TOKYO		DELETED DUE TO ORGANIZATIONAL MERGER OF OSE AND JASDAQ.
JBSI	OPERATING	ACTIVE	JBSI	JYSKE BANK	DK	SINT	2017-09-25	2017-09-25					3M5E1GQGKL17HI6CPN30	SILKEBORG	WWW.JYSKEBANK.DK	SYSTEMATIC INTERNALISER.
JBUL	SEGMENT	ACTIVE	XBUL	BULGARIAN STOCK EXCHANGE - INTERNATIONAL MTF	BG	MLTF	2019-02-25	2023-08-28	2023-08-28		BULGARIAN STOCK EXCHANGE	BSE-MTF	747800W0XA9OV4MSRW74	SOFIA	WWW.BSE-SOFIA.BG	INTERNATIONAL INSTRUMENTS OF MULTILATERAL TRADING FACILITY, ORGANIZED BY BULGARIAN STOCK EXCHANGE.
JCEX	OPERATING	ACTIVE	JCEX	JUICEX	US	DCMS	2026-09-28	2026-09-28	2026-09-28		JUICE EXCHANGE, LLC		254900JC1VMV5FF08Z97	MIAMI	WWW.JUICEX.COM	
JEFA	OPERATING	ACTIVE	JEFA	JEFFERIES ASIA	JP	OTHR	2023-12-25	2026-05-25	2026-05-25		JEFFERIES JAPAN COMPANY LIMITED		529900TRDDAM486PNM94	TOKYO	WWW.JEFFERIES.COM	DARK POOL.
JEFB	SEGMENT	ACTIVE	INCR	INTELLIGENTCROSS - JEFB	US	OTHR	2026-02-23	2026-02-23	2026-02-23		INTELLIGENT CROSS LLC		254900TX2BTPJWW4A154	STAMFORD	WWW.INTELLIGENTCROSS.COM	
JEFE	OPERATING	ACTIVE	JEFE	JEFFERIES EUROPE	DE	SINT	2018-11-26	2024-01-22	2024-01-22		JEFFERIES GMBH		5493004I3LZM39BWHQ75	FRANKFURT	WWW.JEFFERIES.COM	
JEFS	SEGMENT	ACTIVE	JISI	JEFFERIES INTERNATIONAL - SYSTEMATIC INTERNALISER	GB	SINT	2017-12-25	2017-12-25					S5THZMDUJCTQZBTRVI98	LONDON	WWW.JEFFERIES.COM	SYSTEMATIC INTERNALISER.
JEFX	OPERATING	EXPIRED	JEFX	JETX	US	NSPD	2014-07-28	2014-07-28		2022-06-27	JEFFERIES GROUP LLC		NY9Q8VBNB6D1L6YV0J84	NEW YORK	WWW.JEFFERIES.COM	DARK POOL FOR NMS EQUITIES
JESI	SEGMENT	ACTIVE	JEFE	JEFFERIES EUROPE - SYSTEMATIC INTERNALISER	DE	SINT	2018-11-26	2018-11-26					5493004I3LZM39BWHQ75	FRANKFURT	WWW.JEFFERIES.COM	SYSTEMATIC INTERNALISER.
JISI	OPERATING	ACTIVE	JISI	JEFFERIES INTERNATIONAL	GB	SINT	2017-10-23	2024-01-22	2024-01-22		JEFFERIES GMBH		S5THZMDUJCTQZBTRVI98	LONDON	WWW.JEFFERIES.COM	
JLEQ	SEGMENT	ACTIVE	JLQD	JUMP TRADING - US EQUITY PLATFORM	US	NSPD	2022-06-27	2025-03-24	2025-03-24		JUMP EXECUTION, LLC	JLEQ	549300ZDS2O1LQJGVJ79	CHICAGO	WWW.JUMPTRADING.COM	MARKET MAKING PLATFORM FOR US EQUITIES OPERATED BY JUMP EXECUTION, LLC.
JLEU	OPERATING	ACTIVE	JLEU	JUMP TRADING EU EQUITY PLATFORM	NL	SINT	2019-02-25	2025-03-24	2025-03-24		JUMP TRADING EUROPE B.V.		549300HFXRW8BZRK3J17	AMSTERDAM	WWW.JUMPTRADING.COM	SYSTEMATIC INTERNALISER FOR EU EQUITIES OPERATED BY JUMP TRADING EUROPE B.V.
JLQD	OPERATING	ACTIVE	JLQD	JUMP TRADING - MULTI-ASSET PLATFORM	US	NSPD	2017-09-25	2025-03-24	2025-03-24		JUMP TRADING, LLC	JLQD	PQLMYUFDGPG4H0E88R88	CHICAGO	WWW.JUMPTRADING.COM	MULTI-ASSET PLATFORM FOR SECURITIES, FUTURES, AND FX.
JLSI	OPERATING	EXPIRED	JLSI	JUMP TRADING	GB	SINT	2017-12-25	2019-09-23		2019-09-23	JUMP TRADING INTERNATIONAL LIMITED		213800IKZ1Z1BOI2RL67	LONDON	WWW.JUMPTRADING.COM	SYSTEMATIC INTERNALISER FOR EU EQUITIES.
JNSI	OPERATING	ACTIVE	JNSI	JANE STREET NETHERLANDS B.V.	NL	SINT	2020-10-26	2020-12-28			JANE STREET NETHERLANDS B.V.		549300AE0DWETJDYFB29	AMSTERDAM	WWW.JANESTREET.COM	SYSTEMATIC INTERNALISER.
JNST	OPERATING	ACTIVE	JNST	JANE STREET CAPITAL, LLC	US	NSPD	2020-03-23	2020-03-23					549300ZM16HMPEPNV857	NEW YORK	WWW.JANESTREET.COM	WHOLESALING PLATFORM.
JPBX	OPERATING	ACTIVE	JPBX	JPBX	US	ATSS	2017-01-23	2017-01-23				JPBX	8I5DZWZKVSZI1NUHU748	NEW YORK	WWW.JPMORGAN.COM	J.P. MORGAN ATS
JPCB	OPERATING	ACTIVE	JPCB	JPMORGAN CHASE BANK N.A. LONDON BRANCH	GB	SINT	2017-06-26	2023-09-25	2023-09-25		JPMORGAN CHASE BANK, NATIONAL ASSOCIATION		7H6GLXDRUGQFU57RNE97	LONDON	WWW.JPMORGAN.COM	
JPEU	OPERATING	ACTIVE	JPEU	J.P. MORGAN SE	DE	SINT	2018-07-23	2022-01-24	2022-01-24		J.P. MORGAN SE		549300ZK53CNGEEI6A29	FRANKFURT	WWW.JPMORGAN.COM	SYSTEMATIC INTERNALISER.
JPJX	OPERATING	ACTIVE	JPJX	JP JENKINS	GB	OTHR	2023-12-25	2026-04-27	2026-04-27		JP JENKINS LIMITED	JPJ	213800AFQW3ASUKG7I91	LONDON	HTTPS://JPJENKINS.COM	
JPMI	OPERATING	ACTIVE	JPMI	JP MORGAN - JPMI MARKET	HK	NSPD	2016-07-25	2016-07-25				JPMI	8I5DZWZKVSZI1NUHU748	HONG KONG	WWW.JPMORGAN.COM	
JPMS	OPERATING	ACTIVE	JPMS	JPMS, LLC	US	NSPD	2019-04-22	2019-04-22					7H6GLXDRUGQFU57RNE97	NEW YORK	WWW.JPMORGAN.COM/COUNTRY/US/EN/CIB/MARKETS-INVESTOR-SERVICES/AQUA	
JPMX	OPERATING	ACTIVE	JPMX	JPMX	US	ATSS	2012-02-27	2012-02-27				JPMX	8I5DZWZKVSZI1NUHU748	NEW YORK	WWW.JPMORGAN.COM	J.P. MORGAN ATS
JPPM	SEGMENT	ACTIVE	JPJX	JP JENKINS - PRIVATE MARKET	GB	OTHR	2026-05-25	2026-05-25	2026-05-25		JP JENKINS LIMITED	JPJ	213800AFQW3ASUKG7I91	LONDON	HTTPS://JPJENKINS.COM	
JPSI	OPERATING	ACTIVE	JPSI	J.P. MORGAN SECURITIES PLC	GB	NSPD	2017-01-23	2017-01-23			J.P. MORGAN SECURITIES PLC		K6Q0W1PS1L1O4IQL9C32	LONDON	WWW.JPMORGAN.COM	SYSTEMATIC INTERNALISER.
JSEB	SEGMENT	ACTIVE	XJSE	JSE BOND ELECTRONIC TRADING PLATFORM	ZA	NSPD	2017-10-23	2017-10-23				BETP	213800MZ1VUQEBWRFO39	JOHANNESBURG	WWW.JSE.CO.ZA	
JSEF	OPERATING	EXPIRED	JSEF	JAVELIN SEF, LLC	US	NSPD	2014-08-25	2016-12-26		2016-12-26			549300D84OQ6BDBRBO35	NEW YORK	WWW.THEJAVELIN.COM	REGISTERED SEF FOR INTEREST RATE DERIVATIVES. BOUGHT BY BATS HOTSPOT FX (MIC: BHSF).
JSER	SEGMENT	ACTIVE	XJSE	JSE REPO MARKET	ZA	NSPD	2020-04-27	2020-04-27					213800MZ1VUQEBWRFO39	JOHANNESBURG	WWW.JSE.CO.ZA	
JSES	OPERATING	ACTIVE	JSES	JANE STREET EXECUTION SERVICES LLC	US	NSPD	2014-04-28	2014-04-28				JX	5493002N1IVX6KHGYO08	NEW YORK	WWW.JANESTREET.COM	ELECTRONIC TRADING PLATFORM
JSJX	OPERATING	ACTIVE	JSJX	JANE STREET JX	US	NSPD	2016-01-25	2016-01-25				JX	5493002N1IVX6KHGYO08	NEW YORK	WWW.JANESTREET.COM	ELECTRONIC TRADING PLATFORM (JANE STREET CAPITAL LLC)
JSSI	OPERATING	ACTIVE	JSSI	JANE STREET FINANCIAL LTD	GB	SINT	2017-08-28	2018-01-22				JSF	549300ZHEHX8M31RP142	LONDON	WWW.JANESTREET.COM	SYSTEMATIC INTERNALISER.
JYSI	OPERATING	ACTIVE	JYSI	DEN JYSKE SPAREKASSE	DK	SINT	2018-09-24	2018-09-24					894500RII3ULSCOB6716	GRINDSTED	WWW.DJS.DK	SYSTEMATIC INTERNALISER.
KABU	OPERATING	EXPIRED	KABU	KABU.COM PTS	JP	NSPD	2008-10-27	2013-05-27		2013-05-27			MB56QSRJ3E5ZE1TK5Y54	TOKYO	WWW.KABU.COM	MARKET HAS CLOSED IN SEPTEMBER 2011
KAIX	SEGMENT	ACTIVE	CHIJ	CBOE JAPAN - KAI-X	JP	RMOS	2016-04-25	2022-11-28	2022-11-28		CBOE JAPAN LIMITED			TOKYO	WWW.CBOE.CO.JP	PURELY BROKER NEUTRAL CROSSING POOL FOR JAPANESE EQUITIES.
KASH	SEGMENT	ACTIVE	DOWG	DOWGATE APPA	GB	APPA	2025-03-24	2025-03-24	2025-03-24		KING AND SHAXSON LIMITED	KSL	213800ARTVZQSADRZ559	LONDON	WWW.DOWGATE.COM	
KBCB	OPERATING	ACTIVE	KBCB	KBC BANK NV  GROUP MARKETS	BE	SINT	2018-07-23	2018-07-23					6B2PBRV1FCJDMR45RZ53	BRUSSELS	WWW.KBC.COM	SYSTEMATIC INTERNALISER.
KBLC	SEGMENT	ACTIVE	KBLL	QUINTET PRIVATE BANK (EUROPE) S.A. - EURO COMMERCIAL PAPERS	LU	NSPD	2018-12-24	2022-09-26	2022-09-26		QUINTET PRIVATE BANK (EUROPE) S.A.		KHCL65TP05J1HUW2D560	LUXEMBOURG	WWW.QUINTET.COM	
KBLL	OPERATING	ACTIVE	KBLL	QUINTET PRIVATE BANK (EUROPE) S.A.	LU	SINT	2018-12-24	2022-08-22	2022-08-22		QUINTET PRIVATE BANK (EUROPE) S.A.		KHCL65TP05J1HUW2D560	LUXEMBOURG	WWW.QUINTET.COM	
KBLM	OPERATING	ACTIVE	KBLM	KYTE BROKING LIMITED	GB	OTFS	2017-11-27	2017-11-27					1ZU7M6R6N6PXYJ6V0C83	LONDON	WWW.KYTEBROKING.COM	ORGANISED TRADING FACILITY.
KBLS	SEGMENT	ACTIVE	KBLL	QUINTET PRIVATE BANK (EUROPE) S.A. - STRUCTURED PRODUCTS	LU	NSPD	2018-12-24	2022-09-26	2022-09-26		QUINTET PRIVATE BANK (EUROPE) S.A.		KHCL65TP05J1HUW2D560	LUXEMBOURG	WWW.QUINTET.COM	
KBLT	SEGMENT	ACTIVE	KBLL	QUINTET PRIVATE BANK (EUROPE) S.A. - FX TREASURY DERIVATIVES	LU	SINT	2018-12-24	2022-09-26	2022-09-26		QUINTET PRIVATE BANK (EUROPE) S.A.		KHCL65TP05J1HUW2D560	LUXEMBOURG	WWW.QUINTET.COM	
KCCP	OPERATING	ACTIVE	KCCP	KELER CCP	HU	NSPD	2013-09-23	2013-09-23					529900MHIW6Z8OTOAH28	BUDAPEST	WWW.KELERKSZF.HU	CENTRAL COUNTERPARTY OF THE BUDAPEST STOCK EXCHANGE, MTS HUNGARY PLATFORM, CENTRAL EASTERN EUROPEAN GAS EXCHANGE.
KDPW	OPERATING	EXPIRED	KDPW	KDPW_CCP	PL	NSPD	2013-08-26	2017-08-28		2017-08-28			2594000K576D5CQXI987	WARSAW	WWW.KDPWCCP.PL	KDPW_CCP CLEARED OVER THE COUNTER (OTC) TRADES
KELR	OPERATING	ACTIVE	KELR	KELER	HU	NSPD	2017-12-25	2017-12-25					529900MPT6BHOJRPB746	BUDAPEST	WWW.KELER.HU	CENTRAL SECURITIES DEPOSITORY.
KHHU	OPERATING	ACTIVE	KHHU	K AND H BANK ZRT	HU	SINT	2019-01-28	2019-01-28					KFUXYFTU2LHQFQZDQG45	BUDAPEST	WWW.KH.HU	SYSTEMATIC INTERNALISER.
KLEU	OPERATING	ACTIVE	KLEU	KNIGHT LINK EUROPE	GB	NSPD	2009-04-27	2009-04-27						LONDON	WWW.KNIGHT.COM	SYSTEMATIC INTERNALISER
KLSH	OPERATING	ACTIVE	KLSH	KALSHIEX LLC	US	DCMS	2021-03-22	2021-03-22			KALSHIEX LLC	KEX	2549003BV2D6TWY0BN09	NEW YORK	WWW.KALSHI.COM	DESIGNATED CONTRACT MARKET.
KMTS	OPERATING	EXPIRED	KMTS	EUROMTS LINKERS MARKET	GB	NSPD	2003-04-01	2011-02-28		2011-02-28				LONDON		DELETED AT THE REQUEST OF MTS GROUP
KMUX	SEGMENT	ACTIVE	ZKBX	ZURCHER KANTONALBANK - EKMU-X	CH	NSPD	2017-02-27	2017-02-27					165GRDQ39W63PHVONY02	ZURICH	WWW.ZKB.CH/EKMUX	ELECTRONIC TRADING PLATFORM FOR SWISS EQUITIES (OTC).
KNCM	SEGMENT	ACTIVE	KNIG	KNIGHT CAPITAL MARKETS LLC	US	NSPD	2010-05-24	2010-05-24						JERSEY CITY	WWW.KNIGHT.COM	KCM PRIMARILY OPERATES AS A MARKET-MAKER IN THE OVER-THE-COUNTER MARKET FOR NEW YORK STOCK EXCHANGE AND AMERICAN STOCK EXCHANGE LISTED SECURITIES.
KNEM	SEGMENT	ACTIVE	KNIG	KNIGHT EQUITY MARKETS LP	US	NSPD	2010-05-24	2010-05-24						JERSEY CITY	WWW.KNIGHT.COM	KEM OPERATES AS A MARKET-MAKER IN OVER-THE-COUNTER EQUITY SECURITIES, PRIMARILY THOSE TRADED IN THE NASDAQ STOCK MARKET AND ON THE OTC BULLETIN BOARD.
KNIG	OPERATING	ACTIVE	KNIG	KNIGHT	US	NSPD	2013-03-25	2013-03-25						JERSEY CITY	WWW.KNIGHT.COM	
KNLI	SEGMENT	ACTIVE	KNIG	KNIGHT LINK	US	NSPD	2008-12-22	2008-12-22						JERSEY CITY	WWW.KNIGHT.COM	ELECTRONIC MARKET MAKER, ALTERNATIVE LIQUIDITY PROVIDER FOR US AND EUROPEAN STOCKS
KNMX	SEGMENT	EXPIRED	KNIG	KNIGHT MATCH ATS	US	ATSS	2008-12-22	2019-05-27		2019-05-27				JERSEY CITY	WWW.KNIGHT.COM	CROSSING ENGINE FOR EQUITIES.
KOCN	OPERATING	EXPIRED	KOCN	KOREA ECN SECURITIES CO. LTD (ATS)	KR	ATSS	2003-04-01	2007-09-24		2007-09-24				SEOUL		
KOME	OPERATING	ACTIVE	KOME	KOMERCNI BANKA, A.S.	CZ	SINT	2019-06-24	2023-08-28	2023-08-28		KOMERCNI BANKA, A.S.		IYKCAVNFR8QGF00HV840	PRAGUE	WWW.KB.CZ	
KOTF	OPERATING	EXPIRED	KOTF	OTFLINK	FR	OTFS	2017-12-25	2025-04-28	2025-04-28	2025-04-28	KEPLER CHEUVREUX		9695005EOZG9X8IRJD84	PARIS	WWW.KEPLERCHEUVREUX.COM	OTF FOR BONDS AND DERIVATIVES.
KRDE	OPERATING	ACTIVE	KRDE	KRAKEN DERIVATIVES EXCHANGE	US	DCMS	2026-03-23	2026-03-23	2026-03-23		KRAKEN DERIVATIVES EXCHANGE INC.		549300PHNISXLW3TXM87	CHICAGO	WWW.KRAKEN.COM	
KRME	OPERATING	ACTIVE	KRME	PAYWARD MENA HOLDINGS LTD.	AE	NSPD	2020-03-23	2020-03-23					254900FUMQOYNWVDC717	ABU DHABI	WWW.KRAKEN.COM	REGISTERED DIGITAL ASSET EXCHANGE MARKET, REGULATED BY ADGM FINANCIAL SERVICES REGULATORY AUTHORITY (FSRA).
LAFD	SEGMENT	EXPIRED	LAVA	FLOW DARK	US	NSPD	2011-05-23	2014-11-24		2014-11-24		FLOWDARK		NEW YORK	WWW.LAVATRADING.COM	DARK POOL.
LAFL	SEGMENT	EXPIRED	LAVA	LAVAFLOW ECN	US	NSPD	2010-07-26	2015-03-23		2015-03-23				NEW YORK	WWW.LAVAFLOWECN.COM	US ELECTRONIC COMMUNICATION NETWORK (ECN) FOR EQUITIES TRADING.
LAFX	SEGMENT	EXPIRED	LAVA	LAVAFX	US	NSPD	2009-03-23	2014-11-24		2014-11-24				NEW YORK	WWW.LAVAFX.COM	
LAKE	SEGMENT	ACTIVE	RBCS	RBC CAPITAL MARKETS LLC - HOSTED POOL	US	OTHR	2024-04-22	2024-04-22	2024-04-22		RBC CAPITAL MARKETS LLC		549300LCO2FLSSVFFR64	NEW YORK	WWW.RBCCM.COM	EQUITIES HOSTED POOL VIA INTELLIGENT CROSS.
LAKX	OPERATING	ACTIVE	LAKX	RBC CAPITAL MARKETS LLC - TRAJECTORY CROSS	US	OTHR	2024-12-23	2024-12-23	2024-12-23		RBC CAPITAL MARKETS LLC	RBCCM	549300LCO2FLSSVFFR64	NEW YORK	WWW.RBCCM.COM	LAKE TRAJECTORY CROSS VIA LEVEL ATS - EQUITIES.
LAMP	OPERATING	ACTIVE	LAMP	LAMPOST CAPITAL	US	NSPD	2019-09-23	2019-09-23				LAMP	254900NRLDDV3W2GBT06	BOCA RATON	WWW.THELAMPOST.COM	US BROKER-DEALER.
LASF	OPERATING	ACTIVE	LASF	LATAM SEF	US	NSPD	2014-07-28	2014-07-28					549300ESF1VPFQIGR218	NEW YORK	WWW.LATAMSEF.COM	SWAP EXECUTION FACILITY FOR LATIN AMERICA OTC DERIVATIVES
LASP	OPERATING	ACTIVE	LASP	LAN AND SPAR BANK A/S	DK	SINT	2017-11-27	2023-08-28	2023-08-28		LAN AND SPAR BANK A/S		213800UYAHIRLZ4NSN67	COPENHAGEN	WWW.LSB.DK	
LATG	SEGMENT	ACTIVE	GFAM	GFI SECURITIES LLC - CREDITMATCH (LATG)	US	ATSS	2021-05-24	2021-05-24			GFI SECURITIES LLC	LATG	UPPK3261S5D7DR01JY66	NEW YORK	WWW.GFIGROUP.COM	
LAVA	OPERATING	EXPIRED	LAVA	LAVA TRADING (CITI)	US	NSPD	2013-03-25	2015-03-23		2015-03-23				NEW YORK	WWW.LAVAFLOWECN.COM	
LBBW	OPERATING	ACTIVE	LBBW	LBBW - LANDESBANK BADEN-WUERTTEMBERG	DE	NSPD	2018-06-25	2018-06-25				LLBW	B81CK4ESI35472RHJ606	STUTTGART	WWW.LBBW.DE	GENERAL MIC FOR LANDESBANK BADEN-WUERTTEMBERG (LBBW).
LBCM	OPERATING	ACTIVE	LBCM	LLOYDS BANK CORPORATE MARKETS	GB	SINT	2018-04-23	2018-04-23				LBCM	213800MBWEIJDM5CU638	LONDON	WWW.LLOYDSBANKCORPORATEMARKETS.COM	SYSTEMATIC INTERNALISER. REGISTERED MARKET FOR LLOYDS BANK CORPORATE MARKET.
LBCW	OPERATING	ACTIVE	LBCW	LLOYDS BANK CORPORATE MARKETS WERTPAPIERHANDELSBANK GMBH	DE	SINT	2018-12-24	2018-12-24					2138008P9NOMBRMROI73	FRANKFURT	WWW.LLOYDSBANK.COM	SYSTEMATIC INTERNALISER.
LBUL	SEGMENT	ACTIVE	XBUL	BULGARIAN STOCK EXCHANGE - SBL	BG	OTHR	2023-08-28	2023-08-28	2023-08-28		BULGARIAN STOCK EXCHANGE		747800W0XA9OV4MSRW74	SOFIA	WWW.BSE-SOFIA.BG	
LBWL	SEGMENT	ACTIVE	LBBW	LBBW - LANDESBANK BADEN-WUERTTEMBERG - LIQUIDITY PROVIDER	DE	NSPD	2018-06-25	2018-06-25				LLBW	B81CK4ESI35472RHJ606	STUTTGART	WWW.LBBW.DE	LIQUIDITY PROVIDER.
LBWS	SEGMENT	ACTIVE	LBBW	LBBW - LANDESBANK BADEN-WUERTTEMBERG - SYSTEMATIC INTERNALISER	DE	SINT	2018-06-25	2018-06-25				LLBW	B81CK4ESI35472RHJ606	STUTTGART	WWW.LBBW.DE	SYSTEMATIC INTERNALISER.
LCHC	OPERATING	ACTIVE	LCHC	LCH.CLEARNET	FR	NSPD	2013-12-23	2013-12-23						PARIS	WWW.LCHCLEARNET.COM	CLEARING HOUSE
LCUR	SEGMENT	ACTIVE	XCUR	CURRENEX LDFX	US	OTHR	2016-05-23	2024-10-28	2024-10-28		CURRENEX INC.	CX LDFX	549300NUJ7MUQK1GG892	BOSTON	WWW.CURRENEX.COM	LDFX IS THE CURRENEX (MIC: XCUR) LONDON MATCHING ENGINE.
LCXE	OPERATING	ACTIVE	LCXE	LCX	LI	CASP	2025-03-24	2025-03-24	2025-03-24		LCX AG	LCX	529900SN07Z6RTX8R418	VADUZ	WWW.LCX.COM	
LEBV	OPERATING	ACTIVE	LEBV	LEDGEREDGE B.V.	NL	MLTF	2022-04-25	2022-04-25			LEDGEREDGE B.V.		984500UCCACDS84C1Q46	AMSTERDAM	WWW.LEDGEREDGE.COM	
LEDG	OPERATING	EXPIRED	LEDG	LEDGER X LLC	US	SEFS	2017-06-26	2026-04-27		2026-04-27	LEDGER X LLC		549300UG0YZD2A0QYQ41	NEW YORK	WWW.LEDGERX.COM	TRADING AND CLEARING PLATFORM FOR DIGITAL CURRENCY DERIVATIVES.
LELE	OPERATING	ACTIVE	LELE	LEDGEREDGE	GB	NSPD	2020-07-27	2020-07-27			LEDGEREDGE LTD		984500AA73C11BD44B21	LONDON	WWW.LEDGEREDGE.COM	
LESI	OPERATING	ACTIVE	LESI	LEDGEREDGE SECURITIES INC.	US	ATSS	2022-04-25	2022-04-25			LEDGEREDGE SECURITIES INC.		9845009B3CAA45RC9E29	NEW YORK	WWW.LEDGEREDGE.COM	
LEUE	OPERATING	EXPIRED	LEUE	LIQUIDNET EU LIMITED EQUITY MTF	IE	MLTF	2018-07-23	2023-05-22		2023-05-22			2138005N5TO2UJR67I36	DUBLIN	WWW.LIQUIDNET.COM	EQUITY MULTILATERAL TRADING.
LEUF	SEGMENT	EXPIRED	LEUE	LIQUIDNET EU LIMITED FIXED INCOME MTF	IE	MLTF	2018-07-23	2023-05-22		2023-05-22			2138005N5TO2UJR67I36	DUBLIN	WWW.LIQUIDNET.COM	FIXED INCOME MULTILATERAL TRADING.
LEVL	OPERATING	ACTIVE	LEVL	LEVEL ATS	US	ATSS	2007-02-26	2025-05-26	2025-05-26		LEVEL MARKETS, LLC	LEVEL	254900ZBK50B4Y36MJ33	BOSTON	WWW.LEVELMARKETS.COM/LEVEL-ATS/	
LICA	OPERATING	ACTIVE	LICA	LIQUIDNET CANADA ATS	CA	ATSS	2010-09-27	2010-09-27					21380031335M4LHQJ436	TORONTO	WWW.LIQUIDNET.COM	REGISTERED MARKET FOR EQUITIES, ELECTRONIC TRADING.
LIDR	OPERATING	ACTIVE	LIDR	PT LSEG - CLEARED IDR MATCHING	ID	OTHR	2025-05-26	2025-05-26	2025-05-26		PT LSEG TRANSACTION SERVICES INDONESIA	PT LSEG	213800P74IS2LRSRUW68	JAKARTA	WWW.LSEG.COM/EN/FX	
LIFI	SEGMENT	ACTIVE	LIUS	LIQUIDNET, INC. FIXED INCOME ATS	US	ATSS	2015-12-28	2015-12-28				LQNF	2138006YAA7IRVKKGE63	NEW YORK	WWW.LIQUIDNET.COM	THE FIXED INCOME ATS FOR LIQUIDNET, INC
LIGA	OPERATING	ACTIVE	LIGA	LIGA BANK EG	DE	SINT	2018-08-27	2018-08-27					529900QDBEIBLJCSQE34	REGENSBURG	WWW.LIGABANK.DE	SYSTEMATIC INTERNALISER
LINX	OPERATING	ACTIVE	LINX	LINX	LI	CASP	2025-12-22	2025-12-22	2025-12-22		CONFERO EUROPE AG		984500780757UF839508	VADUZ	HTTPS://CONFERO-EUROPE.COM/	
LIQF	SEGMENT	ACTIVE	ICPM	TP ICAP UK MTF - LIQUIDNET CORPORATE BONDS AND SECURITIES DEBT	GB	MLTF	2014-06-23	2025-02-24	2025-02-24		TP ICAP  MTF LIMITED		21380063ZX54EUEMBR73	LONDON	HTTPS://REGULATORY.TPICAP.COM/	
LIQH	SEGMENT	EXPIRED	LIQU	LIQUIDNET H20	GB	NSPD	2011-05-23	2025-02-24		2025-02-24	LIQUIDNET EUROPE LIMITED	LQNT H20	213800ZIRB79BE5XQM68	LONDON	WWW.LIQUIDNET.COM	DARK POOL.
LIQU	SEGMENT	ACTIVE	ICPM	TP ICAP UK MTF - LIQUIDNET CASH EQUITY	GB	MLTF	2007-09-24	2025-02-24	2025-02-24		TP ICAP  MTF LIMITED		21380063ZX54EUEMBR73	LONDON	WWW.TPICAP.COM/TPICAP/REGULATORY-HUB	
LISE	OPERATING	ACTIVE	LISE	LISE	FR	MLTF	2026-02-23	2026-02-23	2026-02-23		LISE SA	LISE	894500LNKGRT1I5QBU56	PARIS	WWW.LISE.COM	
LISX	SEGMENT	ACTIVE	BCXE	CBOE  EUROPE - LIS SERVICE	GB	MLTF	2016-09-26	2023-03-27	2023-03-27		CBOE EUROPE LIMITED	CBOE  LIS	254900ERRPSKE7UZH711	LONDON	WWW.MARKETS.CBOE.COM/EUROPE/EQUITIES/OVERVIEW/	TO BE USED FOR EXECUTIONS RESULTING FROM CBOE EUROPE LIS SERVICE.
LISZ	SEGMENT	ACTIVE	CCXE	CBOE EUROPE - LIS SERVICE (NL)	NL	MLTF	2018-09-24	2023-03-27	2023-03-27		CBOE EUROPE B.V.	CBOE EU LIS	2549007JY1TP7I1IMY80	AMSTERDAM	WWW.CBOE.COM/EUROPE/EQUITIES/	TO BE USED FOR EXECUTIONS RESULTING FROM CBOE EU LIS SERVICE.
LIUH	SEGMENT	ACTIVE	LIUS	LIQUIDNET, INC. H2O ATS	US	ATSS	2014-11-24	2014-11-24				LQNA	2138006YAA7IRVKKGE63	NEW YORK	WWW.LIQUIDNET.COM	THE H2O ATS FOR LIQUIDNET, INC.
LIUS	OPERATING	ACTIVE	LIUS	LIQUIDNET, INC.	US	ATSS	2014-07-28	2014-07-28				LQNT	2138006YAA7IRVKKGE63	NEW YORK	WWW.LIQUIDNET.COM	US REGISTERED BROKER DEALER OPERATING TWO ATS AND OFFERING TRADING AND ALGORITHMIC TRADING SERVICES
LLAT	OPERATING	ACTIVE	LLAT	LIECHTENSTEINISCHE LANDESBANK (OSTERREICH) AG	AT	SINT	2020-07-27	2020-07-27					529900MZNQDC3A3WSZ72	VIENNA	WWW.LLB.AT	SYSTEMATIC INTERNALISER.
LMAD	SEGMENT	ACTIVE	LMAX	LMAX - DERIVATIVES	GB	OTHR	2011-08-22	2023-11-27			LMAX LIMITED		21380034TU2TI8CNZ578	LONDON	WWW.LMAX.COM	LMAX ALLOWS THE BENEFIT OF DIRECT ACCESS TO FINANCIAL MARKETS AND ALSO FACILITATES MTF WHERE TRADES ARE ENTERED DIRECTLY INTO THE MARKET AS ORDERS AND ALSO ACCESS FIVE LEVELS OF MARKET DEPTH WHERE THE BOOK IS WEIGHTED BETWEEN BUYERS AND SELLERS.
LMAE	SEGMENT	ACTIVE	LMAX	LMAX - EQUITIES	GB	OTHR	2010-01-25	2023-11-27			LMAX LIMITED		21380034TU2TI8CNZ578	LONDON	WWW.LMAX.COM	FSA REGULATED MTF FOR RETAIL CLIENTS TO TRADE CFDS UNDERLYINGS IN MULTIPLE ASSETS CLASSES INCLUDING EQUITIES.
LMAF	SEGMENT	ACTIVE	LMAX	LMAX - FX AND CASH-SETTLED DERIVATIVES	GB	MLTF	2010-01-25	2023-02-27	2023-02-27		LMAX LIMITED		21380034TU2TI8CNZ578	LONDON	WWW.LMAX.COM/EXCHANGE	REGULATED MTF FOR CFDS IN MULTIPLE ASSETS CLASSES INCLUDING FX AND CASH-SETTLED DERIVATIVES.
LMAO	SEGMENT	ACTIVE	LMAX	LMAX - INDICES/RATES/COMMODITIES	GB	MLTF	2010-01-25	2023-11-27			LMAX LIMITED		21380034TU2TI8CNZ578	LONDON	WWW.LMAX.COM	FSA REGULATED MTF FOR RETAIL CLIENTS TO TRADE CFDS UNDERLYINGS IN MULTIPLE ASSETS CLASSES INCLUDING INDICES/RATES/COMMODITIES.
LMAS	OPERATING	ACTIVE	LMAS	LMAX EXCHANGE SINGAPORE - NDFS	SG	RMOS	2023-09-25	2023-09-25	2023-09-25		LMAX PTE LTD		213800Y3VHH1WHLQIZ25	SINGAPORE	WWW.LMAX.COM/EXCHANGE	RMO FOR NDFS.
LMAX	OPERATING	ACTIVE	LMAX	LMAX	GB	OTHR	2010-12-27	2023-11-27			LMAX LIMITED		21380034TU2TI8CNZ578	LONDON	WWW.MTF.LMAX.COM/	FSA REGULATED MTF FOR RETAIL CLIENTS TO TRADE CFDS.
LMEC	OPERATING	ACTIVE	LMEC	LME CLEAR	GB	NSPD	2014-02-24	2014-02-24				LMEC	213800L8AQD59D3JRW81	LONDON	WWW.LME.COM	LONDON METAL EXCHANGE CLEARING PLATFORM
LMNR	OPERATING	ACTIVE	LMNR	LUMINOR BANK AS	EE	NSPD	2018-09-24	2018-09-24			LUMINOR BANK AS		213800JD2L89GGG7LF07	TALLINN	WWW.LUMINOR.EE	
LMNX	SEGMENT	ACTIVE	LTAA	LUMINEX TRADING AND ANALYTICS LLC - ATS	US	ATSS	2015-07-27	2015-07-27				LMNX	254900ZBK50B4Y36MJ33	BOSTON	WWW.LUMINEXTRADING.COM	ATS
LMTS	SEGMENT	EXPIRED	XMTS	EUROGLOBALMTS	GB	NSPD	2005-11-28	2013-09-23		2013-09-23				LONDON	WWW.LIQUIDNET.COM	MARKET IS CLOSED.
LNEQ	SEGMENT	ACTIVE	TPIC	TP ICAP EU - MTF - LIQUIDNET EU EQUITY	FR	MLTF	2022-06-27	2022-06-27	2022-06-27		TP ICAP (EUROPE) SA	TPIE	213800R54EFFINMY1P02	PARIS	HTTPS://TPICAP.COM/TPICAP/REGULATORY-HUB/TP-ICAP-EU-MTF	
LNFI	SEGMENT	ACTIVE	TPIC	TP ICAP EU - MTF - LIQUIDNET EU FIXED INCOME	FR	MLTF	2022-06-27	2022-06-27	2022-06-27		TP ICAP (EUROPE) SA	TPIE	213800R54EFFINMY1P02	PARIS	HTTPS://TPICAP.COM/TPICAP/REGULATORY-HUB/TP-ICAP-EU-MTF	
LOOP	OPERATING	ACTIVE	LOOP	LOOPFX	GB	OTHR	2025-05-26	2025-05-26	2025-05-26		BUYSIDE TRADING SOLUTIONS LIMITED	BTSL	9845006FB5E57RC1CF82	LONDON	WWW.THELOOPFX.COM	DARK POOL.
LOTC	OPERATING	ACTIVE	LOTC	OTC MARKET	GB	NSPD	2013-08-26	2013-08-26						LONDON	WWW.LOTCE.COM	SERVICE COMPANY PROVIDING TRADEABLE OTC DERIVATIVE PRODUCTS
LOUI	OPERATING	EXPIRED	LOUI	LOUIS CAPITAL MARKETS UK LLP	GB	NSPD	2017-11-27	2023-10-23	2023-10-23	2023-10-23		LCM	213800KL2QZT2GQMQQ34	LONDON	WWW.LOUISCAPITAL.COM	
LOYD	OPERATING	ACTIVE	LOYD	LLOYDS BANK	GB	SINT	2017-10-23	2017-10-23						LONDON	WWW.LLOYDSBANK.COM	SYSTEMATIC INTERNALISER.
LPPM	OPERATING	ACTIVE	LPPM	LONDON PLATINUM AND PALLADIUM MARKET	GB	NSPD	2007-04-23	2007-04-23				LPPM		LONDON	WWW.LPPM.ORG.UK	
LPSF	OPERATING	ACTIVE	LPSF	LPSFX LLC	US	SEFS	2022-06-27	2022-06-27			LPSFX LLC		98450040858B75A8E878	NEW YORK	WWW.LPSPLLC.COM	
LQED	OPERATING	ACTIVE	LQED	LIQUIDITYEDGE	US	NSPD	2015-07-27	2015-07-27					894500FA4U3C43ZQSX19	NEW YORK	WWW.LIQUIDITYEDGE.TRADE	ELECTRONIC TRADING PLATFORM FOR U.S. TREASURY SECURITIES.
LQFI	SEGMENT	EXPIRED	CGMI	CITI LIQUIFI	US	ATSS	2014-09-22	2022-11-28		2016-11-07	CITIGROUP GLOBAL MARKETS INC.	LQFI	6SHGI4ZSSLCXXQSBB395	NEW YORK	WWW.CITIVELOCITY.COM	LIQUIFI IS AN ATS UNDER THE OPERATING MIC CGMI
LSSI	OPERATING	ACTIVE	LSSI	LANG AND SCHWARZ TRADE CENTER	DE	SINT	2017-10-23	2017-10-23					5299000TZ4OSOOGU1120	DUESSELDORF	WWW.LS-TC.DE	SYSTEMATIC INTERNALISER.
LTAA	OPERATING	ACTIVE	LTAA	LUMINEX TRADING AND ANALYTICS LLC	US	NSPD	2015-07-27	2015-07-27			LUMINEX TRADING AND ANALYTICS LLC	LTAA	254900ZBK50B4Y36MJ33	BOSTON	WWW.LUMINEXTRADING.COM	BROKER DEALER.
LTSE	OPERATING	ACTIVE	LTSE	LONG-TERM STOCK EXCHANGE, INC.	US	NSPD	2019-12-23	2019-12-23				LTSE		SAN FRANCISCO	WWW.LONGTERMSTOCKEXCHANGE.COM	A NATIONALLY-REGISTERED STOCK EXCHANGE.
LXJP	OPERATING	ACTIVE	LXJP	BARCLAYS LX JAPAN	JP	ATSS	2015-05-25	2015-05-25				LXJP	213800CBSW8TWAUAUL29	TOKYO	WWW.BARCLAYS.COM	ALTERNATIVE TRADING SYSTEM (ATS) OPERATED BY BARCLAYS SECURITIES JAPAN LIMITED.
LYNX	SEGMENT	ACTIVE	OMGA	LYNX ATS	CA	ATSS	2012-11-26	2012-11-26						TORONTO	WWW.OMEGAATS.COM	LYNX ATS IS A REGISTERED MARKET FOR THE FULLY ELECTRONIC TRADING OF EQUITIES AND FIXED INCOME.
M2AE	OPERATING	ACTIVE	M2AE	M2 LIMITED	AE	MLTF	2024-09-23	2024-09-23	2024-09-23		M2 LIMITED		984500D3A5R1E6DD5961	ABU DHABI	WWW.M2.COM	
MABX	SEGMENT	ACTIVE	BMEX	BME MTF EQUITY (IIC AND ECR SEGMENTS)	ES	MLTF	2007-07-23	2024-08-26			BOLSAS Y MERCADOS ESPANOLES SISTEMAS DE NEGOCIACION SOCIEDAD ANONIMA	MAB	95980079EEM99NR57242	MADRID	WWW.BMEGROWTH.ES	
MACB	SEGMENT	ACTIVE	MAQX	MACQUARIE AUSTRALIA BLOCK CROSSING	AU	NSPD	2017-11-27	2017-11-27					549300BIAWNNPUVFP581	SYDNEY	WWW.MACQUARIE.COM	
MACX	SEGMENT	EXPIRED	XMIL	MERCATO ALTERNATIVO DEL CAPITALE	IT	NSPD	2012-04-23	2013-10-28		2013-10-28	BORSA ITALIANA S.P.A.	MAC	8156005391EE905D3124	MILAN	WWW.BORSAITALIANA.IT	MERGE OF AIM ITALIA AND MAC, MAC WILL BE OPENED TILL END 2012. AFTER, XAIM WILL BE THE MIC TO USE.
MAEL	OPERATING	ACTIVE	MAEL	MARKETAXESS EUROPE LIMITED	GB	NSPD	2007-07-23	2024-01-22	2024-01-22		MARKETAXESS EUROPE LIMITED		549300TTHIODYMGND828	LONDON	WWW.MARKETAXESS.COM	
MAGM	OPERATING	EXPIRED	MAGM	MAGMA ATS	US	ATSS	2018-02-26	2022-11-28		2019-09-04	TOR BROKERAGE LLC			NORTH BERGEN	WWW.TORBROKERAGE.COM	REGISTERED ALTERNATIVE TRADING SYSTEM FOR EQUITIES.
MAKX	OPERATING	ACTIVE	MAKX	MAKOR SECURITIES LONDON LTD	GB	NSPD	2018-09-24	2018-09-24					549300IQTYC8XXQ6C338	LONDON	WWW.MAKOR-CAPITAL.COM	
MALM	SEGMENT	EXPIRED	MASG	MARKETAXESS SINGAPORE PTE LIMITED - LIVE MARKETS	SG	RMOS	2019-12-23	2023-04-24		2023-04-24	MARKETAXESS SINGAPORE PTE. LIMITED		529900GFVFMKAFCMT075	SINGAPORE	WWW.MARKETAXESS.COM	
MALX	OPERATING	ACTIVE	MALX	MALDIVES STOCK EXCHANGE	MV	RMKT	2011-08-22	2024-02-26	2024-02-26		MALDIVES STOCK EXCHANGE COMPANY PVT. LTD	MSE		MALE	WWW.MSE.COM.MV	REGISTERED MARKET FOR DEBT AND EQUITIES.
MANL	OPERATING	ACTIVE	MANL	MARKETAXESS NL B.V.	NL	MLTF	2018-03-26	2024-01-22	2024-01-22		MARKETAXESS NL B.V.		5299000UUYW66L5LT560	AMSTERDAM	WWW.MARKETAXESS.COM	MULTILATERAL TRADING FACILITY.
MAQE	OPERATING	ACTIVE	MAQE	MACQUARIE BANK EUROPE DESIGNATED ACTIVITY COMPANY	IE	SINT	2018-12-24	2022-08-22	2022-08-22		MACQUARIE BANK EUROPE DESIGNATED ACTIVITY COMPANY		549300E5ENQVY2IBLF67	DUBLIN	WWW.MACQUARIE.COM	SYSTEMATIC INTERNALISER.
MAQH	OPERATING	ACTIVE	MAQH	MACQUARIE INTERNAL MARKETS (HONG KONG)	HK	NSPD	2015-03-23	2015-04-27						HONG KONG	WWW.MACQUARIE.COM	MACQUARIE DARK POOL (HONG KONG)
MAQI	OPERATING	ACTIVE	MAQI	MACQUARIE BANK INTERNATIONAL LIMITED	GB	SINT	2018-07-23	2018-07-23					17GKQF40GFUEUUWOO622	LONDON	WWW.MACQUARIE.COM/UK	SYSTEMATIC INTERNALISER.
MAQJ	OPERATING	ACTIVE	MAQJ	MACQUARIE INTERNAL MARKETS (JAPAN)	JP	NSPD	2015-03-23	2015-04-27						TOKYO	WWW.MACQUARIE.COM	MACQUARIE DARK POOL (JAPAN)
MAQL	OPERATING	ACTIVE	MAQL	MACQUARIE CAPITAL EUROPE LIMITED	GB	RMKT	2017-10-23	2017-10-23					549300GX4FPMFF91RJ37	LONDON	WWW.MACQUARIE.COM/UK	
MAQU	OPERATING	ACTIVE	MAQU	MACQUARIE BANK LIMITED, LONDON BRANCH	GB	SINT	2018-07-23	2023-06-26					549300MPRNPO6FWNKN78	LONDON	WWW.MACQUARIE.COM/UK	SYSTEMATIC INTERNALISER.
MAQX	OPERATING	ACTIVE	MAQX	MACQUARIE INTERNAL MARKETS (AUSTRALIA)	AU	NSPD	2012-03-26	2015-04-27					549300BIAWNNPUVFP581	SYDNEY	WWW.MACQUARIE.COM	MACQUARIE DARK POOL (AUSTRALIA)
MARF	SEGMENT	ACTIVE	BMEX	MERCADO ALTERNATIVO DE RENTA FIJA (MARF)	ES	MLTF	2013-07-22	2024-05-27	2024-05-27		BOLSAS Y MERCADOS ESPAÑOLES RENTA FIJA, S.A.U	MARF	95980096HCV0D0TYCR12	MADRID	WWW.BOLSASYMERCADOS.ES/BME-EXCHANGE/	ALTERNATIVE FIXED INCOME MARKET FOR SMALL AND MEDIUM ENTERPRISES ISSUES.
MASG	OPERATING	ACTIVE	MASG	MARKETAXESS SINGAPORE PTE LIMITED	SG	NSPD	2017-06-26	2024-01-22	2024-01-22		MARKETAXESS SINGAPORE PTE LIMITED		529900GFVFMKAFCMT075	SINGAPORE	WWW.MARKETAXESS.COM	
MATN	SEGMENT	ACTIVE	NEOE	CBOE CANADA - MATCHNOW	CA	RMKT	2008-01-28	2024-11-25	2024-11-25		CBOE CANADA INC.		549300MILSKTNBLQ1L12	TORONTO	WWW.CBOE.COM/CA/EQUITIES/	DARK TRADING BOOK OF THE CBOE CANADA INC. EXCHANGE.
MATX	OPERATING	ACTIVE	MATX	MATRIX LIMITED	AE	NSPD	2020-05-25	2022-06-27	2022-06-27		MATRIX LIMITED		984500E44XSBA6058488	ABU DHABI	WWW.MATRIX.CO	
MAXD	OPERATING	ACTIVE	MAXD	MAX MARKETS LIMITED	GB	NSPD	2020-06-22	2020-06-22						HOVE	WWW.MAXMARKETS.NET	
MBCP	OPERATING	EXPIRED	MBCP	MILLENNIUM BCP	PT	SINT	2021-06-28	2025-08-25	2025-08-25	2025-08-25	BANCO COMERCIAL PORTUGUES S.A.	MILLENNIUMBCP	JU1U6S0DG9YLT7N8ZV32	PORTO	HTTPS://IND.MILLENNIUMBCP.PT/PT/PARTICULARES/PAGES/WELCOME.ASPX	SYSTEMATIC INTERNALISER IN FX DERIVATIVES AND STRUCTURED PRODUCTS.
MBPL	OPERATING	ACTIVE	MBPL	MBANK S.A.	PL	SINT	2018-08-27	2023-04-24	2023-04-24		MBANK S.A.	MBANK	259400DZXF7UJKK2AY35	WARSAW	WWW.MBANK.PL	SYSTEMATIC INTERNALISER.
MBSI	SEGMENT	ACTIVE	MSBI	MORGAN STANLEY BANK INTERNATIONAL LIMITED - SYSTEMATIC INTERNALISER	GB	SINT	2020-09-28	2020-09-28					Z06S12H6N9QRJ8HHN626	LONDON	WWW.MORGANSTANLEY.COM	SYSTEMATIC INTERNALISER.
MBUL	OPERATING	ACTIVE	MBUL	MTF SOFIA	BG	MLTF	2016-11-28	2025-12-22	2025-12-22		CAPMAN AD		5299003795MPR9UZ1J25	SOFIA	WWW.CAPMAN.BG	MULTILATERAL TRADING FACILITY FOR EQUITIES, BONDS, DERIVATIVES.
MCAD	SEGMENT	ACTIVE	MTSO	MTS CASH DOMESTIC - MTF	IT	MLTF	2019-01-28	2023-04-24	2023-04-24		MTS S.P.A.		213800ZMKPUV1VKLCT69	ROME	WWW.MTSMARKETS.COM	MULTILATERAL TRADING FACILITY.
MCID	OPERATING	ACTIVE	MCID	MACQUARIE CAPITAL (IRELAND)	IE	NSPD	2019-01-28	2019-01-28			MACQUARIE CAPITAL (IRELAND) DESIGNATED ACTIVITY COMPANY		549300SD59QHOIVT4626	DUBLIN	WWW.MACQUARIE.COM/UK	REGISTERED MARKET FOR EQUITIES.
MCRY	SEGMENT	ACTIVE	XISX	ISE MERCURY, LLC	US	NSPD	2005-06-27	2014-10-27						NEW YORK	WWW.ISE.COM	ISE MERCURY WILL BE A NATIONAL SECURITIES EXCHANGE REGISTERED WITH THE US SEC.  ISE MERCURY WILL FACILITATE THE ELECTRONIC TRADING OF EQUITY AND INDEX OPTIONS. TARGETED LAUNCH: FIRST HALF OF 2015.
MCSE	SEGMENT	ACTIVE	XCSE	NASDAQ COPENHAGEN A/S - AUCTION ON DEMAND	DK	RMKT	2016-06-27	2023-09-25	2023-09-25		NASDAQ COPENHAGEN A/S		549300JNYZUL5PLI8E17	COPENHAGEN	WWW.NASDAQOMXNORDIC.COM	
MCUR	OPERATING	EXPIRED	MCUR	CURRENEX MTF	GB	MLTF	2017-05-22	2022-09-26	2022-09-26	2022-09-26	STATE STREET GLOBAL MARKETS INTERNATIONAL LIMITED		549300SQM0MRIF4HE647	LONDON	WWW.CURRENEX.COM	
MCXR	SEGMENT	EXPIRED	MCUR	CURRENEX MTF - RFQ	GB	MLTF	2017-05-22	2022-09-26	2022-09-26	2022-09-26	STATE STREET GLOBAL MARKETS INTERNATIONAL LIMITED		549300SQM0MRIF4HE647	LONDON	WWW.CURRENEX.COM	
MCXS	SEGMENT	EXPIRED	MCUR	CURRENEX MTF - STREAMING	GB	MLTF	2017-05-22	2022-09-26	2022-09-26	2022-09-26	STATE STREET GLOBAL MARKETS INTERNATIONAL LIMITED		549300SQM0MRIF4HE647	LONDON	WWW.CURRENEX.COM	
MCXX	OPERATING	ACTIVE	MCXX	METROPOLITAN STOCK EXCHANGE OF INDIA LIMITED	IN	NSPD	2010-11-22	2020-07-27					3358002YCEYDX7UK4352	MUMBAI	WWW.MSEI.IN	
MCZK	SEGMENT	EXPIRED	XMTS	MTS CZECH REPUBLIC	GB	NSPD	2011-05-23	2019-04-22		2019-04-22			213800OANOWGT2KW8O63	LONDON		MTS CZECH REPUBLIC IS A DOMESTIC MARKET WHERE IT WILL BE POSSIBLE TO TRADE GOVIES BONDS IN LOCAL CURRENCY.
MDIP	OPERATING	EXPIRED	MDIP	MEDIP  (MTS PORTUGAL SGMR, SA)	PT	NSPD	2007-06-25	2014-07-28		2014-07-28		MEDIP		LISBON	WWW.MTSPORTUGAL.COM	MTS PORTUGAL IS OPERATING AS A DIVISION OF EUROMTS SINCE 30 JUNE 2014
MDRV	SEGMENT	ACTIVE	MIBG	MIBGAS - DERIVATIVES	ES	NSPD	2017-11-27	2017-11-27				MIBGAS		MADRID	WWW.MIBGASDERIVATIVES.ES	ENERGY EXCHANGE (IBERIAN GAS MARKET).
MEAU	OPERATING	EXPIRED	MEAU	MACQUARIE EXECUTION (AU)	AU	NSPD	2011-01-24	2013-10-28		2013-10-28	MACQUARIE GROUP LIMITED		ACMHD8HWFMFUIQQ8Y590	SYDNEY	WWW.MACQUARIE.COM	MACQUARIE SECURITIES DARK POOL FOR TRADING AUSTRALIAN EQUITIES.
MEHK	OPERATING	EXPIRED	MEHK	MACQUARIE EXECUTION (HK)	HK	NSPD	2011-01-24	2015-03-23		2015-03-23				HONG KONG	WWW.MACQUARIE.COM	MACQUARIE CAPITAL SECURITIES DARK POOL FOR TRADING HK EQUITIES.
MELO	SEGMENT	ACTIVE	XNAS	NASDAQ MIDPOINT-ELO (M-ELO)	US	RMKT	2018-04-23	2026-04-27	2026-04-27		NASDAQ, INC.	MELO	549300L8X1Q78ERXFD06	NEW YORK	WWW.NASDAQTRADER.COM	MIDPOINT EXTENDED POINT ORDER (M-ELO).
MEMD	SEGMENT	ACTIVE	XMEM	MEMX LLC DARK	US	OTHR	2020-07-27	2026-03-23	2026-03-23		MEMX LLC	MEMXDARK	254900ZJZM9RSYHE7D79	JERSEY CITY	HTTPS://MEMX.COM/	
MEMM	SEGMENT	ACTIVE	XMEM	MEMX LLC RETAIL MIDPOINT	US	OTHR	2021-10-25	2026-03-23	2026-03-23		MEMX LLC		254900ZJZM9RSYHE7D79	JERSEY CITY	HTTPS://MEMX.COM/	RETAIL MIDPOINT.
MEMX	SEGMENT	ACTIVE	XMEM	MEMX LLC EQUITIES	US	OTHR	2020-02-24	2026-03-23	2026-03-23		MEMX LLC	MEMX	254900ZJZM9RSYHE7D79	JERSEY CITY	HTTPS://MEMX.COM/	
MEPX	OPERATING	ACTIVE	MEPX	MONTENEGRIN POWER EXCHANGE	ME	MLTF	2024-11-25	2024-11-25	2024-11-25		MONTENEGRIN POWER EXCHANGE LLC	BELEN/MEPX	894500JPCUDPXZORYJ22	PODGORICA	HTTPS://BELEN-SPOT.ME/	
MERD	SEGMENT	ACTIVE	XOSL	MERKUR MARKET - DARK POOL	NO	NSPD	2015-08-24	2015-08-24						OSLO	WWW.OSLOBORS.NO	MULTILATERAL TRADING FACILITY FOR FINANCIAL INSTRUMENTS - DARK POOL
MERF	SEGMENT	ACTIVE	BMEX	MERCADO ELECTRONICO DE RENTA FIJA	ES	RMKT	2012-08-27	2013-10-28				MERF	959800UYJM40XUGVGG78	MADRID	WWW.BMERF.ES	REGISTERED MARKET FOR BONDS ELECTRONIC TRADING PLATFORM.
MERK	SEGMENT	ACTIVE	XOSL	EURONEXT GROWTH - OSLO	NO	MLTF	2015-08-24	2025-12-22			OSLO BORS ASA		5967007LIEEXZXHDL433	OSLO	WWW.OSLOBORS.NO	MULTILATERAL TRADING FACILITY FOR FINANCIAL INSTRUMENTS.
MESI	SEGMENT	ACTIVE	MSEU	MORGAN STANLEY EUROPE S.E. - SYSTEMATIC INTERNALISER	DE	SINT	2018-10-22	2018-10-22			MORGAN STANLEY EUROPE SE	MESI	54930056FHWP7GIWYY08	FRANKFURT	WWW.MORGANSTANLEY.COM	SYSTEMATIC INTERNALISER.
MESQ	SEGMENT	ACTIVE	XKLS	ACE MARKET	MY	NSPD	2010-05-24	2010-05-24					254900CXCSGW8M52ZU27	KUALA LUMPUR	WWW.BURSAMALAYSIA.COM	THE MESDAQ IS DESIGNED FOR HIGH-GROWTH COMPANIES AND TECHNOLOGY INTENSIVE INDUSTRIES.
METZ	OPERATING	ACTIVE	METZ	MET ZURICH	GB	NSPD	2018-07-23	2018-07-23					213800NTJEPFURB3WB19	LONDON	WWW.METZURICH.COM	
MFGL	OPERATING	ACTIVE	MFGL	MF GLOBAL ENERGY MTF	GB	NSPD	2007-11-26	2007-11-26						LONDON	WWW.MFGLOBAL.COM	
MFOX	SEGMENT	ACTIVE	XLIS	EURONEXT - MERCADO DE FUTUROS E OPÇÕES	PT	RMKT	2007-11-26	2023-04-24	2023-04-24		EURONEXT LISBON - SOCIEDADE GESTORA DE MERCADOS REGULAMENTADOS S.A.		529900K0OK4J5I7A5V66	LISBON	WWW.EURONEXT.COM	
MFXA	SEGMENT	ACTIVE	MFXC	FX CONNECT - MTF - ALLOCATIONS	GB	MLTF	2017-05-22	2024-10-28	2024-10-28		STATE STREET GLOBAL MARKETS INTERNATIONAL LIMITED		549300SQM0MRIF4HE647	LONDON	WWW.FXCONNECTMTF.COM	FINANCIAL CONDUCT AUTHORITY REGULATED MULTILATERAL TRADING FACILITY FOR FX SPOT, FORWARD, SWAP TRADING.
MFXC	OPERATING	ACTIVE	MFXC	FX CONNECT - MTF	GB	MLTF	2017-05-22	2024-10-28	2024-10-28		STATE STREET GLOBAL MARKETS INTERNATIONAL LIMITED		549300SQM0MRIF4HE647	LONDON	WWW.FXCONNECTMTF.COM	UK FINANCIAL CONDUCT AUTHORITY REGULATED MULTILATERAL TRADING FACILITY FOR FX SPOT, FORWARD, SWAP TRADING.
MFXR	SEGMENT	ACTIVE	MFXC	FX CONNECT - MTF - RFQ	GB	MLTF	2017-05-22	2024-10-28	2024-10-28		STATE STREET GLOBAL MARKETS INTERNATIONAL LIMITED		549300SQM0MRIF4HE647	LONDON	WWW.FXCONNECTMTF.COM	FINANCIAL CONDUCT AUTHORITY REGULATED MULTILATERAL TRADING FACILITY FOR FX SPOT, FORWARD, SWAP TRADING.
MHBD	OPERATING	ACTIVE	MHBD	MIZUHO BANK, LTD. DUESSELDORF BRANCH	DE	SINT	2018-08-27	2018-08-27					549300VHOWSD9OG7S547	DUESSELDORF	WWW.MIZUHO-EMEA.COM	SYSTEMATIC INTERNALISER
MHBE	OPERATING	ACTIVE	MHBE	MIZUHO BANK EUROPE N.V.	NL	SINT	2019-01-28	2019-01-28					724500ZSA7ZOZHUXBS53	AMSTERDAM	WWW.MIZUHO-EMEA.COM	SYSTEMATIC INTERNALISER IN FX DERIVATIVES.
MHBL	OPERATING	EXPIRED	MHBL	MIZUHO BANK, LTD. LONDON BRANCH	GB	SINT	2018-11-26	2026-01-26	2026-01-26	2026-01-26	MIZUHO BANK, LTD.		RB0PEZSDGCO3JS6CEU02	LONDON	WWW.MIZUHO-EMEA.COM	SYSTEMATIC INTERNALISER IN FX DERIVATIVES.
MHBP	OPERATING	ACTIVE	MHBP	MIZUHO BANK LTD. - PARIS BRANCH	FR	SINT	2018-12-24	2018-12-24					RB0PEZSDGCO3JS6CEU02	PARIS	WWW.MIZUHOBANK.COM	SYSTEMATIC INTERNALISER IN FX DERIVATIVES.
MHEL	SEGMENT	ACTIVE	XHEL	NASDAQ HELSINKI LTD -  AUCTION ON DEMAND	FI	RMKT	2016-06-27	2023-09-25	2023-09-25		NASDAQ HELSINKI LTD		743700NAXLL4Q86IEX32	HELSINKI	WWW.NASDAQOMXNORDIC.COM	
MHEU	OPERATING	ACTIVE	MHEU	MIZUHO SECURITIES EUROPE	DE	SINT	2018-12-24	2018-12-24				MHEU	213800G8QEXN34A2YG53	FRANKFURT	WWW.MIZUHO-EMEA.COM	SYSTEMATIC INTERNALISER . LICENCE APPLIED FOR TO PROVIDE POST-BREXIT INVESTMENT SERVICES TO EU CLIENTS. ANTICIPATED SYSTEMATIC INTERNALISER IN BONDS.
MHIP	OPERATING	EXPIRED	MHIP	MIZUHO INTERNATIONAL	GB	SINT	2017-07-24	2026-01-26	2026-01-26	2026-01-26	MIZUHO INTERNATIONAL PLC	MHI	213800HZ54TG54H2KV03	LONDON	WWW.ONEMIZUHO.EU	ANTICIPATED SYSTEMATIC INTERNALISER FOR BONDS.
MIBG	OPERATING	ACTIVE	MIBG	MERCADO ORGANIZADO DEL GAS	ES	NSPD	2015-07-27	2015-07-27				MIBGAS		MADRID	WWW.MERCADOSGAS.OMIE.ES	REGULATED MARKET OPERATOR FOR THE ORGANISED GAS MARKET IN SPAIN.
MIBL	OPERATING	EXPIRED	MIBL	MITSUBISHI UFJ INVESTOR SERVICES AND BANKING	LU	SINT	2017-07-24	2018-07-23		2018-07-23		MIBL	2138002PVBMEHILJ1340	LUXEMBOURG	WWW.LU.TR.MUFG.JP	SYSTEMATIC INTERNALISER.
MICE	SEGMENT	ACTIVE	XICE	NASDAQ ICELAND HF. - AUCTION ON DEMAND	IS	RMKT	2016-06-27	2023-09-25	2023-09-25		NASDAQ ICELAND HF.		5493000SYSCC8J8U5638	REYKJAVIK	WWW.NASDAQOMXNORDIC.COM	
MIDC	OPERATING	ACTIVE	MIDC	MIDCHAINS	AE	NSPD	2020-12-28	2020-12-28			MIDCHAINS LIMITED		213800WZJ9V6RNUV8R74	ABU DHABI	WWW.MIDCHAINS.COM	
MIHI	OPERATING	ACTIVE	MIHI	MIAMI INTERNATIONAL HOLDINGS, INC.	US	OTHR	2016-02-22	2023-08-28	2023-08-28		MIAMI INTERNATIONAL HOLDINGS, INC.	MIHI		PRINCETON	WWW.MIAXGLOBAL.COM	HOLDINGS COMPANY FOR MIAX EXCHANGES AND OTHER ENTITIES.
MISX	OPERATING	ACTIVE	MISX	MOSCOW EXCHANGE - ALL MARKETS	RU	NSPD	2012-01-23	2019-07-22				MOEX	253400M5M1222KPNWE87	MOSCOW	WWW.MOEX.COM	EQUITIES, BONDS, CURRENCIES, MONEY MARKET INSTRUMENTS, COMMODITIES AND MOEX BOARD.
MIVX	SEGMENT	ACTIVE	XMIL	EURONEXT MIV MILAN	IT	RMKT	2009-06-22	2017-05-22			BORSA ITALIANA S.P.A.	MIV	8156005391EE905D3124	MILAN	WWW.BORSAITALIANA.IT	THE MIV, DEDICATED TO INVESTMENT VEHICLES, IS DIVIDED INTO THREE SEGMENTS: UNITS OF CLOSED-END FUNDS SEGMENT, INVESTMENT COMPANIES SEGMENT, REAL ESTATE INVESTMENT COMPANIES SEGMENT (REICS FROM THE EXPANDI MARKET). RENAMED INTO EURONEXT MIV MILAN
MIZX	OPERATING	ACTIVE	MIZX	MIZUHO INTERNAL CROSSING	JP	NSPD	2014-04-28	2014-04-28				MIX	5493007HSF4UV3DI5W54	TOKYO	WWW.MIZUHO-SC.COM	MIZUHO DARK
MKAA	SEGMENT	ACTIVE	MTXX	MARKETAXESS ATS	US	ATSS	2019-08-26	2019-08-26					GPSMMRI21JE7ZCVYF972	NEW YORK	WWW.MARKETAXESS.COM	REGISTERED ALTERNATIVE TRADING SYSTEM (ATS) FOR FIXED INCOME SECURITIES.
MKAP	OPERATING	ACTIVE	MKAP	MERITKAPITAL	CY	SINT	2017-12-25	2017-12-25					21380073P7J4PAD91E29	LIMASSOL	WWW.MERITKAPITAL.COM	SYSTEMATIC INTERNALISER.
MKTF	OPERATING	ACTIVE	MKTF	MARKET SECURITIES (FRANCE) SA	FR	OTFS	2019-08-26	2025-12-22			MARKET SECURITIES (FRANCE) SA		969500FWB6L4IMCWRO70	PARIS	WWW.MARKET-SECURITIES.COM	
MLAX	SEGMENT	EXPIRED	MLXN	BANK OF AMERICA - MERRILL LYNCH AUCTION CROSS	GB	NSPD	2015-05-25	2017-12-25		2017-12-25				LONDON	HTTP://CORP.BANKOFAMERICA.COM/BUSINESS/CI/TRADER-INSTINCT	INSTINCT-X AUCTION CROSS FACILITY
MLCO	SEGMENT	ACTIVE	BAML	BANK OF AMERICA - MERRILL LYNCH OTC	US	NSPD	2015-04-27	2015-04-27						NEW YORK	HTTP://CORP.BANKOFAMERICA.COM/BUSINESS/CI/TRADER-INSTINCT	USED FOR HIGH TOUCH AND 'DIRECT TO CAPITAL' EXECUTIONS.
MLER	SEGMENT	ACTIVE	MLEX	BOFA SECURITIES EUROPE - RFQ	FR	SINT	2018-06-25	2025-01-27			BOFA SECURITIES EUROPE SA	BOFASE	549300FH0WJAPEHTIQ77	PARIS	WWW.BOFAML.COM	SYSTEMATIC INTERNALISER.
MLES	SEGMENT	ACTIVE	MLEX	BOFA SECURITIES EUROPE - SYSTEMATIC INTERNALISER	FR	SINT	2018-06-25	2025-01-27			BOFA SECURITIES EUROPE SA	BOFASE	549300FH0WJAPEHTIQ77	PARIS	WWW.BOFAML.COM	SYSTEMATIC INTERNALISER.
MLEU	SEGMENT	EXPIRED	MLXN	BANK OF AMERICA - MERRILL LYNCH OTC - EUROPE	GB	NSPD	2015-05-25	2017-12-25		2017-12-25				LONDON	HTTP://CORP.BANKOFAMERICA.COM/BUSINESS/CI/TRADER-INSTINCT	
MLEX	OPERATING	ACTIVE	MLEX	BOFA SECURITIES EUROPE	FR	SINT	2018-06-25	2025-01-27			BOFA SECURITIES EUROPE SA	BOFASE	549300FH0WJAPEHTIQ77	PARIS	WWW.BOFAML.COM	
MLIB	OPERATING	EXPIRED	MLIB	MERRILL LYNCH INTERNATIONAL BANK DESIGNATED ACTIVITY COMPANY	GB	NSPD	2017-11-27	2018-11-26		2018-11-26		BAMLI DAC	EQYXK86SF381Q21S3020	LONDON	WWW.BOFAML.COM/EMEA	
MLIX	OPERATING	ACTIVE	MLIX	MERRILL LYNCH INTERNATIONAL	GB	NSPD	2017-11-27	2017-11-27				MLI	GGDZP1UYGU9STUHRDP48	LONDON	WWW.BOFAML.COM/EMEA	
MLRQ	SEGMENT	ACTIVE	MLIX	MERRILL LYNCH INTERNATIONAL - RFQ	GB	SINT	2017-11-27	2017-11-27				MLI	GGDZP1UYGU9STUHRDP48	LONDON	WWW.BOFAML.COM/EMEA	SYSTEMATIC INTERNALISER.
MLSI	SEGMENT	ACTIVE	MLIX	MERRILL LYNCH INTERNATIONAL - SYSTEMATIC INTERNALISER	GB	SINT	2017-11-27	2017-11-27				MLI	GGDZP1UYGU9STUHRDP48	LONDON	WWW.BOFAML.COM/EMEA	SYSTEMATIC INTERNALISER.
MLVE	SEGMENT	EXPIRED	MLXN	BANK OF AMERICA - MERRILL LYNCH VWAP CROSS - EUROPE	GB	NSPD	2015-05-25	2017-12-25		2017-12-25				LONDON	HTTP://CORP.BANKOFAMERICA.COM/BUSINESS/CI/TRADER-INSTINCT	
MLVX	SEGMENT	ACTIVE	BAML	BANK OF AMERICA - MERRILL LYNCH VWAP CROSS	US	ATSS	2015-02-23	2015-02-23						NEW YORK	HTTP://CORP.BANKOFAMERICA.COM/BUSINESS/CI/TRADER-INSTINCT	REGISTERED ATS (ATS 1)
MLXB	SEGMENT	ACTIVE	XBRU	EURONEXT ACCESS BRUSSELS	BE	MLTF	2007-08-27	2025-12-22	2025-12-22		EURONEXT BRUSSELS		5493007YLUF2KAS0TM17	BRUSSELS	WWW.EURONEXT.COM	
MLXN	OPERATING	EXPIRED	MLXN	BANK OF AMERICA - MERRILL LYNCH INSTINCT X - EUROPE	GB	ATSS	2015-05-25	2017-12-25		2017-12-25				LONDON	HTTP://CORP.BANKOFAMERICA.COM/BUSINESS/CI/TRADER-INSTINCT	
MNDK	SEGMENT	ACTIVE	XCSE	FIRST NORTH DENMARK - AUCTION ON DEMAND	DK	MLTF	2016-06-27	2023-09-25	2023-09-25		NASDAQ COPENHAGEN A/S		549300JNYZUL5PLI8E17	COPENHAGEN	WWW.NASDAQOMXNORDIC.COM	
MNFI	SEGMENT	ACTIVE	XHEL	FIRST NORTH FINLAND - AUCTION ON DEMAND	FI	MLTF	2016-06-27	2023-09-25	2023-09-25		NASDAQ HELSINKI LTD		743700NAXLL4Q86IEX32	HELSINKI	WWW.NASDAQOMXNORDIC.COM	
MNIS	SEGMENT	ACTIVE	XICE	FIRST NORTH ICELAND - AUCTION ON DEMAND	IS	MLTF	2016-06-27	2023-09-25	2023-09-25		NASDAQ ICELAND HF.		5493000SYSCC8J8U5638	REYKJAVIK	WWW.NASDAQOMXNORDIC.COM	
MNSE	SEGMENT	ACTIVE	XSTO	FIRST NORTH SWEDEN - AUCTION ON DEMAND	SE	MLTF	2016-06-27	2023-09-25	2023-09-25		NASDAQ STOCKHOLM AB		549300KBQIVNEJEZVL96	STOCKHOLM	WWW.NASDAQOMXNORDIC.COM	
MOAT	OPERATING	ACTIVE	MOAT	MOSAIC ATS	US	ATSS	2026-04-27	2026-04-27	2026-04-27		MOSAIC ATS, LLC		648875H4T7NN7LD31I61	NEW YORK	WWW.MOSAICPLATFORMS.COM	
MOCX	SEGMENT	ACTIVE	XINS	MOC CROSS	US	NSPD	2015-02-23	2015-02-23				MOCX	549300MGMN3RKMU8FT57	NEW YORK	WWW.INSTINET.COM	POINT IN TIME CROSSES THAT ALLOWS PARTICIPANTS TO CROSS MOC ORDERS FOR US EQUITIES.
MOON	OPERATING	ACTIVE	MOON	MOON	US	ATSS	2025-02-24	2025-02-24	2025-02-24		OTC MARKETS GROUP INC.		254900LQDMW14QIVAH45	NEW YORK	WWW.OTCMARKETS.COM	
MOSE	SEGMENT	ACTIVE	XSTO	FIRST NORTH SWEDEN - NORWAY AUCTION ON DEMAND	SE	MLTF	2018-03-26	2023-09-25	2023-09-25		NASDAQ STOCKHOLM AB		549300KBQIVNEJEZVL96	STOCKHOLM	NASDAQOMXNORDIC.COM/FIRSTNORTH	
MOTX	SEGMENT	ACTIVE	XMIL	ELECTRONIC BOND MARKET	IT	RMKT	2007-09-24	2023-04-24	2023-04-24		BORSA ITALIANA S.P.A.	MOT	8156005391EE905D3124	MILAN	WWW.BORSAITALIANA.IT	
MPRL	SEGMENT	ACTIVE	MIHI	MIAX PEARL, LLC	US	RMKT	2016-02-22	2023-08-28	2023-08-28		MIAX PEARL, LLC	MPRL		PRINCETON	WWW.MIAXGLOBAL.COM	MIAX PEARL: ELECTRONIC TRADING FOR DERIVATIVES.
MSAL	OPERATING	ACTIVE	MSAL	MORGAN STANLEY AUSTRALIA SECURITIES LIMITED	AU	NSPD	2015-07-27	2015-07-27			MORGAN STANLEY AUSTRALIA SECURITIES LIMITED		6NYZXKE9GUP7XNI56S88	SYDNEY	WWW.MORGANSTANLEY.COM	
MSAX	OPERATING	EXPIRED	MSAX	MORGAN STANLEY MTF - PERIODIC AUCTION	FR	MLTF	2018-10-22	2021-10-25	2021-10-25	2021-10-25		MSAX	PK168Q24DU7QQ2T4QF97	PARIS	WWW.MORGANSTANLEY.COM	
MSBI	OPERATING	ACTIVE	MSBI	MORGAN STANLEY BANK INTERNATIONAL LIMITED	GB	NSPD	2020-09-28	2020-09-28					Z06S12H6N9QRJ8HHN626	LONDON	WWW.MORGANSTANLEY.COM	
MSCC	SEGMENT	ACTIVE	MSCO	MORGAN STANLEY CLOSE CROSS	US	ATSS	2026-07-27	2026-07-27	2026-07-27		MORGAN STANLEY AND CO. LLC		9R7GPTSO7KV3UQJZQ078	NEW YORK	WWW.MORGANSTANLEY.COM	
MSCO	OPERATING	ACTIVE	MSCO	MORGAN STANLEY AND CO. LLC	US	OTHR	2014-11-24	2023-06-26	2023-06-26		MORGAN STANLEY AND CO. LLC		9R7GPTSO7KV3UQJZQ078	NEW YORK	WWW.MORGANSTANLEY.COM	
MSCX	SEGMENT	EXPIRED	MSAX	MORGAN STANLEY MTF - CONTINUOUS CROSS DARK	FR	MLTF	2018-10-22	2021-10-25	2021-10-25	2021-10-25		MSCX	PK168Q24DU7QQ2T4QF97	PARIS	WWW.MORGANSTANLEY.COM	
MSDM	OPERATING	ACTIVE	MSDM	MICHAEL/STROM DOM MAKLERSKI SPOLKA AKCYJNA	PL	SINT	2022-06-27	2022-07-25	2022-07-25		MICHAEL/STROM DOM MAKLERSKI SPOLKA AKCYJNA	MSDM	259400CKHRZPKRS5IK67	WARSAW	HTTPS://MICHAELSTROM.PL/	
MSEL	OPERATING	ACTIVE	MSEL	MAREX SPECTRON EUROPE LIMITED - OTF	IE	OTFS	2018-12-24	2024-03-25	2024-03-25		MAREX SPECTRON EUROPE LIMITED	MSEL OTF	549300L6UG0LIPH04553	DUBLIN	WWW.MAREX.COM	ORGANISED TRADING FACILITY FOR COMMODITY DERIVATIVES, EMISSION ALLOWANCES AND EMISSION ALLOWANCE DERIVATIVES.
MSEU	OPERATING	ACTIVE	MSEU	MORGAN STANLEY EUROPE S.E.	DE	NSPD	2018-10-22	2018-10-22			MORGAN STANLEY EUROPE SE	MSEU	54930056FHWP7GIWYY08	FRANKFURT	WWW.MORGANSTANLEY.COM	
MSIP	OPERATING	ACTIVE	MSIP	MORGAN STANLEY AND CO. INTERNATIONAL PLC	GB	NSPD	2015-05-25	2015-05-25					4PQUHN3JPFGFNF3BB653	LONDON	WWW.MORGANSTANLEY.COM	
MSLC	SEGMENT	ACTIVE	MSCO	MS LONG CROSS	US	ATSS	2023-04-24	2023-05-22	2023-05-22		MORGAN STANLEY AND CO. LLC		9R7GPTSO7KV3UQJZQ078	NEW YORK	WWW.MORGANSTANLEY.COM	
MSLP	SEGMENT	EXPIRED	MSCO	MORGAN STANLEY AUTOMATED LIQUIDITY PROVISION	US	OTHR	2014-12-22	2018-05-28		2018-05-28	MORGAN STANLEY AND CO. LLC		9R7GPTSO7KV3UQJZQ078	NEW YORK	WWW.MORGANSTANLEY.COM	INTERNAL AUTOMATED LIQUIDITY PROVISION.
MSMS	OPERATING	ACTIVE	MSMS	MORGAN STANLEY MUFG SECURITIES CO., LTD	JP	NSPD	2015-07-27	2015-07-27					549300OB5SQ53A8BTO30	TOKYO	WWW.MORGANSTANLEYMUFG.COM	MORGAN STANLEY’S SECURITIES JOINT VENTURE WITH MITSUBISHI UFJ FINANCIAL GROUP IN JAPAN.
MSNT	SEGMENT	EXPIRED	MSAX	MORGAN STANLEY MTF - NEGOTIATED TRADE	FR	MLTF	2018-10-22	2021-10-25	2021-10-25	2021-10-25		MSNT	PK168Q24DU7QQ2T4QF97	PARIS	WWW.MORGANSTANLEY.COM	
MSPL	SEGMENT	ACTIVE	MSCO	MS POOL	US	ATSS	2010-03-22	2023-05-22	2023-05-22		MORGAN STANLEY AND CO. LLC		9R7GPTSO7KV3UQJZQ078	NEW YORK	WWW.MORGANSTANLEY.COM	REGISTERED ATS FOR EQUITIES IN THE U.S.
MSRP	SEGMENT	ACTIVE	MSCO	MS RPOOL	US	ATSS	2012-02-27	2023-05-22	2023-05-22		MORGAN STANLEY AND CO. LLC		9R7GPTSO7KV3UQJZQ078	NEW YORK	WWW.MORGANSTANLEY.COM	INTERNAL CROSSING SYSTEM FOR EQUITIES.
MSSA	SEGMENT	ACTIVE	HPCX	MAREX SPECTRON - OTF	FR	OTFS	2024-03-25	2024-03-25	2024-03-25		MAREX SA		969500AMLHB21RACL168	PARIS	WWW.MAREX.COM	
MSSI	SEGMENT	ACTIVE	MSIP	MORGAN STANLEY AND CO. INTERNATIONAL PLC - SYSTEMATIC INTERNALISER	GB	SINT	2017-05-22	2018-04-23					4PQUHN3JPFGFNF3BB653	LONDON	WWW.MORGANSTANLEY.COM	SYSTEMATIC INTERNALISER.
MSTC	SEGMENT	EXPIRED	MSCO	MS TRAJECTORY CROSSING ATS	US	ATSS	2010-08-23	2015-03-23		2015-03-23	MORGAN STANLEY AND CO. LLC		9R7GPTSO7KV3UQJZQ078	NEW YORK	WWW.MORGANSTANLEY.COM	REGISTERED ATS FOR EQUITIES IN THE U.S. MIC TO USE: MSTX.
MSTO	SEGMENT	ACTIVE	XSTO	NASDAQ STOCKHOLM AB - AUCTION ON DEMAND	SE	RMKT	2016-06-27	2023-09-25	2023-09-25		NASDAQ STOCKHOLM AB		549300KBQIVNEJEZVL96	STOCKHOLM	WWW.NASDAQOMXNORDIC.COM	
MSTX	SEGMENT	ACTIVE	MSCO	MS TRAJECTORY CROSS	US	ATSS	2014-04-28	2023-05-22	2023-05-22		MORGAN STANLEY AND CO. LLC		9R7GPTSO7KV3UQJZQ078	NEW YORK	WWW.MORGANSTANLEY.COM	INTERNAL CROSSING SYSTEM FOR EQUITIES.
MSWP	SEGMENT	EXPIRED	MTSO	MTS INTERDEALER SWAPS MARKET	IT	MLTF	2022-07-25	2023-12-25	2023-12-25	2023-12-25	MTS S.P.A.		213800ZMKPUV1VKLCT69	ROME	WWW.MTSMARKETS.COM	
MSXB	SEGMENT	ACTIVE	XMUS	MUSCAT STOCK EXCHANGE - BOOK BUILDING	OM	OTFS	2023-03-27	2023-04-24	2023-04-24		UNITED SECURITIES	MSM	549300Z0H15P7ZLU2G11	MUSCAT	WWW.MSX.OM	
MSXO	SEGMENT	ACTIVE	XMUS	MUSCAT STOCK EXCHANGE – NON-LISTED INSTRUMENTS	OM	OTFS	2023-04-24	2023-04-24	2023-04-24		UNITED SECURITIES	MSM	549300Z0H15P7ZLU2G11	MUSCAT	WWW.MSX.OM	
MTAA	SEGMENT	ACTIVE	XMIL	EURONEXT MILAN	IT	RMKT	2007-09-24	2017-05-22			BORSA ITALIANA S.P.A.	MTA	8156005391EE905D3124	MILAN	WWW.BORSAITALIANA.IT	"RENAMED FROM ""ELECTRONIC SHARE MARKET"" TO ""EURONEXT MILAN"""
MTAH	SEGMENT	ACTIVE	XMIL	BORSA ITALIANA - TRADING AFTER HOURS	IT	MLTF	2016-07-25	2023-03-27	2023-03-27		BORSA ITALIANA S.P.A.	TAH	8156005391EE905D3124	MILAN	WWW.BORSAITALIANA.IT	MULTILATERAL TRADING FACILITY FOR TRADING DURING EXTENDED HOURS (FOR ITALIAN AND INTL. SHARES, FROM 6PM TO 8:30PM MILAN TIME).
MTAX	OPERATING	EXPIRED	MTAX	MTAX	IT	NSPD	2003-04-01	2008-04-28		2008-04-28				MILAN		UNIFICATION OF MTA AND MTAX ON MARCH 3RD 2008. MTAA IS THE MIC TO USE.
MTCH	SEGMENT	ACTIVE	XPAR	BONDMATCH	FR	NSPD	2010-11-22	2015-04-27					969500HMVSZ0TCV65D58	PARIS	WWW.EURONEXT.COM	FINANCIAL, CORPORATE AND COVERED BONDS TRADING PLATFORM FOR PROFESSIONAL INVESTORS.
MTSA	SEGMENT	EXPIRED	XMTS	MTS AUSTRIA	GB	NSPD	2011-02-28	2019-04-22		2019-04-22			213800OANOWGT2KW8O63	LONDON	WWW.MTSAUSTRIA.COM	
MTSB	SEGMENT	EXPIRED	MTUS	MTS BONDS.COM	US	NSPD	2014-08-25	2023-05-22		2023-05-22	BONDS.COM, INC.		213800QOW94YDEADDF52	NEW YORK	WWW.MTSMARKETS.COM/PRODUCTS/MTS-BONDS-COM	REGISTERED MARKET FOR BONDS AND ELECTRONIC TRADING PLATFORM FOR FIXED INCOME PRODUCTS
MTSC	SEGMENT	ACTIVE	MTSO	MTS ITALIA	IT	RMKT	2005-11-28	2023-04-24	2023-04-24		MTS S.P.A.	MTS ITALY	213800ZMKPUV1VKLCT69	ROME	WWW.MTSMARKETS.COM	
MTSD	SEGMENT	ACTIVE	BEAM	MTS DENMARK	BE	MLTF	2005-11-28	2025-12-22			MTS ASSOCIATED MARKETS		213800C8G8MWTRJAOJ67	BRUSSELS	WWW.MTSDENMARK.COM	
MTSF	SEGMENT	ACTIVE	BEAM	MTS FINLAND	BE	MLTF	2005-11-28	2025-12-22			MTS ASSOCIATED MARKETS		213800C8G8MWTRJAOJ67	BRUSSELS	WWW.MTSFINLAND.COM	
MTSG	SEGMENT	EXPIRED	XMTS	MTS GREECE	GB	NSPD	2011-02-28	2019-04-22		2019-04-22			213800OANOWGT2KW8O63	LONDON	WWW.MTSGREECE.COM	
MTSM	SEGMENT	EXPIRED	MTSO	MTS CORPORATE MARKET	IT	NSPD	2008-01-28	2018-06-25		2018-06-25	MTS S.P.A.	MTS ITALY	213800ZMKPUV1VKLCT69	ROME	WWW.MTSMARKETS.COM	NON-GOVERNMENT BONDS.
MTSO	OPERATING	ACTIVE	MTSO	MTS S.P.A.	IT	MLTF	2017-04-24	2023-05-22	2023-05-22		MTS S.P.A.		213800ZMKPUV1VKLCT69	ROME	WWW.MTSMARKETS.COM	LEGAL ENTITY OPERATING ALL RELATED MARKET SEGMENT MICS.
MTSP	OPERATING	EXPIRED	MTSP	MTS POLAND	PL	NSPD	2003-04-01	2012-05-28		2012-05-28				WARSAW		WAS REPLACED BY TBS POLAND MARKET
MTSS	SEGMENT	EXPIRED	XMTS	MTS INTERDEALER SWAPS MARKET	GB	NSPD	2007-10-22	2017-11-27		2017-11-27				LONDON		B2B SEGMENT
MTSW	SEGMENT	EXPIRED	XMTS	MTS SWAP MARKET	GB	NSPD	2014-07-28	2017-11-27		2017-11-27		STF		LONDON	WWW.MTSMARKETS.COM	B2C SEGMENT OF EUROMTS LTD.
MTUS	OPERATING	EXPIRED	MTUS	MTS MARKETS INTERNATIONAL INC.	US	NSPD	2014-08-25	2023-05-22		2023-05-22	BONDS.COM, INC.		213800QOW94YDEADDF52	NEW YORK	WWW.MTSMARKETS.COM	MTS MARKETS US
MTXA	SEGMENT	ACTIVE	MTXX	MARKETAXESS CANADA COMPANY	US	NSPD	2016-01-25	2016-01-25					549300YY7BIA8V6LUF68	NEW YORK	WWW.MARKETAXESS.COM	ELECTRONIC TRADING PLATFORM
MTXC	SEGMENT	ACTIVE	MTXX	MARKETAXESS CORPORATION SINGLE-NAME CDS CENTRAL LIMIT ORDER	US	NSPD	2014-02-24	2015-11-23					5493002U1CA1XJOVID83	NEW YORK	WWW.MARKETAXESS.COM	ELECTRONIC TRADING PLATFORM
MTXM	SEGMENT	ACTIVE	MTXX	MARKETAXESS CORPORATION MID-X TRADING SYSTEM	US	NSPD	2014-02-24	2015-11-23					5493002U1CA1XJOVID83	NEW YORK	WWW.MARKETAXESS.COM	ELECTRONIC TRADING PLATFORM
MTXS	SEGMENT	ACTIVE	MTXX	MARKETAXESS SEF CORPORATION	US	NSPD	2014-07-28	2015-11-23					5493002U1CA1XJOVID83	NEW YORK	WWW.MARKETAXESS.COM	ELECTRONIC TRADING PLATFORM
MTXX	OPERATING	ACTIVE	MTXX	MARKETAXESS CORPORATION	US	NSPD	2015-11-23	2015-11-23					GPSMMRI21JE7ZCVYF972	NEW YORK	WWW.MARKETAXESS.COM	ELECTRONIC TRADING PLATFORM
MUBE	OPERATING	ACTIVE	MUBE	MUFG BANK (EUROPE) N.V.	NL	SINT	2018-07-23	2018-07-23				MUBE SI	724500Q03K04L0479N30	AMSTERDAM	WWW.BK.MUFG.JP	SYSTEMATIC INTERNALISER.
MUBL	OPERATING	ACTIVE	MUBL	MUFG BANK, LTD. - LONDON BRANCH	GB	SINT	2018-07-23	2018-07-23				MUBL SI	C3GTMMZIHMY46P4OIX74	LONDON	WWW.BK.MUFG.JP	SYSTEMATIC INTERNALISER.
MUBM	OPERATING	ACTIVE	MUBM	MUFG BANK, LTD. - MILANO BRANCH	IT	SINT	2018-07-23	2018-07-23				MUBM SI	C3GTMMZIHMY46P4OIX74	MILAN	WWW.BK.MUFG.JP	SYSTEMATIC INTERNALISER.
MUBP	OPERATING	ACTIVE	MUBP	MUFG BANK, LTD. - PARIS BRANCH	FR	SINT	2018-07-23	2018-07-23				MUBP SI	C3GTMMZIHMY46P4OIX74	PARIS	WWW.BK.MUFG.JP	SYSTEMATIC INTERNALISER.
MUDX	OPERATING	ACTIVE	MUDX	MITSUBISHI DIAMOND CROSSING	JP	NSPD	2021-03-22	2021-03-22			MITSUBISHI UFJ MORGAN STANLEY SECURITIES CO.,LTD.	MDX	O7YCEUWQXFIO1CHULC69	TOKYO	WWW.MUMSS.COM	MITSUBISHI DARK.
MUFP	OPERATING	ACTIVE	MUFP	MARIANA UFP LLP	GB	NSPD	2017-07-24	2017-07-24				MUFP	213800YRA1J9QFBMU217	LONDON	WWW.MARIANAINVESTMENTS.COM	MARKET FOR BONDS AND OTC DERIVATIVES.
MUNA	SEGMENT	ACTIVE	XMUN	BOERSE MUENCHEN - REGULIERTER MARKT	DE	RMKT	2008-02-25	2008-02-25					391200Z7ZWISADXEGZ47	MUENCHEN	WWW.BOERSE-MUENCHEN.DE	
MUNB	SEGMENT	ACTIVE	XMUN	BOERSE MUENCHEN - FREIVERKEHR	DE	MLTF	2008-02-25	2025-12-22			BAYERISCHE BOERSE AKTIENGESELLSCHAFT		391200Z7ZWISADXEGZ47	MUENCHEN	WWW.BOERSE-MUENCHEN.DE	
MUNC	SEGMENT	ACTIVE	XMUN	BOERSE MUENCHEN - GETTEX - REGULIERTER MARKT	DE	RMKT	2014-05-26	2017-08-28					391200Z7ZWISADXEGZ47	MUENCHEN	WWW.GETTEX.DE	
MUND	SEGMENT	ACTIVE	XMUN	BOERSE MUENCHEN - GETTEX - FREIVERKEHR	DE	MLTF	2014-05-26	2025-12-22			BAYERISCHE BOERSE AKTIENGESELLSCHAFT		391200Z7ZWISADXEGZ47	MUENCHEN	WWW.GETTEX.DE	
MUSE	OPERATING	ACTIVE	MUSE	MUFG SECURITIES EMEA PLC	GB	SINT	2018-08-27	2018-08-27					U7M81AY481YLIOR75625	LONDON	WWW.MUFGEMEA.COM	SYSTEMATIC INTERNALISER.
MUSN	OPERATING	ACTIVE	MUSN	MUFG SECURITIES (EUROPE) N.V -	NL	SINT	2018-10-22	2018-10-22					54930050SE0SM7CM2G07	AMSTERDAM	WWW.MUFGEMEA.COM	SYSTEMATIC INTERNALISER.
MUTI	OPERATING	ACTIVE	MUTI	MITSUBISHI UFJ TRUST INTERNATIONAL LIMITED	GB	NSPD	2017-06-26	2018-07-23				MUTI	213800ZXJI3S6VKHTX31	LONDON	WWW.TR.MUFG.JP/ENGLISH/OURSERVICES/ADMINISTRATION/MUTI.HTML	
MVCX	SEGMENT	ACTIVE	XBCC	MERCADO DE VALORES DE CORDOBA S.A.	AR	NSPD	2011-01-24	2011-01-24						CORDOBA	WWW.MERVALCORDOBA.COM.AR	
MXLM	SEGMENT	ACTIVE	MAEL	MARKETAXESS EUROPE LIMITED - LIVE MARKETS	GB	NSPD	2020-03-23	2024-01-22	2024-01-22		MARKETAXESS EUROPE LIMITED		549300TTHIODYMGND828	LONDON	WWW.MARKETAXESS.COM	
MXNL	SEGMENT	ACTIVE	MANL	MARKETAXESS NL B.V. - LIVE MARKETS	NL	NSPD	2020-03-23	2024-01-22	2024-01-22		MARKETAXESS NL B.V.		5299000UUYW66L5LT560	AMSTERDAM	WWW.MARKETAXESS.COM	
MXOP	SEGMENT	ACTIVE	XMEM	MEMX LLC OPTIONS	US	OTHR	2022-04-25	2026-03-23	2026-03-23		MEMX LLC		254900ZJZM9RSYHE7D79	JERSEY CITY	HTTPS://MEMX.COM/	
MXTE	SEGMENT	ACTIVE	XMXT	MX2 LLC EQUITIES	US	OTHR	2026-03-23	2026-03-23	2026-03-23		MX2 LLC		2549009IWMBFP8VWH635	JERSEY CITY	HTTPS://MEMX.COM	
MXTO	SEGMENT	ACTIVE	XMXT	MX2 LLC OPTIONS	US	OTHR	2026-03-23	2026-03-23	2026-03-23		MX2 LLC		2549009IWMBFP8VWH635	JERSEY CITY	HTTPS://MEMX.COM	
MYTR	OPERATING	ACTIVE	MYTR	MYTREASURY	GB	NSPD	2007-09-24	2007-09-24						LONDON	WWW.MYTREASURY.COM	
N2EX	OPERATING	ACTIVE	N2EX	N2EX	GB	NSPD	2009-11-23	2009-11-23						LONDON	WWW.N2EX.COM	N2EX, THE UK MARKET OPERATED BY NASDAQ OMX COMMODITIES AND NORD POOL SPOT, IS A MARKETPLACE FOR PHYSICAL UK POWER CONTRACTS AND LAUNCH A PLATFORM FOR FINANCIAL FUTURES CONTRACTS.
NABA	SEGMENT	EXPIRED	NABL	NATIONAL AUSTRALIA BANK - FX DERIVATIVES AND FIXED INCOME SECURITIES	GB	SINT	2018-08-27	2026-01-26	2026-01-26	2026-01-26	NATIONAL AUSTRALIA BANK LIMITED	NAB	F8SB4JFBSYQFRQEH3Z21	LONDON	WWW.NAB.COM.AU	SYSTEMATIC INTERNALISER.
NABE	OPERATING	EXPIRED	NABE	NAB EUROPE LIMITED	GB	SINT	2018-08-27	2022-04-25		2022-04-25		NABE	ABV0IUZB6XO4Z8ZOLN77	LONDON	WWW.NAB.COM.AU	SYSTEMATIC INTERNALISER.
NABL	OPERATING	EXPIRED	NABL	NATIONAL AUSTRALIA BANK	GB	SINT	2018-08-27	2026-01-26	2026-01-26	2026-01-26	NATIONAL AUSTRALIA BANK LIMITED	NAB	F8SB4JFBSYQFRQEH3Z21	LONDON	WWW.NAB.COM.AU	SYSTEMATIC INTERNALISER.
NABP	OPERATING	ACTIVE	NABP	NATIONAL AUSTRALIA BANK EUROPE S.A.	FR	SINT	2022-05-23	2022-06-27	2022-06-27		NATIONAL AUSTRALIA BANK EUROPE S.A.		5493000IQQ05Y25L0V92	PARIS	WWW.NABEUROPE.COM	SYSTEMATIC INTERNALISER.
NABU	SEGMENT	EXPIRED	NABE	NAB EUROPE LIMITED  - FIXED INCOME SECURITIES	GB	SINT	2018-08-27	2022-04-25		2022-04-25		NABE	ABV0IUZB6XO4Z8ZOLN77	LONDON	WWW.NAB.COM.AU	SYSTEMATIC INTERNALISER.
NAMX	OPERATING	ACTIVE	NAMX	NATIONAL MERCANTILE EXCHANGE	RU	NSPD	2011-03-28	2011-03-28				NAMEX		MOSCOW	WWW.NAMEX.ORG	ORGANIZING AND CONDUCTING TRADING OF THE FUTURES CONTRACTS ON THE COMMODITY SESSION.
NAPA	OPERATING	ACTIVE	NAPA	NASDAQ STOCKHOLM AB - APA SERVICE	SE	APPA	2017-09-25	2017-09-25					549300KBQIVNEJEZVL96	STOCKHOLM	WWW.NASDAQOMXNORDIC.COM	APPROVED PUBLICATION ARRANGEMENT (APA).
NASB	OPERATING	EXPIRED	NASB	NASDAQ BALTIC	LT	NSPD	2009-09-28	2015-11-23		2015-11-23				VILNIUS	WWW.NASDAQBALTIC.COM	MULTILATERAL TRADING FACILITY (MTF) FOR TRADING IN SECURITIES OF BALTIC COUNTRIES.
NASD	SEGMENT	ACTIVE	XNAS	NSDQ DARK	US	RMKT	2011-05-23	2026-04-27	2026-04-27		NASDAQ, INC.	NSDQ DARK	549300L8X1Q78ERXFD06	NEW YORK	WWW.NASDAQ.COM	DARK POOL
NASN	SEGMENT	EXPIRED	XSTO	NASDAQ OMX DERIVATIVES MARKETS	SE	NSPD	2003-04-01	2010-10-25		2010-10-25				STOCKHOLM		NASDAQ OMX NORDIC HAVE A MIC (XSTO) THAT SHOULD BE USED FOR REPORTING PURPOSES (INCLUDING THE DERIVATIVES MARKET)
NASX	OPERATING	ACTIVE	NASX	NASD OTC MARKET	NG	NSPD	2015-08-24	2015-08-24				NASDOTC		LAGOS	WWW.NASDNG.COM	REGISTERED MARKET FOR ELECTRONIC TRADING OF UNLISTED SECURITIES.
NATX	OPERATING	ACTIVE	NATX	NATIXIS	FR	SINT	2017-08-28	2017-08-28				NATX	KX1WK48MPD4Y2NCUIZ63	PARIS	WWW.NATIXIS.COM	SYSTEMATIC INTERNALISER.
NAVE	SEGMENT	EXPIRED	TRDE	NAVESIS-MTF	GB	NSPD	2012-03-26	2018-02-26		2018-02-26				LONDON	WWW.TRADITION.COM	TRADE NAME: NAVESIS ETF.
NBFL	OPERATING	ACTIVE	NBFL	NATIONAL BANK FINANCIAL INC.	GB	SINT	2020-06-22	2020-06-22				NBF	549300D83GR71RNG0O65	LONDON	HTTPS://NBFM.CA/EN	SYSTEMATIC INTERNALISER.
NBLX	OPERATING	ACTIVE	NBLX	NOBLE EXCHANGE	US	NSPD	2015-07-27	2015-07-27						NEW YORK	WWW.NOBLEX.IO	THE NOBLE MARKETS VENUE FOR CRYPTOGRAPHIC AND DIGITAL ASSETS.
NBOT	OPERATING	ACTIVE	NBOT	NATIONAL BOARD OF TRADE LIMITED	IN	NSPD	2009-01-26	2009-01-26						INDORE MADHYA PRADESH	WWW.NBOTIND.ORG	COMMODITY FUTURES EXCHANGE
NBXO	SEGMENT	EXPIRED	XBXO	NASDAQ OMX BX OPTIONS	US	NSPD	2003-04-01	2012-08-27		2012-08-27				WASHINGTON		DUPLICATE. MIC TO USE IS XBXO.
NCEL	OPERATING	ACTIVE	NCEL	PAKISTAN MERCANTILE EXCHANGE	PK	NSPD	2009-04-27	2013-08-26				PMEX		KARACHI	WWW.PMEX.COM.PK	REGISTERED FOR LISTED DERIVATIVES (OPTIONS AND FUTURES) TRADING - FORMERLY NATIONAL COMMODITY EXCHANGE LIMITED.
NCME	OPERATING	ACTIVE	NCME	SMBC NIKKO CAPITAL MARKETS EUROPE GMBH	DE	SINT	2019-01-28	2023-08-28	2023-08-28		SMBC NIKKO CAPITAL MARKETS EUROPE GMBH		5493008794GM6YH5G766	FRANKFURT	WWW.SMBCNIKKO-CM.COM	
NCML	OPERATING	ACTIVE	NCML	SMBC NIKKO CAPITAL MARKETS LIMITED	GB	SINT	2018-07-23	2018-12-24					G7WFA3G3MT5YHH8CHG81	LONDON	WWW.SMBCNIKKO-CM.COM	SYSTEMATIC INTERNALISER.
NDCM	OPERATING	ACTIVE	NDCM	ICE ENDEX UK OCM GAS SPOT	GB	NSPD	2014-12-22	2017-06-26				ICE ENDEX OCM	5493007PP5JLCOM9WY96	LONDON	WWW.THEICE.COM/ENDEX	ELECTRONIC PLATFORM TO TRADE UK OCM GAS SPOT MARKET.
NDEX	OPERATING	ACTIVE	NDEX	ICE ENDEX FUTURES	NL	RMKT	2007-05-28	2017-06-26				ICE ENDEX RM	549300CZW488L20NT866	AMSTERDAM	WWW.THEICE.COM/ENDEX	ELECTRONIC PLATFORM TO TRADE FUTURES.
NDIG	SEGMENT	ACTIVE	GOTC	DIGITAL ATS	US	ATSS	2026-09-28	2026-09-28	2026-09-28		ARCHIPELAGO TRADING SERVICES, INC.	ATSI	549300QPR2YWJ76CPF19	CHICAGO	WWW.GLOBALOTC.COM	ELECTRONIC TRADING PLATFORM FOR OTC EQUITY SECURITIES.
NDSC	SEGMENT	ACTIVE	CDSL	CLEARCORP DEALING SYSTEMS INDIA LIMITED - NDS-CALL	IN	OTHR	2026-03-23	2026-03-23	2026-03-23		CLEARCORP DEALING SYSTEMS (INDIA) LIMITED	NDS-CALL	335800ID4A597NSPJK84	MUMBAI	WWW.CCILINDIA.COM	ELECTRONIC REQUEST FOR QUOTE (RFQ) (OWNED BY RBI).
NDSO	SEGMENT	ACTIVE	CDSL	CLEARCORP DEALING SYSTEMS INDIA LIMITED - NDS-OM	IN	OTHR	2026-03-23	2026-03-23	2026-03-23		CLEARCORP DEALING SYSTEMS (INDIA) LIMITED	NDS-OM	335800ID4A597NSPJK84	MUMBAI	WWW.CCILINDIA.COM	ANONYMOUS ORDER MATCHING (OWNED BY RBI).
NDXS	SEGMENT	ACTIVE	NDEX	ICE ENDEX EUROPEAN GAS SPOT	NL	NSPD	2014-02-24	2017-06-26				ICE ENDEX SPOT	549300IRJ3VTA8OPGI47	AMSTERDAM	WWW.THEICE.COM/ENDEX	ELECTRONIC PLATFORM TO TRADE EUROPEAN GAS SPOT.
NECD	OPERATING	EXPIRED	NECD	NSX DARK	AU	NSPD	2003-04-01	2011-08-22		2011-08-22				NEWCASTLE		DARK POOL REQUESTED BY MISTAKE.
NEEQ	OPERATING	ACTIVE	NEEQ	NATIONAL EQUITIES EXCHANGE AND QUOTATIONS	CN	RMKT	2022-03-28	2022-03-28	2022-03-28		NATIONAL EQUITIES EXCHANGE AND QUOTATIONS	NEEQ	836800XHVVMXE28Y7A65	BEIJING	WWW.NEEQ.COM.CN	
NEOC	SEGMENT	ACTIVE	NEOE	NEO CONNECT	CA	RMKT	2018-07-23	2024-11-25	2024-11-25		CBOE CANADA INC.	NEO CONNECT	549300MILSKTNBLQ1L12	TORONTO	WWW.CBOE.CA	
NEOD	SEGMENT	ACTIVE	NEOE	CBOE CANADA - NEO-D (DARK)	CA	RMKT	2018-07-23	2024-11-25	2024-11-25		CBOE CANADA INC.	NEO-D	549300MILSKTNBLQ1L12	TORONTO	WWW.CBOE.CA	
NEOE	OPERATING	ACTIVE	NEOE	CBOE CANADA - NEO-L (MARKET BY ORDER)	CA	RMKT	2014-07-28	2024-11-25	2024-11-25		CBOE CANADA INC.	NEO-L	549300MILSKTNBLQ1L12	TORONTO	WWW.CBOE.CA	
NEON	SEGMENT	ACTIVE	NEOE	CBOE CANADA - NEO-N (MARKET BY PRICE)	CA	RMKT	2018-07-23	2024-11-25	2024-11-25		CBOE CANADA INC.	NEO-N	549300MILSKTNBLQ1L12	TORONTO	WWW.CBOE.CA	
NESI	OPERATING	ACTIVE	NESI	NOMURA FINANCIAL PRODUCTS EUROPE GMBH	DE	SINT	2018-07-23	2024-09-23	2024-09-23		NOMURA FINANCIAL PRODUCTS EUROPE GMBH		5493002XYZZ0CGQ6CB58	FRANKFURT	WWW.NOMURA.COM	
NEXD	SEGMENT	EXPIRED	NEXX	AQSE MAIN MARKET (NON-EQUITY)	GB	RMKT	2017-06-26	2022-09-26	2022-09-26	2022-09-30	AQUIS STOCK EXCHANGE LIMITED		213800AMGNBSOCOSDN11	LONDON	WWW.AQUIS.EU	
NEXF	SEGMENT	EXPIRED	NEXX	AQSE GROWTH MARKET (NON-EQUITY)	GB	RMKT	2017-06-26	2022-09-26	2022-09-26	2022-09-30	AQUIS STOCK EXCHANGE LIMITED		213800AMGNBSOCOSDN11	LONDON	WWW.AQUIS.EU	
NEXG	SEGMENT	EXPIRED	NEXX	AQSE GROWTH MARKET (EQUITY)	GB	RMKT	2017-06-26	2022-09-26	2022-09-26	2022-09-30	AQUIS STOCK EXCHANGE LIMITED		213800AMGNBSOCOSDN11	LONDON	WWW.AQUIS.EU	
NEXL	SEGMENT	EXPIRED	NEXX	AQSE MAIN MARKET (EQUITY)	GB	RMKT	2017-06-26	2022-09-26	2022-09-26	2022-09-30	AQUIS STOCK EXCHANGE LIMITED		213800AMGNBSOCOSDN11	LONDON	WWW.AQUIS.EU	
NEXN	SEGMENT	EXPIRED	NEXX	AQSE TRADING (NON-EQUITY)	GB	RMKT	2017-06-26	2022-09-26	2022-09-26	2022-09-30	AQUIS STOCK EXCHANGE LIMITED		213800AMGNBSOCOSDN11	LONDON	WWW.AQUIS.EU	
NEXO	OPERATING	ACTIVE	NEXO	NOREXECO ASA	NO	RMKT	2014-01-27	2016-11-28				NOREXECO	5967007LIEEXZXJUBK44	KONGSVINGER	WWW.NOREXECO.COM	FINANCIAL DERIVATIVES, CASH SETTLED FUTURES CONTRACTS. ELECTRONIC TRADING QND CLEARING
NEXS	OPERATING	ACTIVE	NEXS	OSTTRA SEF	GB	SEFS	2016-11-28	2025-12-22	2025-12-22		OSTTRA SEF LIMITED	NSL	2138008LPQ92DIHKHY20	LONDON	HTTPS://OSTTRA.COM/OSTTRA-SEF/	SWAP EXECUTION FACILITY.
NEXT	SEGMENT	EXPIRED	NEXX	AQSE TRADING (EQUITY)	GB	RMKT	2017-06-26	2022-09-26	2022-09-26	2022-09-30	AQUIS STOCK EXCHANGE LIMITED		213800AMGNBSOCOSDN11	LONDON	WWW.AQUIS.EU	
NEXX	OPERATING	EXPIRED	NEXX	AQUIS STOCK EXCHANGE	GB	RMKT	2017-06-26	2022-09-26	2022-09-26	2022-09-30	AQUIS STOCK EXCHANGE LIMITED		213800AMGNBSOCOSDN11	LONDON	WWW.AQUIS.EU	
NEXY	SEGMENT	EXPIRED	EBSN	EBS MTF - RFQ - FOR CORPORATES TRADING FX PRODUCTS	NL	MLTF	2017-07-24	2020-01-27		2020-01-27			2138004TYNQCB7MLTG76	AMSTERDAM	WWW.EBS.COM	CEASED OPERATIONS ON 13 DECEMBER 2019.
NFSA	SEGMENT	ACTIVE	NFSC	FIDELITY CROSSSTREAM	US	NSPD	2012-04-23	2014-09-22					549300JRHF1MHHWUAW04	BOSTON	WWW.CAPITALMARKETS.FIDELITY.COM	
NFSC	OPERATING	ACTIVE	NFSC	NATIONAL FINANCIAL SERVICES, LLC	US	NSPD	2011-02-28	2011-02-28					549300JRHF1MHHWUAW04	BOSTON	WWW.FIDELITYCAPITALMARKETS.COM	TRADING PLATFORM FOR THE EXECUTION OF EQUITY, OPTION, FIXED INCOME, AND OTC SECURITIES.
NFSD	SEGMENT	ACTIVE	NFSC	FIDELITY DARK	US	NSPD	2011-05-23	2011-05-23					549300JRHF1MHHWUAW04	BOSTON	WWW.CAPITALMARKETS.FIDELITY.COM	DARK POOL.
NGXC	OPERATING	ACTIVE	NGXC	NATURAL GAS EXCHANGE	CA	NSPD	2010-05-24	2010-05-24				NGX	549300MZWLT9C8T4VI12	CALGARY	WWW.NGX.COM	NGX PROVIDES ELECTRONIC TRADING, CENTRAL COUNTERPARTY CLEARING AND DATA SERVICES TO THE NORTH AMERICAN NATURAL GAS AND ELECTRICITY MARKETS.
NIBC	OPERATING	ACTIVE	NIBC	NIBC	NL	SINT	2018-10-22	2018-10-22					B64D6Y3LBJS4ANNPCU93	THE HAGUE	WWW.NIBC.COM	SYSTEMATIC INTERNALISER.
NIBR	SEGMENT	ACTIVE	XOSL	NORWEGIAN INTER BANK OFFERED RATE	NO	NSPD	2013-07-22	2013-07-22				NIBOR		OSLO	WWW.OSLOBORS.NO	OFFICIAL PLATFORM FOR SUBMISSION OF NIBOR BASIS RATES AND DISTRIBUTION OF NIBOR FIXING RATES
NILX	OPERATING	ACTIVE	NILX	NILE STOCK EXCHANGE	EG	NSPD	2011-01-24	2011-01-24						CAIRO	WWW.NILEX.EGYPTSE.COM	THE EGYPTIAN EXCHANGE (EGX) LAUNCHED ON THURSDAY 3 JUNE 2010 THE FIRST TRADING SESSION IN THE NILE STOCK EXCHANGE (NILEX).
NLAX	SEGMENT	ACTIVE	CPGX	CLEARPOOL EXECUTION SERVICES, LLC - NATURAL LIQUIDITY ALLIANCE	US	NSPD	2019-03-25	2019-03-25					549300U614BWU622VY96	NEW YORK	WWW.CLEARPOOLGROUP.COM	ELECTRONIC TRADING PLATFORM.
NLBX	OPERATING	EXPIRED	NLBX	NORDDEUTSCHE LANDESBANK - GIROZENTRALE	DE	OTHR	2017-12-25	2025-11-24	2025-11-24	2025-11-24	NORDDEUTSCHE LANDESBANK - GIROZENTRALE		DSNHHQ2B9X5N6OUJ1236	HANNOVER	WWW.NORDLB.DE	SYSTEMATIC INTERNALISER.
NLPX	OPERATING	ACTIVE	NLPX	APX POWER NL	NL	NSPD	2006-06-26	2006-06-26					549300CZW488L20NT866	AMSTERDAM	WWW.APXGROUP.COM	
NMCE	OPERATING	ACTIVE	NMCE	NATIONAL MULTI-COMMODITY EXCHANGE OF INDIA	IN	NSPD	2007-11-26	2007-11-26					335800NLY5HYW9I7YE03	AHMEDABAD	WWW.NMCE.COM	
NMRA	OPERATING	ACTIVE	NMRA	NOMURA SECURITIES INTERNATIONAL	US	NSPD	2012-09-24	2012-09-24						NEW YORK	WWW.NOMURA.COM	NOMURA PRINCIPAL TRADING.
NMRJ	OPERATING	ACTIVE	NMRJ	NOMURA SECURITIES CO LTD	JP	ATSS	2014-02-24	2023-07-24	2023-07-24		NOMURA SECURITIES CO LTD	NSC	XPSKD1VTEQPKCHBEKQ95	TOKYO	WWW.NOMURA.COM	NOMURA JAPAN EQUITY TRADING.
NMSX	SEGMENT	ACTIVE	NMRJ	NOMURA - EXTERNAL CROSSING PLATFORM	JP	ATSS	2019-07-22	2023-07-24	2023-07-24		NOMURA SECURITIES CO LTD		XPSKD1VTEQPKCHBEKQ95	TOKYO	WWW.NOMURA.COM	EXTERNAL CROSSING PLATFORM FOR NOMURA.
NMTF	SEGMENT	ACTIVE	XNGM	NORDIC MTF	SE	MLTF	2007-11-26	2024-10-28			NORDIC GROWTH MARKET NGM AKTIEBOLAG	NGM	549300RUEBDP37NOGI48	STOCKHOLM	WWW.NGM.SE	
NMTS	SEGMENT	EXPIRED	XMTS	NEW EUROMTS	GB	NSPD	2005-11-28	2013-09-23		2013-09-23				LONDON	WWW.NEWEUROMTS.COM	MARKET IS CLOSED.
NNCS	OPERATING	EXPIRED	NNCS	REGIONAL EXCHANGE CENTRE - MICEX VOLGA REGION	RU	NSPD	2011-04-25	2013-03-25		2013-03-25		NCSE		NIZHNIY NOVGOROD	WWW.MICEX-PFO.RU	NNCS ORGANIZES THE TRADING (AND REPORTING) ON THE COMMODITY SESSION WHERE TRADES ARE EXECUTED SEPARATELY FROM THE MOSCOW OFFICE.
NOCO	SEGMENT	EXPIRED	XSTO	NASDAQ STOCKHOLM AB - COMMODITIES	SE	RMKT	2017-10-23	2020-12-28		2020-12-28			549300KBQIVNEJEZVL96	STOCKHOLM	WWW.NASDAQOMXNORDIC.COM	
NODX	OPERATING	ACTIVE	NODX	NODAL EXCHANGE	US	DCMS	2009-12-28	2024-05-27			NODAL EXCHANGE, LLC		549300ZGB3DX5UDX4I30	VIENNA	WWW.NODALEXCHANGE.COM	ELECTRONIC POWER EXCHANGE.
NOED	SEGMENT	ACTIVE	XSTO	NASDAQ STOCKHOLM AB - NORWEGIAN EQ DERIVATIVES	SE	RMKT	2017-04-24	2023-09-25	2023-09-25		NASDAQ STOCKHOLM AB		549300KBQIVNEJEZVL96	STOCKHOLM	WWW.NASDAQOMXNORDIC.COM	
NOFF	OPERATING	ACTIVE	NOFF	NOMURA OTC TRADES	GB	NSPD	2012-04-23	2012-04-23						LONDON	WWW.NOMURA.COM	
NOFI	SEGMENT	ACTIVE	XSTO	NASDAQ STOCKHOLM AB - NORWEGIAN FI DERIVATIVES	SE	RMKT	2017-04-24	2023-09-25	2023-09-25		NASDAQ STOCKHOLM AB		549300KBQIVNEJEZVL96	STOCKHOLM	WWW.NASDAQOMXNORDIC.COM	
NOME	SEGMENT	EXPIRED	NURO	NASDAQ OMX EUROPE	GB	NSPD	2003-04-01	2008-09-22		2008-09-22				LONDON		MIC TO USE IS NURO
NOOB	SEGMENT	ACTIVE	XSTO	NASDAQ STOCKHOLM AB - OTC NOK WB EQ DERIVATIVES	SE	RMKT	2022-04-25	2022-04-25			NASDAQ STOCKHOLM AB		549300KBQIVNEJEZVL96	STOCKHOLM	WWW.NASDAQOMXNORDIC.COM	
NOPS	OPERATING	ACTIVE	NOPS	NORD POOL SPOT AS	NO	NSPD	2011-06-27	2011-06-27					549300BOP5Z0BIUTLV67	TRONDHEIM	WWW.NORDPOOLSPOT.COM	NORD POOL SPOT AS ENERGY EXCHANGE FOR NORDIC PHYSICAL MARKETS.
NORD	OPERATING	ACTIVE	NORD	HSH NORDBANK	DE	SINT	2017-12-25	2017-12-25					TUKDD90GPC79G1KOE162	KIEL	WWW.HSH-NORDBANK.DE	SYSTEMATIC INTERNALISER.
NORX	OPERATING	EXPIRED	NORX	NASDAQ OSLO ASA	NO	RMKT	2011-05-23	2026-09-28	2026-09-28	2026-09-28	NASDAQ OSLO ASA		5493003IZZWOHHJY1L88	OSLO	WWW.NASDAQ.COM/SOLUTIONS/EUROPEAN-COMMODITIES	EXCHANGE LICENSE WITHDRAWAL, MAY 1, 2026
NOSC	OPERATING	EXPIRED	NOSC	NOS CLEARING ASA	NO	OTHR	2013-12-23	2025-10-27		2025-10-27	NOS CLEARING ASA	NOS	549300KWFP5XWW6VMX53	OSLO	WWW.NOSCLEARING.COM	CENTRAL COUNTER PARTY CLEARING HOUSE (CCP) FOR COMMODITY DERIVATIVES.
NOSI	OPERATING	EXPIRED	NOSI	NOMURA INTERNATIONAL PLC	GB	SINT	2017-04-24	2026-07-27	2026-07-27	2026-07-27	NOMURA INTERNATIONAL PLC		DGQCSV2PHVF7I2743539	LONDON	WWW.NOMURA.COM	
NOTC	OPERATING	ACTIVE	NOTC	EURONEXT NOTC	NO	NSPD	2005-06-27	2025-10-27			OSLO BORS ASA	NOTC	5967007LIEEXZXHDL433	OSLO	WWW.NOTC.NO	
NOWB	SEGMENT	ACTIVE	XSTO	NASDAQ STOCKHOLM AB - NOK WB EQ DERIVATIVES	SE	RMKT	2022-04-25	2022-04-25			NASDAQ STOCKHOLM AB		549300KBQIVNEJEZVL96	STOCKHOLM	WWW.NASDAQOMXNORDIC.COM	
NOWX	OPERATING	ACTIVE	NOWX	NOW CP - NEU CP	FR	NSPD	2018-11-26	2018-11-26					969500A5HZ0H6GGXUX51	PARIS	WWW.NOWCP.EU	PLATFORM FOR NEGOTIABLE EUROPEAN COMMERCIAL PAPERS (NEU CP).
NPEX	OPERATING	ACTIVE	NPEX	NPEX	NL	MLTF	2018-01-22	2018-01-22					724500EFRA0V2NR6E869	THE HAGUE	WWW.NPEX.NL	MULTILATERAL TRADING FACILITY FOR EQUITIES AND BONDS.
NPGA	OPERATING	ACTIVE	NPGA	GASPOINT NORDIC A/S	DK	NSPD	2011-06-27	2015-03-23				GPN		COPENHAGEN	WWW.GASPOINTNORDIC.COM	GASPOINT NORDIC IS OPERATING A PLATFORM FOR CONTINUOUS ELECTRONIC TRADING OF GAS, DELIVERABLE TO THE ETF VIRTUAL TRADING POINT.
NPMS	OPERATING	ACTIVE	NPMS	NASDAQ PRIVATE MARKET - SECONDMARKET	US	ATSS	2023-08-28	2023-08-28	2023-08-28		NPM SECURITIES, LLC	NPM	254900YVCIUXGBG6YR72	NEW YORK	WWW.NASDAQPRIVATEMARKET.COM	
NSME	SEGMENT	ACTIVE	XNGM	NORDIC SME	SE	MLTF	2019-07-22	2024-10-28			NORDIC GROWTH MARKET NGM AKTIEBOLAG	NGM	549300RUEBDP37NOGI48	STOCKHOLM	WWW.NGM.SE	
NSPO	OPERATING	ACTIVE	NSPO	NASDAQ SPOT AB	SE	NSPD	2021-11-22	2021-11-22	2021-11-22				549300NDSVV1SNFBN158	STOCKHOLM	WWW.NASDAQ.COM	
NSSA	OPERATING	ACTIVE	NSSA	NOBLE SECURITIES S.A.	PL	SINT	2022-10-24	2022-10-24	2022-10-24		NOBLE SECURITIES S.A.		259400LJC7Y93HGGGK72	KRAKOW	WWW.NOBLESECURITIES.PL	
NSXB	OPERATING	ACTIVE	NSXB	BENDIGO STOCK EXCHANGE LIMITED	AU	NSPD	2007-06-25	2007-06-25				BSX		MELBOURNE	WWW.BSX.COM.AU	
NTRL	SEGMENT	ACTIVE	INCR	INTELLIGENTCROSS - NATURAL LIQUIDITY CROSS	US	OTHR	2023-06-26	2023-06-26			INTELLIGENT CROSS LLC		254900TX2BTPJWW4A154	STAMFORD	WWW.INTELLIGENTCROSS.COM	
NTUK	OPERATING	ACTIVE	NTUK	NATIXIS LONDON BRANCH	GB	NSPD	2020-12-28	2020-12-28			NATIXIS	NLB	KX1WK48MPD4Y2NCUIZ63	LONDON	WWW.NATIXIS.COM	
NURD	SEGMENT	EXPIRED	NURO	NASDAQ EUROPE (NURO) DARK	GB	NSPD	2011-05-23	2018-06-25		2018-06-25		NURODARK		LONDON	WWW.NASDAQOMXEUROPE.COM	DARK POOL.
NURO	OPERATING	EXPIRED	NURO	NASDAQ OMX EUROPE	GB	NSPD	2008-09-22	2018-06-25		2018-06-25				LONDON	WWW.NASDAQOMXEUROPE.COM	MULTILATERAL TRADING FACILITY - NASDAQ OMX  EUROPE - NEW MIC
NWMS	OPERATING	ACTIVE	NWMS	NATWEST MARKETS PLC	GB	SINT	2017-11-27	2023-09-25			NATWEST MARKETS PLC	RBS PLC	RR3QWICWWIPCS8A4S074	EDINBURGH	WWW.NATWESTGROUP.COM	SYSTEMATIC INTERNALISER.
NWNV	OPERATING	ACTIVE	NWNV	NATWEST MARKETS NV	NL	SINT	2018-09-24	2023-07-24			NATWEST MARKETS N.V.	NWM NV	X3CZP3CK64YBHON1LE12	AMSTERDAM	WWW.RBS.COM	
NXBX	SEGMENT	ACTIVE	NMRJ	BLOCKMATCH JAPAN	JP	ATSS	2023-07-24	2023-07-24			NOMURA HOLDINGS		549300B3CEAHYG7K8164	TOKYO	WWW.NOMURA.COM	INTERNAL CONDITIONAL CROSSING PLATFORM FOR NOMURA JAPAN.
NXEU	OPERATING	ACTIVE	NXEU	NX	GB	NSPD	2009-06-22	2009-06-22						LONDON	WWW.NOMURA.COM	NX IS THE INTERNAL EQUITIES ONLY CROSSING PLATFORM FOR NOMURA.
NXFO	SEGMENT	ACTIVE	NMRJ	NX FUTURES	JP	ATSS	2023-06-26	2023-06-26			NOMURA HOLDINGS	NXFO	549300B3CEAHYG7K8164	TOKYO	WWW.NOMURA.COM	INTERNAL FUTURES DARK POOL PLATFORM FOR NOMURA JAPAN.
NXJP	SEGMENT	ACTIVE	NMRJ	NX JAPAN	JP	ATSS	2014-02-24	2023-07-24	2023-07-24		NOMURA HOLDINGS	NXJP	549300B3CEAHYG7K8164	TOKYO	WWW.NOMURA.COM	INTERNAL CROSSING PLATFORM FOR NOMURA.
NXSE	SEGMENT	ACTIVE	NMRJ	NX SELECT JAPAN	JP	ATSS	2015-07-27	2023-07-24	2023-07-24		NOMURA HOLDINGS	NXSE	549300B3CEAHYG7K8164	TOKYO	WWW.NOMURA.COM	INTERNAL CROSSING PLATFORM FOR NOMURA NX SELECT.
NXTE	OPERATING	ACTIVE	NXTE	NEXTRADE	KR	ATSS	2024-07-22	2024-07-22	2024-07-22		NEXTRADE CO.,LTD.	NXT	988400VPPA3JP7PFBP07	SEOUL	WWW.NEXTRADE.CO.KR/ENG/	
NXUS	OPERATING	ACTIVE	NXUS	NX ATS - CROSSING PLATFORM	US	ATSS	2011-02-28	2011-02-28						NEW YORK	WWW.NOMURA.COM	NX IS A REGISTERED ATS IN THE US MARKETS - CURRENTLY PROVIDING CROSSING FACILITIES FOR REG NMS LISTED STOCKS.
NXVW	SEGMENT	ACTIVE	NMRJ	NX VWAP	JP	ATSS	2014-10-27	2023-07-24	2023-07-24		NOMURA HOLDINGS	NXVWAP	549300B3CEAHYG7K8164	TOKYO	WWW.NOMURA.COM	INTERNAL VWAP CROSSING PLATFORM FOR NOMURA.
NYFX	SEGMENT	EXPIRED	BNYC	MILLENNIUM	US	NSPD	2010-10-25	2022-11-28		2017-06-23	CONVERGEX EXECUTION SOLUTIONS LLC		5493008QI0EFC5WBED75	NEW YORK	WWW.CONVERGEX.COM	AT THE END OF DEC 2009, THE NYSE SHUT DOWN EURO-MILLENNIUM, THE EUROPEAN EQUITIES ATS. IN DEC 2009, THE CONVERGEX GROUP BOUGHT MILLENNIUM, THE US EQUITIES ATS.
NYMS	SEGMENT	ACTIVE	XCME	CME SWAPS MARKETS (NYMEX)	US	NSPD	2013-10-28	2013-10-28						NEW YORK	WWW.CMEGROUP.COM	REGISTERED MARKET FOR SWAP EXECUTION  OF ENERGY IN THE US
NYMX	OPERATING	EXPIRED	NYMX	NYMEX EUROPE LTD.	GB	NSPD	2003-04-01	2007-11-26		2007-11-26				LONDON		
NYPC	OPERATING	ACTIVE	NYPC	NEW YORK PORTFOLIO CLEARING	US	NSPD	2012-04-23	2012-04-23				NYPC		NEW YORK	WWW.NYPCLEAR.COM	
NYSD	SEGMENT	ACTIVE	XNYS	NYSE DARK	US	OTHR	2011-05-23	2025-04-28	2025-04-28		INTERCONTINENTAL EXCHANGE, INC.	NYSEDARK	5493000F4ZO33MV32P92	NEW YORK	WWW.NYSE.COM	DARK POOL.
NYSI	OPERATING	ACTIVE	NYSI	NYKREDIT BANK	DK	SINT	2017-11-27	2017-11-27					52965FONQ5NZKP0WZL45	COPENHAGEN	WWW.NYKREDIT.COM	SYSTEMATIC INTERNALISER.
NZFX	SEGMENT	ACTIVE	XASX	ASX - NEW ZEALAND FUTURES AND OPTIONS	AU	NSPD	2007-09-24	2021-09-27	2021-09-27		AUSTRALIAN SECURITIES EXCHANGE (ASX)	ASX	549300SDXT36XYPVWI79	SYDNEY	WWW.ASX.COM.AU	
NZXC	SEGMENT	ACTIVE	XNZE	NZX CENTRAL	NZ	RMKT	2024-05-27	2024-05-27	2024-05-27		NZX LIMITED	NZX	254900KTE7C5U39QMD43	AUCKLAND	WWW.NZX.COM	NZX CENTRAL - CENTRAL LIMIT ORDERBOOK.
NZXD	SEGMENT	ACTIVE	XNZE	NZX DERIVATIVES - FUTURES & OPTIONS MARKET	NZ	RMKT	2024-10-28	2024-10-28	2024-10-28		NZX LIMITED	NZX	254900KTE7C5U39QMD43	AUCKLAND	WWW.NZX.COM	
NZXM	SEGMENT	ACTIVE	XNZE	NZX DARK	NZ	RMKT	2024-05-27	2024-05-27	2024-05-27		NZX LIMITED	NZX	254900KTE7C5U39QMD43	AUCKLAND	WWW.NZX.COM	NZX DARK - MIDPOINT ORDERBOOK.
O360	SEGMENT	UPDATED	U360	360T US-OTC	US	OTHR	2025-05-26	2026-09-28	2026-09-28		360 TRADING NETWORKS INC.		5493006UQP8F8P24HJ68	NEW YORK	WWW.360T.COM	
OAPA	OPERATING	ACTIVE	OAPA	OSLO BORS - APA	NO	APPA	2018-01-22	2025-09-22			OSLO BORS		5967007LIEEXZXHDL433	OSLO	WWW.OSLOBORS.NO	APPROVED PUBLICATION ARRANGEMENT OPERATED BY OSLO BORS.
OBGE	OPERATING	ACTIVE	OBGE	OB GROUP ENERGY LIMITED	GB	OTFS	2025-01-27	2025-01-27	2025-01-27		OB GROUP ENERGY LIMITED		213800Q4QJZXYBKBML24	LONDON	WWW.OILBROKERAGE.COM	
OBGP	SEGMENT	ACTIVE	AURB	AUREL BGC - OB ENERGY	FR	OTFS	2026-05-25	2026-05-25	2026-05-25		AUREL BGC		5RJTDGZG4559ESIYLD31	PARIS	WWW.BGCG.COM/BGC/AUREL-2/	ORGANISED TRADING FACILITY.
OBKL	OPERATING	ACTIVE	OBKL	OBERBANK AG	AT	SINT	2018-08-27	2018-08-27					RRUN0TCQ1K2JDV7MXO75	LINZ	WWW.OBERBANK.AT	SYSTEMATIC INTERNALISER.
OCEA	OPERATING	ACTIVE	OCEA	BLUE OCEAN ALTERNATIVE TRADING SYSTEM	US	ATSS	2021-06-28	2021-06-28			BLUE OCEAN ATS, LLC	BOATS		SEA GIRT	WWW.BLUEOCEANATS.COM	BLUE OCEAN ATS, LLC IS A US REGISTERED BROKER DEALER (CRD #306512) AND OPERATOR OF AN ALTERNATIVE TRADING SYSTEM (ATS).
OCFX	OPERATING	ACTIVE	OCFX	ONECHRONOS FX	US	OTHR	2024-08-26	2024-08-26	2024-08-26		ONECHRONOS MARKETS FX LLC		254900B2KAXPSXK01010	NEW YORK	WWW.ONECHRONOS.COM	
OCSI	OPERATING	ACTIVE	OCSI	SOVA CAPITAL	GB	SINT	2017-11-27	2018-05-28			SOVA CAPITAL LIMITED		213800T9OJMZA69QDM04	LONDON	WWW.SOVACAPITAL.COM	SYSTEMATIC INTERNALISER.
OCTC	OPERATING	ACTIVE	OCTC	OCTAURA - COLLATERALIZED LOAN OBLIGATION (CLO)	US	OTHR	2024-02-26	2024-02-26	2024-02-26		OCTAURA SECURITIES TRADINGCO LLC		254900MHF2I4A97UV625	NEW YORK	WWW.OCTAURA.COM	
OCTL	OPERATING	ACTIVE	OCTL	OCTAURA - LOANS	US	OTHR	2023-09-25	2023-09-25	2023-09-25		OCTAURA LL TRADINGCO LLC		254900OCXBIHL4NNMT81	NEW YORK	WWW.OCTAURA.COM	
OCTU	SEGMENT	ACTIVE	OCTC	OCTAURA - ATS	US	ATSS	2025-07-28	2025-07-28	2025-07-28		OCTAURA SECURITIES TRADINGCO LLC		254900MHF2I4A97UV625	NEW YORK	WWW.OCTAURA.COM	
OCXE	OPERATING	ACTIVE	OCXE	ONECHRONOS MARKETS EUROPE	NL	MLTF	2024-08-26	2024-08-26	2024-08-26		ONECHRONOS MARKETS NL B.V.		254900LOI8IDQRM0LC52	AMSTERDAM	WWW.ONECHRONOS.COM	
OCXL	OPERATING	ACTIVE	OCXL	ONECHRONOS MARKETS UK	GB	MLTF	2024-08-26	2024-08-26	2024-08-26		ONECHRONOS MARKETS UK LIMITED		254900KU3VCIL605S921	LONDON	WWW.ONECHRONOS.COM	
ODDO	OPERATING	ACTIVE	ODDO	ODDO BHF	FR	SINT	2017-12-25	2023-08-28	2023-08-28		ODDO BHF		9695002I9DJHZ3449O66	PARIS	WWW.ODDO-BHF.COM	
ODOC	OPERATING	ACTIVE	ODOC	ODDO CONTREPARTIE	FR	NSPD	2017-12-25	2017-12-25					96950063A7LQQR6VQ718	PARIS	WWW.ODDO-BHF.COM	
ODST	SEGMENT	ACTIVE	ODXE	OSAKA DIGITAL EXCHANGE - START	JP	OTHR	2023-12-25	2023-12-25	2023-12-25		OSAKA DIGITAL EXCHANGE  CO.,LTD.	ODX	3538002ZFUQ3KMY5SA19	TOKYO	WWW.ODX.CO.JP	
ODXE	OPERATING	ACTIVE	ODXE	ODX - OSAKA DIGITAL EXCHANGE	JP	OTHR	2022-01-24	2023-12-25	2023-12-25		OSAKA DIGITAL EXCHANGE  CO.,LTD.	ODX	3538002ZFUQ3KMY5SA19	TOKYO	WWW.ODX.CO.JP	
OFEX	OPERATING	EXPIRED	OFEX	OFEX	GB	NSPD	2003-04-01	2006-09-25		2006-09-25				LONDON		
OHVO	OPERATING	ACTIVE	OHVO	OHV OTF	NL	OTFS	2018-11-26	2018-11-26					7245000R5QUIJPTI7118	AMSTERDAM	WWW.OHV.NL	ORGANISED TRADING FACILITY FOR BONDS AND OTC DERIVATIVES.
OILX	SEGMENT	EXPIRED	TRDE	OILX	GB	NSPD	2009-07-27	2015-01-26		2015-01-26				LONDON	WWW.TRADITION.COM	ARRANGING PLATFORM FOR OIL SWAP TRANSACTIONS.
OKXE	OPERATING	ACTIVE	OKXE	OKX EUROPE	MT	CASP	2026-07-27	2026-07-27	2026-07-27		OKX EUROPE LIMITED		54930069NLWEIGLHXU42	SLIEMA	WWW.OKX.COM	
OLBB	OPERATING	ACTIVE	OLBB	OLDENBURGISCHE LANDESBANK AG FX  HANDEL	DE	SINT	2020-09-28	2020-09-28					5299008I0TO44SUINZ71	OLDENBURG	WWW.OLB.DE	SYSTEMATIC INTERNALISER.
OLLC	OPERATING	ACTIVE	OLLC	OTCEX LLC	US	NSPD	2015-09-28	2015-09-28					549300SFF7YEJGFVDC94	NEW YORK	WWW.OTCEXGROUP.COM	REGISTERED BROKER FOR EQUITIES DERIVATIVES AND RATES DERIVATIVES IN NYC
OMCX	OPERATING	ACTIVE	OMCX	OLD MISSION CAPITAL	US	OTHR	2026-09-28	2026-09-28	2026-09-28		OLD MISSION CAPITAL LLC		549300QCD93V2456BU47	CHICAGO	WWW.OLDMISSIONCAPITAL.COM	
OMEL	OPERATING	ACTIVE	OMEL	OMI POLO ESPANOL S.A. (OMIE)	ES	NSPD	2007-05-28	2014-11-24				OMIE		MADRID	WWW.OMIE.ES	OMIE IS LEGAL SUCCESSOR OF OMEL AS MARKET OPERATOR BY WAY OF UNIVERSAL LEGAL SUCCESSION
OMET	OPERATING	ACTIVE	OMET	OM E-TRADING (OMET)	US	SEFS	2026-05-25	2026-05-25	2026-05-25		OMET-SEF LLC	OMET	254900E8AHMY7VLRAN71	LITCHFIELD	WWW.OM-ETRADING.COM	
OMGA	OPERATING	ACTIVE	OMGA	OMEGA ATS	CA	ATSS	2008-01-28	2008-01-28						TORONTO	WWW.OMEGAATS.COM	
OMIC	OPERATING	ACTIVE	OMIC	THE IBERIAN ENERGY CLEARING HOUSE	PT	NSPD	2013-06-24	2023-03-27	2023-03-27		OMICLEAR, C.C., S.A.	OMICLEAR	5299001PSXO7X2JX4W10	LISBON	WWW.OMICLEAR.PT	REGISTERED CLEARING HOUSE ACTING AS CENTRAL COUNTERPARTY FOR EXCHANGE AND OTC DERIVATIVES
OMIP	OPERATING	ACTIVE	OMIP	OMIP - POLO PORTUGUES, S.G.M.R., S.A. / OMIP DERIVATIVES MARKET	PT	RMKT	2007-05-28	2023-03-27	2023-03-27		OMIP - POLO PORTUGUES, S.G.M.R., S.A.	OMIP	529900NIA9TL7Q1I4639	LISBON	WWW.OMIP.PT	
ONEC	SEGMENT	ACTIVE	CGMI	CITI-ONE	US	NSPD	2020-09-28	2020-09-28			CITIGROUP GLOBAL MARKETS INC.		MBNUM2BPBDO7JBLYG310	NEW YORK	WWW.CITI.COM/MSS/SOLUTIONS/EQUITIES/E-TRADING/LIQUIDITY/	
ONEP	SEGMENT	ACTIVE	ONEX	ONE TRADING EXCHANGE - PERPETUALS	NL	OTFS	2024-11-25	2024-11-25	2024-11-25		ONE TRADING EXCHANGE B.V.		984500AA963ED2BA8460	AMSTERDAM	WWW.ONETRADING.COM	
ONEX	OPERATING	ACTIVE	ONEX	ONE TRADING EXCHANGE	NL	OTFS	2024-11-25	2024-11-25	2024-11-25		ONE TRADING EXCHANGE B.V.		984500AA963ED2BA8460	AMSTERDAM	WWW.ONETRADING.COM	
ONSE	SEGMENT	ACTIVE	XSTO	FIRST NORTH SWEDEN - NORWAY	SE	MLTF	2017-09-25	2023-09-25	2023-09-25		NASDAQ STOCKHOLM AB		549300KBQIVNEJEZVL96	STOCKHOLM	NASDAQOMXNORDIC.COM/FIRSTNORTH	
OOTC	SEGMENT	ACTIVE	FINR	OTHER OTC	US	OTHR	2012-08-27	2024-05-27	2024-05-27		FINANCIAL INDUSTRY REGULATORY AUTHORITY, INC.		254900F5GTSJJHGE9287	WASHINGTON	WWW.OTCBB.COM	"OTC SECURITY THAT IS NOT QUOTED ON THE NNQS (PREVIOUSLY OTCBB) BUT IS ELIGIBLE FOR TRADE REPORTING TO THE TRADE REPORTING FACILITY, IS CATEGORIZED AS ""OTHER-OTC""."
OPCO	OPERATING	EXPIRED	OPCO	OP CORPORATE BANK PLC	FI	SINT	2018-03-26	2025-04-28	2025-04-28	2025-02-03	OP YRITYSPANKKI OYJ	OP	549300NQ588N7RWKBP98	HELSINKI	WWW.OP.FI	SYSTEMATIC INTERNALISER.
OPEX	OPERATING	EXPIRED	OPEX	PEX-PRIVATE EXCHANGE	PT	NSPD	2005-06-27	2023-05-22		2023-05-22		OPEX		LISBON	WWW.OPEX.PT	
OPMX	OPERATING	ACTIVE	OPMX	OPTIMX MARKETS, INC	US	OTHR	2024-11-25	2024-11-25	2024-11-25		OPTIMX MARKETS, INC		9845007AA55UB0CTDF06	WILMINGTON	WWW.OPTIMX.COM	
OPRA	OPERATING	ACTIVE	OPRA	OPTIONS PRICE REPORTING AUTHORITY	US	NSPD	2011-12-26	2011-12-26				OPRA		CHICAGO	WWW.OPRADATA.COM	TRADING CONSOLIDATOR.
OPSI	OPERATING	ACTIVE	OPSI	OPTIVER V.O.F.	NL	SINT	2025-02-24	2025-02-24	2025-02-24		OPTIVER V.O.F.		7245009KRYSAYB2QCC29	AMSTERDAM	HTTPS://OPTIVER.COM/	
OPTM	OPERATING	ACTIVE	OPTM	OPTEX MARKETS	US	DCMS	2026-08-24	2026-08-24	2026-08-24		OPTEX MARKETS LLC	OPTEX	254900EGQCZ0NO28C305	CHICAGO	WWW.OPTEXMARKETS.COM	
OPTX	OPERATING	ACTIVE	OPTX	OPTAXE MTF	GB	MLTF	2024-07-22	2024-07-22	2024-07-22		OPTAXE LIMITED	OPTX	984500254D10D9E58C78	LONDON	WWW.OPTAXE.COM	FCA LICENCE PENDING. NOT LIVE YET.
OSDS	OPERATING	ACTIVE	OSDS	OSL DIGITAL SECURITIES EXCHANGE	HK	NSPD	2021-06-28	2021-06-28				OSLDS	549300WBXH3AFK5BRJ77	HONG KONG	HTTPS://OSL.COM/EN/HOME	OSL DIGITAL SECURITIES - ASIA'S LEADING DIGITAL ASSET PLATFORM.
OSLC	OPERATING	ACTIVE	OSLC	SIX X-CLEAR AG	NO	NSPD	2013-11-25	2015-06-22						OSLO	WWW.SIX-SECURITIES-SERVICES.COM	SECURITIES LENDING, TRADE REGISTRATIONS AND FINANCIAL SETTLEMENT FOR DERIVATIVES. AS OF 1 MAY 2015 OSLO CLEARING ASA IS LEGALLY INTEGRATED INTO SIX X-CLEAR LTD.
OSSG	OPERATING	ACTIVE	OSSG	OSL SG EXCHANGES	SG	NSPD	2021-06-28	2021-06-28			OSL SG PTE. LTD.	OSLSG	5493005YD2GDV5LCUD15	SINGAPORE	WWW.SG.OSL.COM	ASIA LEADING DIGITAL ASSET PLATFORM - OSL SG EXCHANGES.
OTCB	SEGMENT	ACTIVE	OTCM	OTCQB MARKETPLACE	US	NSPD	2010-05-24	2010-05-24					254900LQDMW14QIVAH45	NEW YORK	WWW.OTCMARKETS.COM	OTCQB MARKET TIER HELPS INVESTORS EASILY IDENTIFY COMPANIES THAT ARE REGISTERED AND CURRENT IN THEIR REPORTING OBLIGATIONS WITH THE SEC OR REPORT TO A U.S. BANKING OR INSURANCE REGULATOR.
OTCD	SEGMENT	ACTIVE	OTCM	OTCID MARKET	US	OTHR	2025-06-23	2026-01-26	2026-01-26		OTC MARKETS GROUP INC.		254900LQDMW14QIVAH45	NEW YORK	WWW.OTCMARKETS.COM	OTCID IS REPLACING PINK CURRENT.
OTCE	OPERATING	ACTIVE	OTCE	OTCEX	GB	NSPD	2016-04-25	2016-04-25						LONDON	WWW.OTCEXGROUP.COM	TRADE NAME: TRAYPORT.
OTCI	OPERATING	ACTIVE	OTCI	OTC LINK NQB IDQS (INTER-DEALER QUOTATION SYSTEM)	US	IDQS	2021-11-22	2021-11-22	2021-11-22		OTC MARKETS GROUP INC.		254900LQDMW14QIVAH45	NEW YORK	WWW.OTCMARKETS.COM	
OTCM	OPERATING	ACTIVE	OTCM	OTC LINK ATS - OTC MARKETS	US	ATSS	2012-05-28	2025-02-24	2025-02-24		OTC MARKETS GROUP INC.		254900LQDMW14QIVAH45	NEW YORK	WWW.OTCMARKETS.COM	OPERATIONAL MIC FOR OTC MARKETS.
OTCN	OPERATING	ACTIVE	OTCN	OTC LINK ECN	US	NSPD	2019-03-25	2019-03-25					254900LQDMW14QIVAH45	NEW YORK	WWW.OTCMARKETS.COM	ELECTRONIC COMMUNICATIONS NETWORK.
OTCO	SEGMENT	ACTIVE	OTCI	OTC OVERNIGHT	US	ATSS	2025-02-24	2025-02-24	2025-02-24		OTC MARKETS GROUP INC.		254900LQDMW14QIVAH45	NEW YORK	WWW.OTCMARKETS.COM	OTC OVERNIGHT ATS.
OTCQ	SEGMENT	ACTIVE	OTCM	OTCQX MARKETPLACE	US	NSPD	2008-08-25	2016-05-23					254900LQDMW14QIVAH45	NEW YORK	WWW.OTCMARKETS.COM	ELECTRONIC QUOTATION SYSTEM FOR PREMIUM MARKET TIER (OPERATED BY PINK SHEETS)
OTCX	OPERATING	ACTIVE	OTCX	OTC EXCHANGE OF INDIA	IN	NSPD	2006-06-26	2006-06-26				OTCEI		MUMBAI	WWW.OTCEI.NET	
OTEU	OPERATING	ACTIVE	OTEU	OTCX EU MTF	NL	MLTF	2025-07-28	2025-07-28	2025-07-28		OTCX EUROPE B.V.		213800NZNENHJVVX4550	AMSTERDAM	WWW.OTCXTRADING.COM	
OTPB	OPERATING	ACTIVE	OTPB	OTP BANK NYRT	HU	SINT	2018-09-24	2018-09-24					529900W3MOO00A18X956	BUDAPEST	WWW.OTPBANK.HU	SYSTEMATIC INTERNALISER.
OTPR	OPERATING	ACTIVE	OTPR	OTP BANK ROMANIA SA	RO	NSPD	2020-04-27	2020-04-27					5299003TM0P7W8DNUF61	BUCHAREST	WWW.OTPBANK.RO	OTC MARKETS FOR OTP BANK ROMANIA.
OTXB	OPERATING	ACTIVE	OTXB	BERNER KANTONALBANK OTC-X	CH	NSPD	2017-12-25	2017-12-25				OTC-X	4T0J6O251JXNEB0VEZ08	BERNE	WWW.OTC-X.CH	
OTXT	OPERATING	ACTIVE	OTXT	OTCX TRADING LIMITED UK MTF	GB	MLTF	2022-04-25	2022-04-25			OTCX TRADING LIMITED UK		21380098D55AZZWDP527	LONDON	WWW.OTCXTRADING.COM	
OYLD	OPERATING	ACTIVE	OYLD	OPENYIELD ATS	US	ATSS	2024-09-23	2024-09-23	2024-09-23		OPENYIELD TRADING LLC	OYLD	2549006AVK2P0AZTAI31	NEW YORK	HTTPS://OPENYLD.COM/	
PARK	OPERATING	EXPIRED	PARK	PARKER POLAND SP. ZO.O.	PL	NSPD	2020-02-24	2024-07-22	2023-04-24	2024-07-22	PARKER POLAND SP. Z O.O.		259400PAESKCK43LUT62	WARSAW	WWW.PARKER.COM.PL	
PARX	SEGMENT	ACTIVE	TRDE	PARFX	GB	NSPD	2013-09-23	2013-09-23					54930004CNK7LS4OOY89	LONDON	WWW.PARFX.COM	ELECTRONIC TRADING PLATFORM FOR SPOT FX
PATF	OPERATING	ACTIVE	PATF	PATRIA FINANCE A.S.	CZ	OTHR	2021-11-22	2026-07-27	2026-07-27		PATRIA FINANCE A.S.		31570010000000009213	PRAGUE	HTTPS://FINANCE.PATRIA.CZ/	
PAVE	OPERATING	ACTIVE	PAVE	ALTERNATIVE PLATFORM FOR SPANISH SECURITIES	ES	NSPD	2012-03-26	2012-03-26				PAVE		BARCELONA	WWW.PAVEPLATFORM.COM	
PAYM	OPERATING	ACTIVE	PAYM	PAYMIUM	FR	CASP	2026-06-22	2026-06-22	2026-06-22		PAYMIUM		969500D241WXU9J7MI33	BOULOGNE BILLANCOURT	WWW.PAYMIUM.COM	
PBGR	OPERATING	ACTIVE	PBGR	PIRAEUS BANK	GR	SINT	2019-07-22	2021-02-22	2021-02-22		PIRAEUS BANK S.A.		213800OYHR1MPQ5VJL60	ATHENS	WWW.PIRAEUSBANK.GR	SYSTEMATIC INTERNALISER FOR BONDS EXCLUDED ETC AND ETN.
PBUL	SEGMENT	ACTIVE	XBUL	BULGARIAN STOCK EXCHANGE - APA	BG	APPA	2018-12-24	2023-08-28	2023-08-28		BULGARIAN STOCK EXCHANGE		747800W0XA9OV4MSRW74	SOFIA	WWW.BSE-SOFIA.BG	APPROVED PUBLICATION ARRANGEMENT (APA) SERVICE OF THE BULGARIAN STOCK EXCHANGE (BSE).
PCDS	SEGMENT	EXPIRED	TPCD	TULLETT PREBON PLC - PREBON CDS	GB	NSPD	2003-04-01	2008-12-22		2008-12-22			549300MU2MYJLOY6IJ51	LONDON		MIC TO USE IS TPCD.  TULLETT PREBON HAS MIGRATED BUSINESS TO ITS NEW TPCREDITDEAL PLATFORM.
PCSE	SEGMENT	ACTIVE	XCSE	NASDAQ COPENHAGEN A/S - PURESTREAM	DK	RMKT	2024-10-28	2024-10-28	2024-10-28		NASDAQ COPENHAGEN A/S		549300JNYZUL5PLI8E17	COPENHAGEN	WWW.NASDAQ.COM	
PDEX	OPERATING	ACTIVE	PDEX	PHILIPPINE DEALING AND EXCHANGE CORP	PH	NSPD	2010-05-24	2010-05-24						MAKATI CITY	WWW.PDEX.COM.PH	PDEX PROVIDES A CENTRALIZED INFRASTRUCTURE FOR TRADING SECURITIES.
PDQD	SEGMENT	EXPIRED	PDQX	CODA MARKETS ATS DARK	US	ATSS	2011-05-23	2018-02-26		2018-02-26				ILLINOIS	WWW.PDQENTERPRISES.COM	DARK POOL.
PDQX	OPERATING	EXPIRED	PDQX	CODA MARKETS	US	NSPD	2011-05-23	2019-05-27		2019-05-27		PDQX		GLENVIEW	WWW.PDQENTERPRISES.COM	PREVISOULY PDQ ATS. REPLACED BY CODA MIC.
PEEL	OPERATING	ACTIVE	PEEL	PEEL HUNT LLP UK	GB	NSPD	2014-02-24	2014-02-24			PEEL HUNT LLP		5493007DWN0R4YBM4C84	LONDON	WWW.PEELHUNT.COM	
PEPH	SEGMENT	ACTIVE	PEPW	PEPINS - MTF - HALF-YEAR	SE	MLTF	2020-08-24	2025-09-22			PEPINS SWEDEN AB		549300PV0N0O6PILB435	NACKA	WWW.PEPINS.COM	MULTILATERAL TRADING FACILITY - HALF-YEAR TRADING SCHEDULE.
PEPM	SEGMENT	ACTIVE	PEPW	PEPINS - MTF - MONTH	SE	MLTF	2020-08-24	2025-09-22			PEPINS SWEDEN AB		549300PV0N0O6PILB435	NACKA	WWW.PEPINS.COM	MULTILATERAL TRADING FACILITY - MONTHLY TRADING SCHEDULE.
PEPQ	SEGMENT	ACTIVE	PEPW	PEPINS - MTF - QUARTER	SE	MLTF	2020-08-24	2025-09-22			PEPINS SWEDEN AB		549300PV0N0O6PILB435	NACKA	WWW.PEPINS.COM	MULTILATERAL TRADING FACILITY - QUARTERLY TRADING SCHEDULE.
PEPW	OPERATING	ACTIVE	PEPW	PEPINS - MTF	SE	MLTF	2020-07-27	2025-09-22			PEPINS SWEDEN AB		549300PV0N0O6PILB435	NACKA	WWW.PEPINS.COM	MULTILATERAL TRADING FACILITY.
PEPY	SEGMENT	ACTIVE	PEPW	PEPINS - MTF - YEAR	SE	MLTF	2020-08-24	2025-09-22			PEPINS SWEDEN AB		549300PV0N0O6PILB435	NACKA	WWW.PEPINS.COM	MULTILATERAL TRADING FACILITY - YEARLY TRADING SCHEDULE.
PERP	SEGMENT	ACTIVE	PMXX	PERPETUAL MARKETS - PERP	CY	MLTF	2025-06-23	2025-07-28	2025-07-28		PM MTF LTD	PMX	2138005EFA978Y43G944	NICOSIA	WWW.PERPETUALS.COM	
PESL	OPERATING	ACTIVE	PESL	PAYWARD EUROPE SOLUTIONS LIMITED (KRAKEN)	IE	CASP	2025-06-23	2025-06-23	2025-06-23		PAYWARD EUROPE SOLUTIONS LIMITED	PESL	9845003D98SCC2851458	DUBLIN	HTTPS://KRAKEN.COM	
PEUR	SEGMENT	ACTIVE	XHEL	FIRST NORTH FINLAND - PURESTREAM	FI	MLTF	2024-10-28	2024-10-28	2024-10-28		NASDAQ HELSINKI LTD		743700NAXLL4Q86IEX32	HELSINKI	WWW.NASDAQOMXNORDIC.COM	
PFSE	SEGMENT	ACTIVE	XSTO	FIRST NORTH SWEDEN - PURESTREAM	SE	MLTF	2024-10-28	2024-10-28	2024-10-28		NASDAQ STOCKHOLM AB		549300KBQIVNEJEZVL96	STOCKHOLM	NASDAQ.COM	
PFSI	SEGMENT	ACTIVE	PATF	PATRIA FINANCE A.S. - SYSTEMATIC INTERNALISER	CZ	SINT	2026-07-27	2026-07-27	2026-07-27		PATRIA FINANCE A.S.	PATRIA	31570010000000009213	PRAGUE	HTTPS://FINANCE.PATRIA.CZ/	
PFTO	SEGMENT	ACTIVE	PFTS	PFTS STOCK EXCHANGE - ORDER DRIVEN MARKET	UA	OTHR	2026-08-24	2026-08-24	2026-08-24		JSC PFTS STOCK EXCHANGE	PFTS ODM		KYIV	HTTPS://PFTS.UA	SUPPORTS AUTOMATED CONTINUOUS ORDER-BOOK TRADING FOR BOTH REGULATED MARKET (RMKT) AND MULTILATERAL TRADING FACILITY (MTF) SECURITIES.
PFTQ	SEGMENT	ACTIVE	PFTS	PFTS STOCK EXCHANGE - QUOTE DRIVEN MARKET	UA	OTHR	2010-10-25	2026-08-24	2026-08-24		JSC PFTS STOCK EXCHANGE	PFTS QDM		KYIV	HTTPS://PFTS.UA	QUOTE DRIVEN MARKET IS A TRADING SEGMENT UNDER PFTS STOCK EXCHANGE.
PFTS	OPERATING	ACTIVE	PFTS	PFTS STOCK EXCHANGE	UA	RMKT	2010-05-24	2026-08-24	2026-08-24		JSC PFTS STOCK EXCHANGE	PFTS		KYIV	HTTPS://PFTS.UA	
PFXD	SEGMENT	ACTIVE	TRDE	PARNDF	GB	NSPD	2019-02-25	2019-10-28					5493009GUESWKOCRBE73	LONDON	WWW.PARFX.COM	TRADING PLATFORM FOR NDF AND DERIVATIVE PRODUCTS.
PGSL	OPERATING	ACTIVE	PGSL	PAYWARD GLOBAL SOLUTIONS LIMITED (KRAKEN) - IE	IE	CASP	2025-06-23	2025-06-23	2025-06-23		PAYWARD GLOBAL SOLUTIONS LIMITED	PGSL	9845003D98SCC2851458	DUBLIN	HTTPS://KRAKEN.COM	
PGTP	OPERATING	ACTIVE	PGTP	PAYWARD GLOBAL TRADING (KRAKEN)	SG	OTHR	2024-09-23	2024-09-23	2024-09-23		PAYWARD GLOBAL TRADING PTE LTD	PGT	254900ZM47I0RKNH6P20	SINGAPORE	WWW.KRAKEN.COM	
PHEL	SEGMENT	ACTIVE	XHEL	NASDAQ HELSINKI - PURESTREAM	FI	RMKT	2024-10-28	2024-10-28	2024-10-28		NASDAQ HELSINKI LTD		743700NAXLL4Q86IEX32	HELSINKI	WWW.NASDAQOMXNORDIC.COM	
PHSI	SEGMENT	ACTIVE	PEEL	PEEL HUNT SYSTEMATIC INTERNALISER	GB	SINT	2023-11-27	2023-11-27	2023-11-27		PEEL HUNT LLP	PEEL	5493007DWN0R4YBM4C84	LONDON	WWW.PEELHUNT.COM	
PIEU	OPERATING	ACTIVE	PIEU	ARITAS FINANCIAL LTD	GB	NSPD	2012-02-27	2012-02-27						LONDON	WWW.PIPELINETRADING.COM	MTF FOR LARGE BLOCK PAN-EUROPEAN EQUITIES.
PINC	SEGMENT	EXPIRED	OTCM	OTC PINK CURRENT	US	OTHR	2012-05-28	2025-06-23		2025-06-23	OTC MARKETS GROUP INC.		254900LQDMW14QIVAH45	NEW YORK	WWW.OTCMARKETS.COM	REPLACED BY OTCD AS OF JULY 1ST, 2025.
PINI	SEGMENT	EXPIRED	OTCM	OTC PINK NO INFORMATION	US	NSPD	2012-05-28	2026-01-26	2026-01-26	2026-01-26	OTC MARKETS GROUP INC.		254900LQDMW14QIVAH45	NEW YORK	WWW.OTCMARKETS.COM	
PINL	SEGMENT	ACTIVE	OTCM	OTC PINK LIMITED	US	NSPD	2012-05-28	2012-05-28					254900LQDMW14QIVAH45	NEW YORK	WWW.OTCMARKETS.COM	
PINX	SEGMENT	EXPIRED	OTCM	OTC PINK MARKETPLACE	US	NSPD	2012-03-26	2026-01-26	2026-01-26	2026-01-26	OTC MARKETS GROUP INC.		254900LQDMW14QIVAH45	NEW YORK	WWW.OTCMARKETS.COM	
PIPE	OPERATING	ACTIVE	PIPE	ARITAS SECURITIES LLC	US	NSPD	2012-02-27	2012-02-27						NEW YORK	WWW.PIPELINETRADING.COM	
PIPR	OPERATING	ACTIVE	PIPR	PIPER SANDLER AND CO.	US	NSPD	2019-11-25	2020-02-24					549300GRQCWQ3XGH0H10	GREENWICH	WWW.PIPERSANDLER.COM	REGISTERED MARKET FOR EQUITIES.
PIRM	OPERATING	ACTIVE	PIRM	PIRUM	GB	NSPD	2011-07-25	2011-07-25					213800F2KUVLIFOYYP87	LONDON	WWW.PIRUM.COM	SECURITIES LENDING CCP FLOW PROVIDER.
PJCX	SEGMENT	EXPIRED	PIPR	PIPER SANDLER AND CO. - ATS	US	ATSS	2019-11-25	2024-04-22	2024-04-22	2024-04-22	PIPER SANDLER AND CO.		549300GRQCWQ3XGH0H10	GREENWICH	WWW.PIPERSANDLER.COM	CEASED OPERATIONS ON JANUARY 4, 2024.
PKOP	OPERATING	ACTIVE	PKOP	BANK POLSKA KASA OPIEKI S.A.	PL	SINT	2018-11-26	2018-11-26				PEKAO	5493000LKS7B3UTF7H35	WARSAW	WWW.PEKAO.COM.PL	SYSTEMATIC INTERNALISER.
PLDX	SEGMENT	ACTIVE	LOTC	PLUS DERIVATIVES EXCHANGE	GB	NSPD	2012-03-26	2013-08-26				PLUS-DX		LONDON	WWW.PLUS-DX.COM	SERVICE COMPANY PROVIDING EXECUTION SERVICES FOR OTC DERIVATIVES.
PLPD	SEGMENT	ACTIVE	XWAR	WARSAW STOCK EXCHANGE/POLISH POWER EXCHANGE/REGULATED MARKET	PL	RMKT	2015-05-25	2019-07-22				WSE	2594001J9XAPI7Z2IB24	WARSAW	WWW.TGE.PL	
PLPO	SEGMENT	ACTIVE	XWAR	WARSAW STOCK EXCHANGE/COMMODITIES/POLISH POWER - EXCHANGE/ORGANIZED TRADING FACILITIES	PL	OTFS	2020-03-23	2025-12-22			POLISH POWER EXCHANGE		2594001J9XAPI7Z2IB24	WARSAW	WWW.GPW.PL	
PLPS	SEGMENT	ACTIVE	XWAR	WARSAW STOCK EXCHANGE/COMMODITIES/POLISH POWER EXCHANGE/SPOT	PL	NSPD	2020-03-23	2020-03-23					2594001J9XAPI7Z2IB24	WARSAW	WWW.GPW.PL	
PLPX	SEGMENT	EXPIRED	XWAR	WARSAW STOCK EXCHANGE/COMMODITIES/POLISH POWER EXCHANGE/ENERGY MARKET	PL	NSPD	2007-07-23	2020-03-23		2020-03-23			2594001J9XAPI7Z2IB24	WARSAW	WWW.TGE.PL	ADAPTATION TO OTF.
PLSX	SEGMENT	EXPIRED	ICAP	PLUS STOCK EXCHANGE	GB	NSPD	2012-03-26	2013-09-23		2013-09-23		PLUS-SX		LONDON	WWW.PLUS-SX.COM	MIC TO USE IS ISDX
PLUS	SEGMENT	EXPIRED	XMUN	BOERSE MUENCHEN - FREIVERKHER - PLUS - EUROPE	DE	NSPD	2009-04-27	2015-06-22		2015-06-22			391200Z7ZWISADXEGZ47	MUENCHEN	WWW.BOERSE-MUENCHEN.DE	PAN-EUROPEAN EQUITY MARKET FOR SMALL AND MID-CAP COMPANIES. TRADING WAS INTERRUPTED AS OF AUGUST 20, 2010 AND MARKET WILL NOT BE REACTIVATED.
PMTS	OPERATING	EXPIRED	PMTS	MTS PORTUGAL SGMR, SA	PT	NSPD	2003-04-01	2007-06-25		2007-06-25				LISBON		
PMXX	OPERATING	ACTIVE	PMXX	PERPETUAL MARKETS - MAIN	CY	MLTF	2025-03-24	2025-07-28	2025-07-28		PM MTF LTD	PMX	2138005EFA978Y43G944	NICOSIA	WWW.PERPETUALS.COM	
PNED	SEGMENT	EXPIRED	XSTO	NASDAQ STOCKHOLM AB - PAN-NORDIC EQ DERIVATIVES	SE	RMKT	2017-04-24	2022-09-26	2022-09-26	2022-09-26	NASDAQ STOCKHOLM AB		549300KBQIVNEJEZVL96	STOCKHOLM	WWW.NASDAQOMXNORDIC.COM	
POEE	SEGMENT	EXPIRED	XWAR	WARSAW STOCK EXCHANGE/ENERGY MARKET/POEE	PL	NSPD	2011-06-27	2015-02-23		2015-02-23				WARSAW	WWW.POEE.GPW.PL	ENERGY MARKT OF THE WARSAW STOCK EXCHANGE - MARKET HAS CEASED ITS ACTIVITY
PORT	SEGMENT	EXPIRED	XMTS	MTS PORTUGAL	GB	NSPD	2014-07-28	2019-04-22		2019-04-22		PTE	213800OANOWGT2KW8O63	LONDON	WWW.MTSMARKETS.COM	MTSD PORTUGAL IS OPERATING AS A DIVISION OF EUROMTS SINCE 30 JUNE 2014
POSE	OPERATING	ACTIVE	POSE	PORTFOLIO STOCK EXCHANGE	ES	MLTF	2021-09-27	2021-09-27			EUROPEAN DIGITAL SECURITIES EXCHANGE, S.L.		959800UP9ANDBHTKJ408	MADRID	WWW.PORTFOLIO.EXCHANGE	MULTILATERAL TRADING FACILITY.
POTC	OPERATING	ACTIVE	POTC	PACIFIC OTC	VU	NSPD	2017-09-25	2017-09-25				POTC		PORT VILA	WWW.PACIFICOTC.COM	TRADING PLATFORM FOR OTC EQUITIES AND DEBT.
POTL	OPERATING	ACTIVE	POTL	PO TRADE LIQUIDITY	AU	RMKT	2023-08-28	2023-08-28	2023-08-28		PO CAPITAL MARKETS PTY LIMITED	PO CAP	9845004F66FFD50H6576	SYDNEY	WWW.POCAPITAL.COM.AU	
PPEX	OPERATING	ACTIVE	PPEX	PROPERTY PARTNER EXCHANGE	GB	NSPD	2017-09-25	2017-09-25			LONDON HOUSE EXCHANGE LIMITED		213800RKHIF4VKLY2E56	LONDON	WWW.PROPERTYPARTNER.CO	
PRME	SEGMENT	EXPIRED	XMTS	MTS PRIME	GB	NSPD	2011-10-24	2017-04-24		2017-04-24			98450046D7FO80BR3945	LONDON	WWW.MTSMARKETS.COM	MTS PRIME IS A MARKET WHERE PARTICIPANTS CAN TRADE CORPORATE, COVERED AND FINANCIAL BONDS. IT IS A MARKET UNDER EUROMTS’ UMBRELLA.
PROS	SEGMENT	ACTIVE	XMAL	PROSPECTS	MT	MLTF	2016-11-28	2024-10-28			MALTA STOCK EXCHANGE PLC		5299009CKES2S5E3YG94	VALLETTA	WWW.SMEPROSPECTS.COM	MTF.
PRSE	OPERATING	ACTIVE	PRSE	PRAGMA ATS	US	ATSS	2010-12-27	2010-12-27						NEW YORK	WWW.PRAGMATRADING.COM	REGISTERED ATS FOR US EQUITIES
PSGM	SEGMENT	ACTIVE	OTCM	OTC GREY MARKET	US	NSPD	2012-03-26	2012-03-26					254900LQDMW14QIVAH45	NEW YORK	WWW.OTCMARKETS.COM	
PSTO	SEGMENT	ACTIVE	XSTO	NASDAQ STOCKHOLM AB - PURESTREAM	SE	RMKT	2024-10-28	2024-10-28	2024-10-28		NASDAQ STOCKHOLM AB		549300KBQIVNEJEZVL96	STOCKHOLM	WWW.NASDAQ.COM	
PSXD	SEGMENT	ACTIVE	XNAS	NASDAQ PSX DARK	US	RMKT	2019-10-28	2026-04-27	2026-04-27		NASDAQ, INC.	PSX DARK	549300L8X1Q78ERXFD06	NEW YORK	WWW.NASDAQTRADER.COM	NON-DISPLAYED (DARK) EXECUTIONS.
PTPG	OPERATING	ACTIVE	PTPG	POLISH TRADING POINT	PL	NSPD	2016-03-28	2016-03-28			POLISH TRADING POINT S.A.	PTP	259400R399CK3MYYSL28	WARSAW	WWW.POLISHTRADINGPOINT.COM	ELECTRONIC TRADING PLATFORM FOR OTC ENERGY PRODUCTS
PULX	OPERATING	EXPIRED	PULX	INSTINET BLOCKCROSS ATS	US	ATSS	2010-11-22	2017-11-27		2017-11-27		BLKX	549300MGMN3RKMU8FT57	NEW YORK	WWW.INSTINET.COM	
PUMA	OPERATING	ACTIVE	PUMA	PUMA CAPITAL, LLC	US	NSPD	2019-04-22	2019-04-22				PUMA	549300JCDSTWZAXPY025	PURCHASE	WWW.PUMACAP.COM	US BROKER-DEALER.
PUMX	SEGMENT	ACTIVE	PUMA	PUMA CAPITAL, LLC - OPTIONS	US	NSPD	2019-04-22	2019-04-22				PUMA	549300JCDSTWZAXPY025	PURCHASE	WWW.PUMACAP.COM	US BROKER-DEALER.
PUND	OPERATING	ACTIVE	PUND	PUNDION LLC	US	NSPD	2021-09-27	2021-09-27	2021-09-27		PUNDION LLC		549300FOYST42PEQ1R51	NEW YORK	WWW.PUNDION.COM	EQUITY PRODUCTS.
PURE	SEGMENT	ACTIVE	XCNQ	CANADIAN SECURITIES EXCHANGE - PURE	CA	NSPD	2006-12-25	2021-09-27	2021-09-27		CNSX MARKETS, INC.	CSE-PURE		TORONTO	WWW.THECSE.COM	FORMERLY KNOWN AS PURE (CSE OTHER LISTED) FORMERLY KNOWN AS THE CANADIAN NATIONAL STOCK EXCHANGE (CNSX).
PVBL	OPERATING	ACTIVE	PVBL	PROVABLE MARKETS	US	ATSS	2024-07-22	2024-07-22	2024-07-22		PROVABLE MARKETS LLC	PVBL	549300Y75F32J4LE5S67	NEW YORK	WWW.PROVABLEMARKETS.COM	
PVMF	SEGMENT	ACTIVE	TPEO	TP ICAP E. AND C. OTF –  PVM COMMODITIES AND ENERGY DERIVATIVES	GB	OTFS	2017-11-27	2023-07-24	2023-07-24		TP ICAP E. AND C. LIMITED		549300MU2MYJLOY6IJ51	LONDON	HTTPS://TPICAP.COM/TPICAP/REGULATORY-HUB/TP-ICAP-E%26C-OTF	
PXIL	OPERATING	ACTIVE	PXIL	POWER EXCHANGE INDIA LTD.	IN	NSPD	2009-07-27	2009-07-27					3358001SNLGRJLFULN75	MUMBAI	WWW.POWEREXINDIA.COM	ELECTRONIC NATION-WIDE EXCHANGE FOR TRADING OF ELECTRICITY
QCEX	OPERATING	ACTIVE	QCEX	QCX, LLC	US	DCMS	2025-08-25	2025-08-25	2025-08-25		QCX, LLC		875500N02AT96F4EHO85	BOCA RATON	HTTP://QCEX.COM	
QMTF	OPERATING	EXPIRED	QMTF	QUOTE MTF	HU	NSPD	2008-12-22	2014-01-27		2014-01-27				BUDAPEST	WWW.QUOTEMTF.COM	MULTILATERAL TRADING FACILITY FOR EEA STOCKS - MARKET CEASED ITS ACTIVITIES ON NOVEMBER 15, 2013
QMTS	OPERATING	EXPIRED	QMTS	MTS QUASI GOVERNMENT	GB	NSPD	2003-04-01	2011-02-28		2011-02-28				LONDON		DELETED AT THE REQUEST OF MTS GROUP
QUNT	SEGMENT	ACTIVE	INFT	INFRONT QUANT	NO	OTHR	2022-12-26	2022-12-26	2022-12-26		INFRONT AS		54930074DH4YRWTS3R80	OSLO	WWW.INFRONTFINANCE.COM	
QWIK	OPERATING	ACTIVE	QWIK	QWICKROUTE	US	OTHR	2025-06-23	2025-06-23	2025-06-23		MCAP LLC	QWIK	25490004EH77G8CG3205	NEW YORK	WWW.QWICKROUTE.COM	
QWIX	OPERATING	ACTIVE	QWIX	Q-WIXX PLATFORM	GB	NSPD	2007-09-24	2007-09-24						LONDON	WWW.QWIXX.COM	
R5FX	OPERATING	ACTIVE	R5FX	R5FX LIMITED	GB	RMKT	2018-06-25	2018-06-25					213800BMWXD3SACBHQ15	LONDON	WWW.R5FX.COM	ELECTRONIC TRADING PLATFORM FOR FX SPOT TRADING.
RABL	OPERATING	ACTIVE	RABL	RABOBANK INTERNATIONAL UK	GB	SINT	2020-12-28	2020-12-28			RABOBANK INTERNATIONAL LONDON		DG3RU1DBUFHT4ZF9WN62	LONDON	WWW.RABOBANK.COM	SYSTEMATIC INTERNALISER.
RABO	OPERATING	ACTIVE	RABO	RABOBANK	NL	SINT	2017-11-27	2017-11-27					DG3RU1DBUFHT4ZF9WN62	UTRECHT	WWW.RABOBANK.COM	SYSTEMATIC INTERNALISER.
RAJA	OPERATING	ACTIVE	RAJA	RAYMOND JAMES	US	OTHR	2022-06-27	2022-06-27			RAYMOND JAMES AND ASSOCIATES, INC.		U4ONQX15J3RO8XCKE979	NEW YORK	WWW.RAYMONDJAMES.COM	
RBCB	OPERATING	ACTIVE	RBCB	RBC INVESTOR SERVICES BANK S.A.	LU	NSPD	2017-07-24	2017-07-24					549300IVXKQHV6O7PY61	ESCH-SUR-ALZETTE	WWW.RBCITS.COM	
RBCC	OPERATING	ACTIVE	RBCC	RBC - PARIS BRANCH	FR	SINT	2017-11-27	2020-11-23			ROYAL BANK OF CANADA		ES7IP3U3RHIGC71XBU11	PARIS	WWW.RBC.COM	SYSTEMATIC INTERNALISER.
RBCE	OPERATING	ACTIVE	RBCE	RBC EUROPE LIMITED	GB	NSPD	2013-06-24	2013-06-24					TXDSU46SXBWIGJ8G8E98	LONDON	WWW.RBC.COM	EQUITIES BROKER FILL.
RBCG	OPERATING	ACTIVE	RBCG	RBC CAPITAL MARKETS (EUROPE) GMBH	DE	SINT	2018-11-26	2023-08-28	2023-08-28		RBC CAPITAL MARKETS (EUROPE) GMBH		549300SXSTGQY3EA1B18	FRANKFURT	WWW.RBC.COM	
RBCM	OPERATING	ACTIVE	RBCM	RBC - ROYAL BANK OF CANADA	GB	SINT	2017-11-27	2023-10-23			ROYAL BANK OF CANADA	RBC	ES7IP3U3RHIGC71XBU11	LONDON	WWW.RBC.COM	FIXED INCOME, CURRENCIES AND COMMODITIES.
RBCS	OPERATING	ACTIVE	RBCS	RBC CAPITAL MARKETS LLC	US	OTHR	2024-04-22	2024-04-22	2024-04-22		RBC CAPITAL MARKETS LLC	RBCCM	549300LCO2FLSSVFFR64	NEW YORK	WWW.RBCCM.COM	US BROKER DEALER.
RBCT	OPERATING	ACTIVE	RBCT	RBC INVESTOR SERVICES TRUST	GB	NSPD	2017-07-24	2017-07-24					5493002MUOV04NSPT571	LONDON	WWW.RBCITS.COM	
RBEX	OPERATING	ACTIVE	RBEX	RAILBIRD EXCHANGE	US	DCMS	2025-07-28	2025-07-28	2025-07-28		RAILBIRD EXCHANGE, LLC		984500EBA00A09CC7F56	NEW YORK	WWW.RAILBIRDEXCHANGE.COM	
RBHU	OPERATING	ACTIVE	RBHU	RAIFFEISEN BANK (HUNGARY)	HU	SINT	2018-09-24	2018-09-24				RBHU-SI	5493001U1K6M7JOL5W45	BUDAPEST	WWW.RAIFFEISEN.HU	SYSTEMATIC INTERNALISER.
RBIV	OPERATING	ACTIVE	RBIV	RAIFFEISEN BANK INTERNATIONAL AG	AT	SINT	2018-07-23	2018-07-23					9ZHRYM6F437SQJ6OUG95	VIENNA	WWW.RBINTERNATIONAL.COM	SYSTEMATIC INTERNALISER.
RBSI	SEGMENT	ACTIVE	RBCB	RBC INVESTOR SERVICES BANK S.A. - SYSTEMATIC INTERNALISER	LU	SINT	2017-08-28	2017-08-28					549300IVXKQHV6O7PY61	ESCH-SUR-ALZETTE	WWW.RBCITS.COM	SYSTEMATIC INTERNALISER.
RBSX	OPERATING	ACTIVE	RBSX	RBS CROSS	GB	NSPD	2011-05-23	2011-05-23					2138005O9XJIJN4JPN90	LONDON	WWW.RBS.COM	RBS CROSS IS THE BROKER CROSSING SYSTEM (BCS) OPERATED BY RBS.
RCBX	SEGMENT	EXPIRED	XINS	INSTINET RETAIL CBX	US	NSPD	2014-02-24	2017-11-27		2017-11-27		RCBX	549300MGMN3RKMU8FT57	NEW YORK	WWW.INSTINET.COM	CONTINUOUS DARK LIMIT ORDER BOOK THAT ALLOWS PARTICIPANTS TO INTERACT ONLY WITH SPECIFIED COUNTERPARTIES.
RCMA	OPERATING	ACTIVE	RCMA	RBC CAPITAL MARKETS ARBITRAGE S.A.	US	NSPD	2019-09-23	2019-09-23					VPSDYLYD46Y0HGE26Y04	NEW YORK	WWW.RBC.COM	
RENC	OPERATING	ACTIVE	RENC	RENAISSANCE SECURITIES (CYPRUS) LIMITED	CY	SINT	2018-09-24	2023-08-28	2023-08-28		RENAISSANCE SECURITIES (CYPRUS) LIMITED		IK9CLH4U15AXJVV22968	NICOSIA	WWW.RENCAP.COM	
RESE	SEGMENT	EXPIRED	EBSN	EBS MTF - RESET	NL	MLTF	2017-11-27	2020-03-23		2020-03-23			2138004TYNQCB7MLTG76	AMSTERDAM	WWW.RESET.NET	RISK MITIGATION SERVICES.REPLACED BY RESF.
RESF	SEGMENT	ACTIVE	EBSN	EBS MTF - RESET SEGMENT	NL	MLTF	2019-09-23	2019-09-23					2138004TYNQCB7MLTG76	AMSTERDAM	WWW.NEX.COM	
REST	SEGMENT	ACTIVE	NEXS	OSTTRA SEF MTF - RESET - RISK MITIGATION SERVICES	GB	SEFS	2017-12-25	2025-12-22	2025-12-22		OSTTRA SEF LIMITED	NSL	2138008LPQ92DIHKHY20	LONDON	HTTPS://OSTTRA.COM/OSTTRA-SEF/	SWAP EXECUTION FACILITY.
REVX	OPERATING	ACTIVE	REVX	REVOLUT X	CY	CASP	2025-11-24	2025-11-24	2025-11-24		REVOLUT DIGITAL ASSETS EUROPE LTD	RDAEL	549300ET4IUR6RCZOL84	LIMASSOL	WWW.REVOLUT.COM/EN-CY/CRYPTO/	
RFBK	OPERATING	ACTIVE	RFBK	RAIFFEISENBANK, AS.	CZ	SINT	2019-01-28	2019-01-28				RBCZ	31570010000000004460	PRAGUE	WWW.RB.CZ	SYSTEMATIC INTERNALISER.
RFIM	OPERATING	ACTIVE	RFIM	REAL FORTUNE INVESTMENT L.L.C	AE	OTHR	2023-05-22	2023-05-22	2023-05-22		REAL FORTUNE INVESTMENT L.L.C		984500FED3894XAD4482	DUBAI	WWW.REFINVEST.MANAGEMENT	
RFQN	SEGMENT	ACTIVE	MANL	MARKETAXESS NL B.V. - RFQ HUB	NL	MLTF	2024-01-22	2024-01-22	2024-01-22		MARKETAXESS NL B.V.		5299000UUYW66L5LT560	AMSTERDAM	WWW.MARKETAXESS.COM	
RFQS	SEGMENT	ACTIVE	MASG	MARKETAXESS SINGAPORE PTE LIMITED - RFQ - HUB	SG	RMOS	2024-01-22	2024-01-22	2024-01-22		MARKETAXESS SINGAPORE PTE. LIMITED		529900GFVFMKAFCMT075	SINGAPORE	WWW.MARKETAXESS.COM	
RFQU	SEGMENT	ACTIVE	MAEL	MARKETAXESS EUROPE LIMITED - RFQ - HUB	GB	MLTF	2024-01-22	2024-01-22	2024-01-22		MARKETAXESS EUROPE LIMITED		549300TTHIODYMGND828	LONDON	WWW.MARKETAXESS.COM	
RICD	SEGMENT	EXPIRED	RICX	RIVERCROSS DARK	US	NSPD	2011-05-23	2022-12-26		2022-12-26	RIVER CROSS SECURITES, LP	RIVERX		NARBERTH	WWW.RXATS.COM	DARK POOL.
RICX	OPERATING	EXPIRED	RICX	RIVERCROSS	US	ATSS	2011-05-23	2022-11-28		2017-02-01	RIVER CROSS SECURITES, LP			NARBERTH	WWW.RXATS.COM	RIVERCROSS™ IS AN ALTERNATIVE TRADING SYSTEM (ATS) OPERATED PURSUANT TO REGULATION ATS BY RIVERCROSS SECURITIES, LLLP, PROVIDING A SECURE AND CONFIDENTIAL LIQUIDITY SOURCE FOR U.S.-REGISTERED BROKER-DEALERS AND THEIR CLIENTS.
RITS	OPERATING	ACTIVE	RITS	REFINITIV - FORWARDS MATCHING	IN	OTHR	2022-07-25	2022-07-25			REFINITIV INDIA TRANSACTION SERVICES PRIVATE LIMITED		335800W2HWQ4MHQLGU85	MUMBAI	WWW.REFINITIV.COM/EN/PRODUCTS/FXALL-ELECTRONIC-TRADING-PLATFORM	
RJXX	SEGMENT	ACTIVE	LEVL	LEVEL ATS - RAYMOND JAMES AND ASSOCIATES X	US	ATSS	2025-11-24	2025-11-24	2025-11-24		LEVEL MARKETS, LLC	LEVEL	254900ZBK50B4Y36MJ33	BOSTON	WWW.LEVELMARKETS.COM/LEVEL-ATS/	RAYMOND JAMES EXECUTIONS ON LEVEL ATS.
RLBO	OPERATING	ACTIVE	RLBO	RAIFFEISENLANDESBANK OBERÖSTERREICH	AT	SINT	2018-04-23	2018-04-23			RAIFFEISENLANDESBANK OBERÖSTERREICH AKTIENGESELLSCHAFT		I6SS27Q1Q3385V753S50	LINZ	WWW.RLBOOE.AT	SYSTEMATIC INTERNALISER.
RMEX	OPERATING	ACTIVE	RMEX	RULEMATCH EUROPE CRYPTO	LI	CASP	2026-07-27	2026-07-27	2026-07-27		RULEMATCH EUROPE AG		529900PEBGKH34UTD845	VADUZ	WWW.RULEMATCH.COM/EUROPE/	
RMMS	OPERATING	ACTIVE	RMMS	RMB MORGAN STANLEY	ZA	NSPD	2020-12-28	2020-12-28			RMB MORGAN STANLEY		54930026T33G80GFU737	JOHANNESBURG	WWW.RMB.CO.ZA/SOLUTION/EQUITY-SALES-TRADING-AND-RESEARCH	
RMMX	SEGMENT	ACTIVE	RMMS	RMB MORGAN STANLEY - INVENTORY MANAGER	ZA	NSPD	2020-12-28	2020-12-28			RMB MORGAN STANLEY		54930026T33G80GFU737	JOHANNESBURG	WWW.RMB.CO.ZA/SOLUTION/EQUITY-SALES-TRADING-AND-RESEARCH	
RMTF	OPERATING	ACTIVE	RMTF	REFINITIV MTF	IE	MLTF	2018-11-26	2024-06-24			FINANCIAL AND RISK TRANSACTION SERVICES IRELAND LIMITED		635400MQZIPRVPDDZK76	DUBLIN	WWW.REFINITIV.COM	MULTILATERAL TRADING FACILITY.
RMTS	SEGMENT	EXPIRED	XMTS	MTS ISRAEL	GB	NSPD	2007-08-27	2019-04-22		2019-04-22			213800OANOWGT2KW8O63	LONDON	WWW.MTSISRAEL.COM	
ROCO	OPERATING	ACTIVE	ROCO	TAIPEI EXCHANGE	TW	NSPD	2005-06-27	2015-04-27				TPEX		TAIPEI	WWW.TPEX.ORG.TW	
ROFX	OPERATING	ACTIVE	ROFX	ROSARIO FUTURE EXCHANGE	AR	RMKT	2009-10-26	2025-11-24	2025-11-24		A3 MERCADOS S.A	ROFEX	254900C5780FA3IF6K84	ROSARIO	WWW.A3MERCADOS.COM.AR	REGISTERED MARKET FOR FUTURES AND OPTIONS.
ROSR	OPERATING	ACTIVE	ROSR	SIX REPO AG	CH	NSPD	2017-12-25	2017-12-25				SIX	549300US7CXLXPE4NY48	ZURICH	WWW.SIX-REPO.COM	SWISS INTERBANK REPO MARKET OPERATED BY SIX REPO AG.
ROTC	OPERATING	ACTIVE	ROTC	RWANDA OTC MARKET	RW	NSPD	2008-06-23	2008-06-23				RSE		KIGALI	WWW.RSE.RW	
RPDX	OPERATING	ACTIVE	RPDX	MOSCOW ENERGY EXCHANGE	RU	NSPD	2010-05-24	2013-03-25				MOSENEX		MOSCOW	WWW.MOSENEX.RU	RUSSIAN POWER DERIVATIVES EXCHANGE.
RPWC	SEGMENT	ACTIVE	XWAR	WARSAW STOCK EXCHANGE/BONDS/CATALYST/BONDSPOT/REGULATED MARKET	PL	RMKT	2011-04-25	2013-08-26			BONDSPOT S.A.		259400N28EKSTIFFCL55	WARSAW	WWW.BONDSPOT.PL	
RR4G	OPERATING	ACTIVE	RR4G	ROUTE4GAS	NL	NSPD	2021-06-28	2021-06-28			ROUTE4GAS B.V.	R4G	724500EY0KGMVVONVS49	AMSTERDAM	HTTPS://ROUTE4GAS.COM/INFO/	
RRSI	OPERATING	ACTIVE	RRSI	RAIFFEISEN BANK S.A. (ROMANIA)	RO	SINT	2023-11-27	2023-11-27	2023-11-27		RAIFFEISEN BANK S.A.		549300RFKNCOX56F8591	BUCHAREST	WWW.RAIFFEISEN.RO	
RSEX	OPERATING	ACTIVE	RSEX	RWANDA STOCK EXCHANGE	RW	NSPD	2011-08-22	2011-08-22				RSE		KIGALI	WWW.RSE.RW	PRINCIPAL STOCK MARKET FOR EQUITY AND BONDS.
RTSI	SEGMENT	ACTIVE	RBCT	RBC INVESTOR SERVICES TRUST - SYSTEMATIC INTERNALISER	GB	SINT	2017-08-28	2017-08-28					5493002MUOV04NSPT571	LONDON	WWW.RBCITS.COM	SYSTEMATIC INTERNALISER.
RTSL	OPERATING	ACTIVE	RTSL	REFINITIV TRANSACTIONS SERVICES LIMITED	GB	NSPD	2007-08-27	2019-03-25			TRANSACTIONS SERVICES LIMITED	RTSL	549300SDDJE84DDJNB30	LONDON	WWW.REUTERS.COM	
RTSP	OPERATING	ACTIVE	RTSP	REFINITIV TRANSACTION SERVICES PTE. LTD	SG	NSPD	2020-05-25	2020-05-25			REFINITIV TRANSACTION SERVICES PTE. LTD	RTSPL	5493004U2OZSNOP2ML97	SINGAPORE	WWW.REFINITIV.COM/EN/PRODUCTS/FXALL-ELECTRONIC-TRADING-PLATFORM	
RTSX	SEGMENT	ACTIVE	MISX	MOSCOW EXCHANGE - DERIVATIVES MARKET	RU	NSPD	2012-03-26	2018-11-26				MOEX	253400M5M1222KPNWE87	MOSCOW	WWW.MOEX.COM	DERIVATIVES MARKET OF MOSCOW EXCHANGE.
RTXF	OPERATING	ACTIVE	RTXF	RTX FINTECH AND RESEARCH	US	SEFS	2022-12-26	2022-12-26	2022-12-26		RTX FINTECH AND RESEARCH LLC		549300UDXT9JSAE4QH10	NEW YORK	WWW.RTXFINTECH.COM	
RULE	OPERATING	ACTIVE	RULE	RULEMATCH	CH	OTHR	2023-02-27	2023-02-27	2023-02-27		RULEMATCH AG		50670031R3B43KXX1869	ZURICH	WWW.RULEMATCH.COM	RULE
RUSX	OPERATING	ACTIVE	RUSX	NON-PROFIT PARTNERSHIP FOR THE DEVELOPMENT OF FINANCIAL MARKET RTS	RU	NSPD	2014-12-22	2021-04-26	2021-04-26		NON-PROFIT PARTNERSHIP FOR THE DEVELOPMENT OF FINANCIAL MARKET RTS	NP RTS	253400S9DKA7JG1JWC41	MOSCOW	WWW.NPRTS.RU	
RVSA	OPERATING	ACTIVE	RVSA	RAIFFEISENVERBAND SALZBURG	AT	SINT	2023-12-25	2023-12-25	2023-12-25		RAIFFEISENVERBAND SALZBURG EGEN		529900LU7D396TOO3B50	SALZBURG	WWW.RVS.AT	
S360	OPERATING	ACTIVE	S360	S360	SG	RMOS	2025-05-26	2025-05-26	2025-05-26		360T ASIA PACIFIC PTE. LTD.		5299004ZCZ3DBGMBIJ51	SINGAPORE	WWW.360T.COM	
S3FM	OPERATING	ACTIVE	S3FM	SOCIETY3 FUNDERSMART	CH	NSPD	2017-01-23	2017-01-23				S3FM		LUZERN	HTTP://SOCIETY3.COM	NON REGULATED, US SEC AND SWISS FINMA COMPLIANT AND BANKING LICENSE EXEMPT EQUITY FUNDRAISING AND TRADING PLATFORM.
SAGE	OPERATING	ACTIVE	SAGE	SAGETRADER	US	NSPD	2019-05-27	2019-05-27						SAN FRANCISCO	WWW.SAGETRADER.COM	BROKER DEALER.
SANT	OPERATING	ACTIVE	SANT	BANCO SANTANDER S.A.	ES	SINT	2017-12-25	2017-12-25				SANT	5493006QMFDDMYWIAM13	SANTANDER	WWW.SANTANDER.COM	SYSTEMATIC INTERNALISER.
SB1M	OPERATING	ACTIVE	SB1M	SPAREBANK 1 MARKETS	NO	SINT	2017-12-25	2017-12-25				SB1M	5967007LIEEXZX5AEG57	OSLO	WWW.SB1MARKETS.NO	SYSTEMATIC INTERNALISER.
SBAR	SEGMENT	ACTIVE	BMEX	BOLSA DE BARCELONA RENTA FIJA	ES	RMKT	2017-02-27	2017-02-27					959800Z25H6MSXFBBG16	BARCELONA	WWW.BOLSASYMERCADOS.ES	ELECTRONIC TRADING PLATFORM FIXED INCOME BOLSA DE BARCELONA
SBEX	OPERATING	ACTIVE	SBEX	SCOTIABANK	GB	SINT	2018-04-23	2018-04-23					5G6NVP4WADOI32VUUB17	LONDON	WWW.SCOTIABANK.COM	SYSTEMATIC INTERNALISER.
SBIC	SEGMENT	ACTIVE	SBIJ	JAPANNEXT - XROSSNET	JP	ATSS	2025-09-22	2025-09-22	2025-09-22		JAPANNEXT CO., LTD.		353800R6W6JI7N6XGF46	TOKYO	WWW.JAPANNEXT.CO.JP	JAPANNEXT CROSSING MARKET.
SBIJ	OPERATING	ACTIVE	SBIJ	JAPANNEXT - J - MARKET	JP	ATSS	2008-04-28	2025-09-22			JAPANNEXT CO., LTD.		353800R6W6JI7N6XGF46	TOKYO	WWW.JAPANNEXT.CO.JP	
SBIL	SEGMENT	ACTIVE	BMEX	BOLSA DE BILBAO RENTA FIJA	ES	RMKT	2017-02-27	2017-02-27					959800LHEKKMW5L1CL09	BILBAO	WWW.BOLSASYMERCADOS.ES	ELECTRONIC TRADING PLATFORM FIXED INCOME BOLSA DE BILBAO.
SBIU	SEGMENT	ACTIVE	SBIJ	JAPANNEXT - U - MARKET	JP	ATSS	2015-01-26	2025-09-22			JAPANNEXT CO., LTD.		353800R6W6JI7N6XGF46	TOKYO	WWW.JAPANNEXT.CO.JP	JAPANNEXT - UNIFORM SPREAD MARKET.
SBIV	SEGMENT	ACTIVE	SBIJ	JAPANNEXT - VWAP CROSSING	JP	ATSS	2013-07-22	2025-09-22			JAPANNEXT CO., LTD.		353800R6W6JI7N6XGF46	TOKYO	WWW.JAPANNEXT.CO.JP	VWAP CROSSING PLATFORM.
SBMF	SEGMENT	EXPIRED	BMFX	SPOT REGULATED MARKET - BMFMS	RO	NSPD	2010-02-22	2018-02-26		2018-02-26				SIBIU	WWW.SIBEX.RO	
SBSI	OPERATING	ACTIVE	SBSI	SYDBANK A/S	DK	SINT	2017-12-25	2017-12-25					GP5DT10VX1QRQUKVBK64	AABENRAA	WWW.SYDBANK.DK	SYSTEMATIC INTERNALISER.
SCAG	OPERATING	ACTIVE	SCAG	STANDARD CHARTERED BANK AG	DE	SINT	2019-02-25	2019-02-25					549300WDT1HWUMTUW770	FRANKFURT	WWW.SC.COM/DE	SYSTEMATIC INTERNALISER.
SCLB	OPERATING	ACTIVE	SCLB	SCALABLE CAPITAL	DE	SINT	2024-04-22	2024-04-22	2024-04-22		SCALABLE CAPITAL GMBH		391200Y3EUNL4LTXRP94	MUNICH	HTTPS://DE.SCALABLE.CAPITAL	
SCLE	SEGMENT	ACTIVE	BMEX	BME SCALEUP	ES	MLTF	2023-07-24	2023-10-23	2023-10-23		BOLSAS Y MERCADOS ESPANOLES SISTEMAS DE NEGOCIACION SOCIEDAD ANONIMA		95980079EEM99NR57242	MADRID	WWW.BOLSASYMERCADOS.ES/BME-EXCHANGE/ES/HOME	
SCOT	OPERATING	ACTIVE	SCOT	SCOTTISH STOCK EXCHANGE	GB	RMKT	2019-09-23	2019-09-23				SSX	2138004NBR4V18KZFG35	EDINBURGH	HTTPS://PROJECTHEATHER.SCOT/	
SCXA	SEGMENT	EXPIRED	SCXO	SEED DIGITAL SECURITIES MARKET	US	ATSS	2018-08-27	2025-08-25	2025-08-25	2020-06-12	ZERO HASH LIQUIDITY SERVICES LLC		5493009JXYKN3NLOUE77	CHICAGO	HTTPS://ZEROHASH.COM/	ELECTRONIC TRADING PLATFORM FOR SECURITIES, ALTERNATIVE TRADING SYSTEM (ATS).
SCXF	SEGMENT	EXPIRED	SCXO	SEED FUTURES	US	NSPD	2017-10-23	2025-08-25	2025-08-25	2020-06-12	ZERO HASH LLC		549300HO3R60QNJ2JJ83	CHICAGO	HTTPS://ZEROHASH.COM/	ELECTRONIC TRADING PLATFORM, DESIGNATED CONTRACTS MARKET (DCM).
SCXM	SEGMENT	EXPIRED	SCXO	SEED DIGITAL COMMODITIES MARKET	US	NSPD	2017-10-23	2025-08-25	2025-08-25	2020-06-12	ZERO HASH LIQUIDITY SERVICES LLC		5493009JXYKN3NLOUE77	CHICAGO	HTTPS://ZEROHASH.COM/	ELECTRONIC TRADING PLATFORM FOR COMMODITIES.
SCXO	OPERATING	ACTIVE	SCXO	ZERO HASH LLC	US	NSPD	2017-10-23	2025-08-25	2025-08-25		ZERO HASH HOLDINGS LTD.		549300QL4OBS1FRY4P39	CHICAGO	HTTPS://ZEROHASH.COM/	
SCXS	SEGMENT	EXPIRED	SCXO	SEED SEF	US	SEFS	2016-07-25	2025-08-25	2025-08-25	2020-06-12	SEED SEF LLC		549300KEYNHAIZ6OWT97	CHICAGO	WWW.SEEDCX.COM	ELECTRONIC TRADING PLATFORM FOR SWAPS, SWAP EXECUTION FACILITY (SEF).
SEBA	OPERATING	ACTIVE	SEBA	STIFEL EUROPE BANK AG	DE	SINT	2021-04-26	2021-04-26			STIFEL EUROPE BANK AG	SEBA	529900MC68RTGHKI4F05	FRANKFURT	WWW.STIFEL.COM	SYSTEMATIC INTERNALISER.
SEBL	OPERATING	ACTIVE	SEBL	SEB LITHUANIA	LT	SINT	2019-10-28	2019-10-28					549300SBPFE9JX7N8J82	VILNIUS	WWW.SEB.LT	SYSTEMATIC INTERNALISER.
SEBS	OPERATING	ACTIVE	SEBS	SEB	SE	SINT	2017-06-26	2017-12-25				SEB	F3JS33DEI6XQ4ZBPTN86	STOCKHOLM	WWW.SEB.SE	SEB SYSTEMATIC INTERNALISER.
SEBX	OPERATING	EXPIRED	SEBX	SEB - LIQUIDITY POOL	SE	NSPD	2012-11-26	2018-01-22		2018-01-22		SEB	F3JS33DEI6XQ4ZBPTN86	STOCKHOLM	WWW.SEB.SE	SKANDINAVISKA ENSKILDA BANKEN AB LIQUIDITY POOL.
SECC	OPERATING	ACTIVE	SECC	SECDEX CLEARING LIMITED	SC	NSPD	2020-03-23	2020-03-23						VICTORIA	WWW.SECDEX.NET	
SECD	OPERATING	ACTIVE	SECD	SECDEX DEPOSITORY LIMITED	SC	NSPD	2020-03-23	2020-03-23						VICTORIA	WWW.SECDEX.NET	
SECE	OPERATING	ACTIVE	SECE	SECDEX EXCHANGE LIMITED	SC	NSPD	2020-03-23	2020-03-23						VICTORIA	WWW.SECDEX.NET	
SECF	OPERATING	ACTIVE	SECF	SECFINEX	GB	NSPD	2009-01-26	2009-01-26						LONDON	WWW.SECFINEX.COM	MULTILATERAL TRADING FACILITY - ELECTRONIC EXCHANGE FOR STOCK BORROWING AND LENDING TRANSACTIONS.
SEDC	OPERATING	ACTIVE	SEDC	SECDEX DIGITAL CUSTODIAN LIMITED	SC	NSPD	2020-03-23	2020-03-23						VICTORIA	WWW.SECDEX.NET	
SEDR	OPERATING	EXPIRED	SEDR	SEEDRS - SECONDARY MARKET	GB	NSPD	2017-08-28	2017-12-25		2017-12-25			213800CQVNZSSPOVUD17	LONDON	WWW.SEEDRS.COM/SECONDARY-MARKET	EQUITY CROWDFUNDING PLATFORM.
SEDX	SEGMENT	ACTIVE	XMIL	SECURITISED DERIVATIVES MARKET	IT	MLTF	2007-09-24	2023-04-24	2023-04-24		BORSA ITALIANA S.P.A.	SEDEX	8156005391EE905D3124	MILAN	WWW.BORSAITALIANA.IT	MULTILATERAL TRADING FACILITY.
SEED	SEGMENT	ACTIVE	XSTO	NASDAQ STOCKHOLM AB - SWEDISH EQ DERIVATIVES	SE	RMKT	2017-04-24	2023-09-25	2023-09-25		NASDAQ STOCKHOLM AB		549300KBQIVNEJEZVL96	STOCKHOLM	WWW.NASDAQOMXNORDIC.COM	
SELC	OPERATING	ACTIVE	SELC	SISTEMA ESPECIAL DE LIQUIDACAO E CUSTODIA DE TITULOS PUBLICOS	BR	NSPD	2011-01-24	2011-01-24					AALGVYK6RWPEUC46UZ70	RIO DE JANEIRO	WWW4.BCB.GOV.BR	SELIC (SISTEMA ESPECIAL DE LIQUIDACAO E CUSTODIA DE TITULOS PUBLICOS - IN ENGLISH: SPECIAL SYSTEM FOR CUSTODY AND SETTLEMENT OF PUBLIC SECURITIES) IS THE CENTRAL CUSTODIAN FOR ALL SECURITIES EMITTED BY THE BRAZILIAN NATIONAL TREASURY.
SEMX	OPERATING	ACTIVE	SEMX	SEMOPX	IE	NSPD	2017-12-25	2017-12-25					549300V1ZX6X7NWD2Q47	DUBLIN	WWW.SEM-O.COM	
SEND	SEGMENT	ACTIVE	BMEX	SEND - SISTEMA ELECTRONICO DE NEGOCIACION DE DEUDA	ES	RMKT	2010-06-28	2024-05-27	2024-05-27		BOLSAS Y MERCADOS ESPAÑOLES RENTA FIJA, S.A.U	SEND	95980096HCV0D0TYCR12	MADRID	WWW.BOLSASYMERCADOS.ES/BME-EXCHANGE/	SEND IS AN ELECTRONIC TRADING PLATFORM, DEVELOPED BY AIAF MERCADO DE RENTA FIJA, DESIGNED FOR THE TRADING OF RETAIL DISTRIBUTED FIXED INCOME SECURITIES LISTED IN THIS MARKET.
SEOB	SEGMENT	ACTIVE	XSTO	NASDAQ STOCKHOLM AB - OTC SEK WB EQ DERIVATIVES	SE	RMKT	2022-04-25	2022-04-25			NASDAQ STOCKHOLM AB		549300KBQIVNEJEZVL96	STOCKHOLM	WWW.NASDAQOMXNORDIC.COM	
SEPE	OPERATING	ACTIVE	SEPE	STOCK EXCHANGE PERSPECTIVA	UA	NSPD	2010-05-24	2010-05-24						DNIPROPETROVSK	FBP.COM.UA	
SEWB	SEGMENT	ACTIVE	XSTO	NASDAQ STOCKHOLM AB - SEK WB EQ DERIVATIVES	SE	RMKT	2022-04-25	2022-04-25			NASDAQ STOCKHOLM AB		549300KBQIVNEJEZVL96	STOCKHOLM	WWW.NASDAQOMXNORDIC.COM	
SFCL	OPERATING	ACTIVE	SFCL	SWISSCANTO FUNDS CENTRE LIMITED	GB	NSPD	2017-10-23	2017-10-23					213800OS3ZBK5VOTKW82	LONDON	WWW.SWISSCANTO.CO.UK	PRIMARY MARKET FOR FUNDS.
SFMP	OPERATING	ACTIVE	SFMP	FIS SECURITIES FINANCE MATCHING PLATFORM	GB	MLTF	2024-04-22	2024-04-22	2024-04-22		PLATFORM SECURITIES LLP	SFMP	213800DGZGQGCLREAY39	LONDON	HTTPS://WWW.FISGLOBAL.COM/EN/SOLUTIONS-LEGAL/PLATFORM-SECURITIES	
SFOX	OPERATING	ACTIVE	SFOX	SFOX	US	CASP	2022-03-28	2022-03-28			SFOX INC.	SFOX	549300ZEB7CLQ2GVMG42	LOS ANGELES	WWW.SFOX.COM	BITCOIN AND CRYPTOASSET PRIME DEALER.
SGA2	SEGMENT	ACTIVE	SGAS	SG AMERICAS SECURITIES, LLC - SECOND VENUE	US	NSPD	2020-10-26	2020-10-26			SG AMERICAS SECURITIES, LLC	SGAS	549300F35UE0BOM1WJ55	NEW YORK	WWW.SGCIB.COM	US BROKER DEALER.
SGAS	OPERATING	ACTIVE	SGAS	SG AMERICAS SECURITIES, LLC	US	NSPD	2019-02-25	2019-02-25				SGAS	549300F35UE0BOM1WJ55	NEW YORK	WWW.SGCIB.COM	US BROKER DEALER.
SGBX	SEGMENT	ACTIVE	GSCO	SIGMA X2 - BENCHMARK CROSS	US	ATSS	2025-06-23	2025-06-23	2025-06-23		GOLDMAN SACHS & CO. LLC		FOR8UP27PHTHYVLBNG30	NEW YORK	WWW.GOLDMANSACHS.COM	SIGMA X2 (SGMT) IS THE ATS OF REGISTERED BROKER-DEALER GOLDMAN SACHS AND CO (GSCO).
SGEX	OPERATING	ACTIVE	SGEX	SHANGHAI GOLD EXCHANGE	CN	NSPD	2006-06-26	2024-04-22	2024-04-22			SGE	3003004V7M6KK9GJNJ25	SHANGHAI	WWW.SGE.SH	
SGMA	OPERATING	ACTIVE	SGMA	GOLDMAN SACH MTF	US	NSPD	2008-03-24	2008-03-24					549300CWUTEDC3CFJ739	NEW YORK	WWW2.GOLDMANSACHS.COM	GS'S MTF. IMPLEMENTATION DATE: FEBRUARY 1ST 2008
SGMT	SEGMENT	ACTIVE	GSCO	SIGMA X2	US	ATSS	2016-12-26	2025-06-23	2025-06-23		GOLDMAN SACHS & CO. LLC	SGMT	FOR8UP27PHTHYVLBNG30	NEW YORK	WWW.GOLDMANSACHS.COM	SIGMA X2 (SGMT) IS THE ATS OF REGISTERED BROKER-DEALER GOLDMAN SACHS AND CO (GSCO).
SGMU	OPERATING	ACTIVE	SGMU	SIGMA X EUROPE NON-DISPLAYED BOOK	FR	MLTF	2020-09-28	2020-09-28			GOLDMAN SACHS PARIS INC. AND CO.	GSPIC	ZSLF02UC3X1JFV1UX676	PARIS	HTTP://GSET.GS.COM/SIGMAXMTF	
SGMV	SEGMENT	ACTIVE	SGMU	SIGMA X EUROPE AUCTION BOOK	FR	MLTF	2020-09-28	2020-09-28			GOLDMAN SACHS PARIS INC. AND CO.		ZSLF02UC3X1JFV1UX676	PARIS	HTTP://GSET.GS.COM/SIGMAXMTF	
SGMW	SEGMENT	ACTIVE	SGMU	SIGMA X EUROPE NEGOTIATED TRADE	FR	MLTF	2020-09-28	2020-09-28			GOLDMAN SACHS PARIS INC. AND CO.		ZSLF02UC3X1JFV1UX676	PARIS	HTTP://GSET.GS.COM/SIGMAXMTF	
SGMX	OPERATING	ACTIVE	SGMX	SIGMA X MTF NON-DISPLAYED BOOK	GB	MLTF	2010-02-22	2023-10-23	2023-10-23		GOLDMAN SACHS INTERNATIONAL BANK		N9FYJ29MC81JI74MJE92	LONDON	HTTP://GSET.GS.COM/SIGMAXMTF/	ELECTRONIC TRADING PLATFORM FOR EUROPEAN EQUITIES.
SGMY	SEGMENT	ACTIVE	SGMX	SIGMA X MTF - AUCTION BOOK	GB	MLTF	2017-06-26	2023-10-23	2023-10-23		GOLDMAN SACHS INTERNATIONAL BANK		N9FYJ29MC81JI74MJE92	LONDON	HTTP://GSET.GS.COM/SIGMAXMTF/	AUCTION BOOK.
SGMZ	SEGMENT	ACTIVE	SGMX	SIGMA X MTF - NEGOTIATED TRADE	GB	MLTF	2019-11-25	2023-10-23	2023-10-23		GOLDMAN SACHS INTERNATIONAL BANK		N9FYJ29MC81JI74MJE92	LONDON	HTTP://GSET.GS.COM/SIGMAXMTF/	
SGOE	OPERATING	ACTIVE	SGOE	SG OPTION EUROPE	FR	SINT	2018-02-26	2018-02-26				SGOE SI	969500FDN8G43HMHZM83	PARIS	WWW.SGCIB.COM	SG OPTION EUROPE - SYSTEMATIC INTERNALISER BUSINESSES.
SHAD	SEGMENT	ACTIVE	SHAW	D.E. SHAW DARK	US	NSPD	2011-05-23	2011-05-23					TNWE6LERP1CI9IDAZB80	NEW YORK	WWW.DESHAW.COM	DARK POOL.
SHAR	OPERATING	ACTIVE	SHAR	ASSET MATCH	GB	NSPD	2007-09-24	2012-12-24					21380095NEP4KIHOWO82	AYLESBURY	WWW.SHAREMARK.COM	
SHAW	OPERATING	ACTIVE	SHAW	D.E. SHAW	US	NSPD	2011-05-23	2011-05-23					TNWE6LERP1CI9IDAZB80	NEW YORK	WWW.DESHAW.COM	
SHSC	SEGMENT	ACTIVE	XHKG	STOCK EXCHANGE OF HONG KONG LIMITED - SHANGHAI - HONG KONG STOCK CONNECT	HK	NSPD	2014-08-25	2014-08-25				SEHK	213800YTVSXYQN17BW16	HONG KONG	WWW.HKEX.COM.HK	MAINLAND INVESTORS TRADING IN SEHK SECURITIES UNDER SHANGHAI-HONG KONG STOCK CONNECT
SIAB	OPERATING	ACTIVE	SIAB	ALIOR BANK	PL	SINT	2018-08-27	2023-04-24	2023-04-24		ALIOR BANK		259400QHDOZWMJ103294	WARSAW	WWW.ALIORBANK.PL	SYSTEMATIC INTERNALISER.
SIBC	OPERATING	ACTIVE	SIBC	SIB CYPRUS LTD	CY	SINT	2018-09-24	2018-09-24				SIB	F68F5WN6OGTEHIP5ZT82	NICOSIA	WWW.SIB.COM.CY	SYSTEMATIC INTERNALISER.
SICS	SEGMENT	ACTIVE	CSEU	CREDIT SUISSE SECURITIES (EUROPE) LIMITED	GB	SINT	2017-08-28	2017-08-28				CSSEL SI	DL6FFRRLF74S01HE2M14	LONDON	WWW.CREDIT-SUISSE.COM	SYSTEMATIC INTERNALISER.
SIDX	OPERATING	ACTIVE	SIDX	SCOTIABANK (IRELAND) DESIGNATED ACTIVITY COMPANY	IE	SINT	2021-02-22	2021-02-22	2021-02-22		SCOTIABANK (IRELAND) DESIGNATED ACTIVITY COMPANY	SIDAC	747DLM6L5TO7LXZY5T60	DUBLIN	WWW.SCOTIABANK.COM	SYSTEMATIC INTERNALISER.
SIFX	OPERATING	ACTIVE	SIFX	SIEGE FX LIMITED	GB	OTHR	2021-02-22	2021-02-22	2022-02-21		SIEGE FX LIMITED		254900BS9K61FESAAY23	LONDON	WWW.SIEGEFX.COM	
SIG2	OPERATING	ACTIVE	SIG2	SIGMA X2 - JAPAN	JP	OTHR	2026-05-25	2026-05-25	2026-05-25		GOLDMAN SACHS (ASIA) L.L.C.		549300NIUPNUFRZ8LJ52	TOKYO	WWW.GSET.GS.COM	
SIGA	OPERATING	ACTIVE	SIGA	SIGMA X AUSTRALIA	AU	ATSS	2012-02-27	2012-02-27						SYDNEY	WWW.GSET.GS.COM	ALTERNATIVE TRADING SYSTEM (ATS)OPERATED BY GOLDMAN SACHS
SIGB	SEGMENT	ACTIVE	SIG2	SIGMA X2 BMX	JP	OTHR	2026-05-25	2026-06-22	2026-06-22		GOLDMAN SACHS (ASIA) L.L.C.		549300NIUPNUFRZ8LJ52	TOKYO	WWW.GSET.GS.COM	BENCHMARK CROSS (BMX)
SIGH	SEGMENT	ACTIVE	GSAL	SIGMA X HONG KONG	HK	NSPD	2012-03-26	2023-06-26			GOLDMAN SACHS (ASIA) L.L.C.	GSET	549300NIUPNUFRZ8LJ52	HONG KONG	WWW.GSET.GS.COM	
SIGJ	OPERATING	ACTIVE	SIGJ	SIGMA X JAPAN	JP	ATSS	2012-02-27	2012-02-27						TOKYO	WWW.GSET.GS.COM	ALTERNATIVE TRADING SYSTEM (ATS)OPERATED BY GOLDMAN SACHS
SIGX	OPERATING	EXPIRED	SIGX	SIGMA X CANADA	US	ATSS	2011-07-25	2014-06-23		2014-06-23				BOSTON	HTTP://GSET.GS.COM/	SIGMA X CANADA IS GOLDMAN SACHS CANADA INC'S NON-DISPLAYED ATS.
SIMD	SEGMENT	ACTIVE	CSMD	CREDIT SUISSE BANK (EUROPE), S.A. - SYSTEMATIC INTERNALISER	ES	SINT	2018-12-24	2022-03-28	2022-03-28		CREDIT SUISSE BANK (EUROPE), S.A.		959800TMGPWX7NYM4R72	MADRID	WWW.CREDIT-SUISSE.COM	SYSTEMATIC INTERNALISER.
SIMV	OPERATING	ACTIVE	SIMV	SIM VENTURE SECURITIES EXCHANGE	AU	NSPD	2011-12-26	2011-12-26						SYDNEY	WWW.SIMVSE.COM.AU	
SISI	OPERATING	ACTIVE	SISI	SUSQUEHANNA INTERNATIONAL SECURITIES LIMITED	IE	SINT	2018-06-25	2018-06-25				SISI	635400IAV22ZOU1NFS89	DUBLIN	HTTPS://SIG.COM/	SYSTEMATIC INTERNALISER.
SISU	OPERATING	ACTIVE	SISU	SUSQUEHANNA INTERNATIONAL SECURITIES LIMITED - LONDON BRANCH	GB	SINT	2022-04-25	2022-04-25			SUSQUEHANNA INTERNATIONAL SECURITIES LIMITED		635400IAV22ZOU1NFS89	LONDON	HTTPS://SIG.COM/	
SKBB	OPERATING	ACTIVE	SKBB	SKB BANKA D.D. LJUBLJANA	SI	NSPD	2020-04-27	2020-04-27					549300H7CCQ6BSQBGG72	LJUBLJANA	WWW.SKB.SI	
SKSI	OPERATING	ACTIVE	SKSI	SPAREKASSEN KRONJYLLAND	DK	SINT	2017-11-27	2017-11-27					529900J35NSHS856UA68	RANDERS	WWW.SPARKRON.DK	SYSTEMATIC INTERNALISER.
SKYX	OPERATING	ACTIVE	SKYX	SKYTRA	GB	NSPD	2020-02-24	2020-02-24					254900Y389SLBTPDX711	LONDON	WWW.SKYTRA.COM	
SLHB	OPERATING	ACTIVE	SLHB	SALZBURGER LANDES-HYPOTHEKENBANK	AT	SINT	2018-09-24	2018-09-24					5299005BG2M7ZL8HDK23	SALZBURG	WWW.HYPOSALZBURG.AT	SYSTEMATIC INTERNALISER.
SLKK	SEGMENT	EXPIRED	XMTS	MTS SLOVAKIA	GB	NSPD	2017-11-27	2019-04-22		2019-04-22			213800OANOWGT2KW8O63	LONDON	WWW.MTSMARKETS.COM	
SLXT	OPERATING	EXPIRED	SLXT	SL-X - SECURITIES LENDING MTF	GB	NSPD	2013-06-24	2015-07-27		2015-07-27				LONDON	WWW.SL-X.COM	SECURITIES LENDING MTF
SMBB	OPERATING	ACTIVE	SMBB	SUMITOMO MITSUI BANKING CORPORATION - BRUSSELS BRANCH	BE	SINT	2018-07-23	2018-07-23					5U0XI89JRFVHWIBS4F54	BRUSSELS	WWW.SMBCGROUP.COM	SYSTEMATIC INTERNALISER.
SMBC	OPERATING	ACTIVE	SMBC	SMBC NIKKO SNET DARKPOOL	JP	SINT	2022-02-28	2022-02-28	2022-02-28		SMBC NIKKO SECURITIES INC.		549300HIK4TTS0OCL437	TOKYO	WWW.SMBCNIKKO.CO.JP	SYSTEMATIC INTERNALISER.
SMBD	OPERATING	ACTIVE	SMBD	SUMITOMO MITSUI BANKING CORPORATION - DUESSELDORF BRANCH	DE	SINT	2018-07-23	2018-07-23					5U0XI89JRFVHWIBS4F54	DUESSELDORF	WWW.SMBCGROUP.COM	SYSTEMATIC INTERNALISER.
SMBE	OPERATING	ACTIVE	SMBE	SUMITOMO MITSUI BANKING CORPORATION EUROPE LIMITED	GB	NSPD	2018-07-23	2018-07-23					NT7C58H5HPZYKZDPOO64	LONDON	WWW.SMBCGROUP.COM	INCLUDING EEA BRANCHES.
SMBG	OPERATING	ACTIVE	SMBG	SUMITOMO MITSUI BANKING CORPORATION - LONDON BRANCH	GB	SINT	2018-07-23	2018-07-23					5U0XI89JRFVHWIBS4F54	LONDON	WWW.SMBCGROUP.COM	SYSTEMATIC INTERNALISER.
SMBP	OPERATING	ACTIVE	SMBP	SUMITOMO MITSUI BANKING CORPORATION EUROPE LIMITED - PARIS BRANCH	FR	NSPD	2018-07-23	2018-07-23					NT7C58H5HPZYKZDPOO64	PARIS	WWW.SMBCGROUP.COM	
SMEX	OPERATING	ACTIVE	SMEX	SINGAPORE MERCANTILE EXCHANGE PTE LTD	SG	NSPD	2009-12-28	2009-12-28					549300FKHU9M1PAGIO86	SINGAPORE	WWW.SMX.COM.SG	SMX IS ASIA'S FIRST MULTI-PRODUCT GLOBAL COMMODITY DERIVATIVES EXCHANGE.
SMFE	OPERATING	ACTIVE	SMFE	SMALL EXCHANGE, INC - DESIGNATED CONTRACT MARKET	US	NSPD	2019-02-25	2019-02-25					549300PHNISXLW3TXM87	CHICAGO	WWW.THESMALLEXCHANGE.COM	DESIGNATED CONTRACT MARKET.
SMFF	OPERATING	ACTIVE	SMFF	SMBC BANK EU AG	DE	SINT	2019-02-25	2019-02-25					9676007O0UF5YB3QPR03	FRANKFURT	WWW.SMBCGROUP.COM/EMEA/	SYSTEMATIC INTERNALISER.
SMTS	SEGMENT	EXPIRED	XMTS	MTS SPAIN	GB	NSPD	2011-02-28	2019-04-22		2019-04-22			213800OANOWGT2KW8O63	LONDON	WWW.MTSSPAIN.COM	
SNSI	OPERATING	ACTIVE	SNSI	SPAR NORD BANK	DK	SINT	2017-05-22	2017-05-22					549300DHT635Q5P8J715	AALBORG	WWW.SPARNORD.DK	SYSTEMATIC INTERNALISER.
SNUK	OPERATING	ACTIVE	SNUK	SANTANDER UK	GB	SINT	2019-04-22	2019-04-22				SNUK	PTCQB104N23FMNK2RZ28	LONDON	WWW.SANTANDERGCB.CO.UK	SYSTEMATIC INTERNALISER.
SOHO	OPERATING	ACTIVE	SOHO	TWO SIGMA SECURITIES, LLC	US	NSPD	2014-08-25	2014-08-25				SOHO	549300E6LSX52T58QB70	NEW YORK	WWW.TWOSIGMASECURITIES.COM	MARKET MAKER FOR US EXCHANGE LISTED EQUITIES
SPAD	SEGMENT	EXPIRED	XPRA	SPAD TRADING	CZ	NSPD	2010-05-24	2013-03-25		2013-03-25				PRAGUE	WWW.PSE.CZ	SYSTEM FOR SUPPORT OF THE SHARE AND BOND MARKETS.
SPAX	OPERATING	ACTIVE	SPAX	SPECTRAXE	US	SEFS	2022-04-25	2022-04-25			SPECTRAXE, LLC		549300FM6WZ691YSFT22	NEW YORK	WWW.SPECTRAXE.COM	
SPBE	OPERATING	ACTIVE	SPBE	SPB EXCHANGE - ALL MARKETS	RU	NSPD	2021-03-22	2021-07-26	2021-07-26		PUBLIC JOINT-STOCK COMPANY SPB EXCHANGE	SPB	253400T8G8SXRUHTL526	MOSCOW	HTTPS://SPBEXCHANGE.RU	SHARES, DEPOSITARY RECEIPTS, GOVERNMENT BONDS, STRUCTURED FINANCE PRODUCTS, SPOT COMMODITIES.
SPDK	SEGMENT	ACTIVE	XSAT	SPOTLIGHT STOCK MARKET DENMARK	SE	MLTF	2023-10-23	2023-10-23	2023-10-23		SPOTLIGHT STOCK MARKET AB		54930035ZLP36ALFE803	STOCKHOLM	WWW.SPOTLIGHTSTOCKMARKET.COM	
SPDX	OPERATING	ACTIVE	SPDX	SPREADEX	GB	NSPD	2018-10-22	2018-10-22					213800D8Y3L51SB9F532	ST ALBANS	WWW.SPREADEX.COM	ELECTRONIC TRADING PLATFORM FOR OTC DERIVATIVES.
SPEC	OPERATING	ACTIVE	SPEC	MAREX SPECTRON INTERNATIONAL LIMITED OTF	GB	OTFS	2007-09-24	2024-03-25	2024-03-25		MAREX SPECTRON INTERNATIONAL LIMITED	MSIL OTF	549300FR3U1PB1Y6LV13	LONDON	WWW.MAREX.COM	ORGANISED TRADING FACILITY FOR OTC DERIVATIVES.
SPEU	SEGMENT	ACTIVE	XSAT	SPOTLIGHT STOCK MARKET EUROPE	SE	MLTF	2023-10-23	2023-10-23	2023-10-23		SPOTLIGHT STOCK MARKET AB		54930035ZLP36ALFE803	STOCKHOLM	WWW.SPOTLIGHTSTOCKMARKET.COM	
SPEX	OPERATING	ACTIVE	SPEX	SPECTRUM MARKETS	DE	MLTF	2019-03-25	2019-09-23					213800EZGQRSM45JOO34	FRANKFURT	WWW.SPECTRUM-MARKETS.COM	REGULATED MULTILATERAL TRADING FACILITY FOR TURBO WARRANT-TRADING.
SPFI	SEGMENT	ACTIVE	XSAT	SPOTLIGHT STOCK MARKET FINLAND	SE	MLTF	2023-10-23	2023-10-23	2023-10-23		SPOTLIGHT STOCK MARKET AB		54930035ZLP36ALFE803	STOCKHOLM	WWW.SPOTLIGHTSTOCKMARKET.COM	
SPHR	SEGMENT	ACTIVE	MIHI	MIAX SAPPHIRE, LLC	US	RMKT	2023-07-24	2023-08-28	2023-08-28		MIAX SAPPHIRE, LLC	SPHR		PRINCETON	WWW.MIAXGLOBAL.COM	MIAX SAPPHIRE: ELECTRONIC AND FLOOR TRADING FOR DERIVATIVES.
SPIM	OPERATING	ACTIVE	SPIM	ST. PETERSBURG INTERNATIONAL MERCANTILE EXCHANGE	RU	NSPD	2011-03-28	2011-03-28				SPIMEX		SAINT-PETERSBURG	WWW.S-PIMEX.RU	REGISTERD COMMODITIES MARKET - OIL.
SPNO	SEGMENT	ACTIVE	XSAT	SPOTLIGHT STOCK MARKET NORWAY	SE	MLTF	2023-10-23	2023-10-23	2023-10-23		SPOTLIGHT STOCK MARKET AB		54930035ZLP36ALFE803	STOCKHOLM	WWW.SPOTLIGHTSTOCKMARKET.COM	
SPRZ	OPERATING	ACTIVE	SPRZ	SPREADZERO	GB	NSPD	2009-09-28	2009-09-28						LONDON	WWW.SPREADZERO.COM	ELECTRONIC CROSSING PLATFORM
SPSD	SEGMENT	ACTIVE	XSAT	SPOTLIGHT STOCK MARKET ETP	SE	MLTF	2025-05-26	2025-05-26	2025-05-26		SPOTLIGHT STOCK MARKET AB		54930035ZLP36ALFE803	STOCKHOLM	WWW.SPOTLIGHTSTOCKMARKET.COM	
SPTR	OPERATING	ACTIVE	SPTR	SPAREBANK 1 SMN	NO	SINT	2019-02-25	2019-02-25					7V6Z97IO7R1SEAO84Q32	TRONDHEIM	WWW.SMN.NO	SYSTEMATIC INTERNALISER.
SPTX	OPERATING	ACTIVE	SPTX	SPOT FX	US	OTHR	2022-02-28	2022-02-28	2022-02-28		SPOTEX LLC	SPOTEX	98450055C2FB0C474126	JERSEY CITY	HTTPS://SPOTEX.COM/	SPOTEX IS AN INSTITUTIONAL FOREIGN EXCHANGE ECN. OUR CLIENTS ARE PRIME BROKERS, HEDGE FUNDS, AND AUTOMATED TRADING SYSTEMS.
SPXE	OPERATING	ACTIVE	SPXE	SPX	SK	NSPD	2015-06-22	2015-06-22				SPX	097900BFDY0000023584	ZILINA	WWW.SPX.SK	ELECTRONIC TRADING PLATFORM FOR OTC DERIVATIVES - SLOVAK AND CZECH POWER AND GAS.
SQUA	OPERATING	ACTIVE	SQUA	SQUARE GLOBAL - OTF	GB	OTFS	2017-11-27	2017-11-27					213800MR2O27473V4D51	LONDON	WWW.SQUAREGLOBALMARKETS.COM	ORGANISED TRADING FACILITY FOR OTC EQUITY DERIVATIVES.
SRPT	OPERATING	ACTIVE	SRPT	SPEEDROUTE LLC	US	OTHR	2025-01-27	2025-01-27	2025-01-27		SPEEDROUTE LLC		254900S2JNLH9PNBR276	JERSEY CITY	WWW.SPEEDROUTE.COM	
SSBI	OPERATING	ACTIVE	SSBI	STATE STREET BANK INTERNATIONAL GMBH	DE	NSPD	2017-11-27	2017-12-25				SSBI	ZMHGNT7ZPKZ3UFZ8EO46	MUNICH	WWW.STATESTREET.COM	
SSBM	SEGMENT	ACTIVE	SSBI	STATE STREET BANK INTERNATIONAL FX	DE	SINT	2017-11-27	2017-12-25				SSBI	ZMHGNT7ZPKZ3UFZ8EO46	MUNICH	WWW.STATESTREET.COM	STATE STREET FOREIGN EXCHANGE SYSTEMATIC INTERNALISER.
SSBT	OPERATING	ACTIVE	SSBT	STATE STREET BANK AND TRUST COMPANY	GB	NSPD	2017-11-27	2017-11-27				SSBTCO	571474TGEMMWANRLN572	LONDON	WWW.STATESTREET.COM	
SSEX	OPERATING	ACTIVE	SSEX	SOCIAL STOCK EXCHANGE	GB	NSPD	2013-07-22	2013-07-22				SSE		LONDON	WWW.SOCIALSTOCKEXCHANGE.COM	THE SSE GIVES INVESTORS ACCESS TO INFORMATION ON PUBLICLY LISTED BUSINESSES WITH STRONG SOCIAL AND ENVIRONMENTAL PURPOSE.
SSFX	SEGMENT	ACTIVE	SSBT	STATE STREET BANK AND TRUST FX	GB	SINT	2017-11-27	2017-11-27				SSBTCO	571474TGEMMWANRLN572	LONDON	WWW.STATESTREET.COM	STATE STREET FOREIGN EXCHANGE SYSTEMATIC INTERNALISER.
SSIL	OPERATING	ACTIVE	SSIL	STATE STREET BANK INTERNATIONAL FX - LONDON BRANCH	GB	SINT	2019-03-25	2019-03-25				SSIL	ZMHGNT7ZPKZ3UFZ8EO46	LONDON	WWW.STATESTREET.COM	STATE STREET FOREIGN EXCHANGE SYSTEMATIC INTERNALISER.
SSME	SEGMENT	ACTIVE	XSTO	FIRST NORTH SWEDEN - SME GROWTH MARKET	SE	MLTF	2018-11-26	2023-09-25	2023-09-25		NASDAQ STOCKHOLM AB		549300KBQIVNEJEZVL96	STOCKHOLM	NASDAQOMXNORDIC.COM	
SSOB	SEGMENT	ACTIVE	MTSO	BONDVISION EUROPE MTF	IT	MLTF	2010-05-24	2023-04-24	2023-04-24		MTS S.P.A.		213800ZMKPUV1VKLCT69	ROME	WWW.MTSMARKETS.COM	CORPORATE BONDS, COVERED BONDS, ETFS, SUPRANATIONAL, SOVEREIGN AND AGENCY (SSA).
SSTX	OPERATING	ACTIVE	SSTX	E-EXCHANGE	US	NSPD	2012-03-26	2012-03-26				EEXCHANGE		BOSTON		
SSWM	OPERATING	EXPIRED	SSWM	SSW MARKET MAKING	DE	SINT	2017-11-27	2017-11-27		2020-10-26		SSWMM	529900HXJ1XD6KSE5V15	OSTSTEINBEK	WWW.SSW-MARKETMAKING.COM	SYSTEMATIC INTERNALISER.
STAL	OPERATING	EXPIRED	STAL	SCHNEIDER OTF	GB	OTFS	2017-06-26	2018-02-26		2018-02-26				LONDON	WWW.SCHNEIDERTRADING.COM	ELECTRONIC/VOICE HYBRID TRADING PLATFORM FOR BONDS AND OTC DERIVATIVES.
STAN	OPERATING	ACTIVE	STAN	STANDARD CHARTERED	GB	SINT	2017-08-28	2017-08-28						LONDON	WWW.SC.COM	SYSTEMATIC INTERNALISER
STEE	SEGMENT	EXPIRED	NORX	NASDAQ COMMODITIES - STEEL COMMODITY	NO	NSPD	2017-04-24	2017-04-24	2017-04-24	2017-10-23	NASDAQ OSLO ASA		5493003IZZWOHHJY1L88	OSLO	WWW.NASDAQOMX.COM/COMMODITIES/	
STFL	OPERATING	ACTIVE	STFL	STIFEL NICOLAUS EUROPE LIMITED	GB	SINT	2018-09-24	2018-09-24					213800BVEFNZ8UYPKL03	LONDON	WWW.STIFEL.COM/INSTITUTIONAL/STIFELEUROPE	SYSTEMATIC INTERNALISER
STFU	OPERATING	EXPIRED	STFU	STIFEL, NICOLAUS AND COMPANY, INCORPORATED	US	SINT	2019-11-25	2020-01-27		2020-01-27		STFL	5WUVMA08EYG4KEUPW589	NEW YORK		SYSTEMATIC INTERNALISER.
STFX	OPERATING	ACTIVE	STFX	STIFEL, NICOLAUS AND COMPANY, INCORPORATED	US	ATSS	2020-01-27	2020-01-27				STFL	5WUVMA08EYG4KEUPW589	NEW YORK		ALTERNATIVE TRADING SYSTEM.
STOX	OPERATING	ACTIVE	STOX	STOXX LIMITED	CH	NSPD	2012-08-27	2024-04-22	2024-04-22		STOXX AG		529900G27B01O3PYWN37	ZURICH	WWW.STOXX.COM	
STRM	OPERATING	ACTIVE	STRM	PURESTREAM	US	NSPD	2021-02-22	2021-02-22	2021-02-22		PURESTREAM LLC			NEW YORK	WWW.PURESTREAM.TECH	
STRT	SEGMENT	EXPIRED	XPRA	PRAGUE STOCK EXCHANGE - START (MTF)	CZ	NSPD	2014-03-24	2016-01-25		2016-01-25		PSE	315700KVEWB12APT2364	PRAGUE	WWW.PSE.CZ	UNREGULATED MARKET OF THE PRAGUE STOCK EXCHANGE.
STSI	OPERATING	EXPIRED	STSI	SUN TRADING INTERNATIONAL	GB	SINT	2017-07-24	2018-12-24		2018-12-24			2138001OUGFX5QYSAM43	LONDON	WWW.HUDSON-TRADING.COM	SYSTEMATIC INTERNALISER. AFTER ITS ACQUISITION BY HUDSON RIVER TRADING, SUN TRADING INTERNATIONAL HAS CEASED DEALING AND HAS BEEN DE-AUTHORISED.
STUA	SEGMENT	ACTIVE	XSTU	BOERSE STUTTGART - REGULIERTER MARKT	DE	RMKT	2008-02-25	2023-05-22	2023-05-22		BADEN-WURTTEMBERGISCHE WERTPAPIERBOERSE GMBH		529900A0WHA0NVXY0G45	STUTTGART	WWW.BOERSE-STUTTGART.DE	
STUB	SEGMENT	ACTIVE	XSTU	BOERSE STUTTGART - FREIVERKEHR	DE	MLTF	2008-02-25	2023-05-22	2023-05-22		BOERSE STUTTGART GMBH		529900A0WHA0NVXY0G45	STUTTGART	WWW.BOERSE-STUTTGART.DE	
STUC	SEGMENT	ACTIVE	XSTU	BOERSE STUTTGART - REGULIERTER MARKT - TECHNICAL PLATFORM 2	DE	RMKT	2017-02-27	2023-05-22	2023-05-22		BADEN-WURTTEMBERGISCHE WERTPAPIERBOERSE GMBH		529900A0WHA0NVXY0G45	STUTTGART	WWW.BOERSE-STUTTGART.DE	FOR REPORTING PURPOSE.
STUD	SEGMENT	ACTIVE	XSTU	BOERSE STUTTGART - FREIVERKEHR - TECHNICAL PLATFORM 2	DE	MLTF	2017-02-27	2023-05-22	2023-05-22		BOERSE STUTTGART GMBH		529900A0WHA0NVXY0G45	STUTTGART	WWW.BOERSE-STUTTGART.DE	FOR REPORTING PURPOSE.
STUE	SEGMENT	ACTIVE	XSTU	BOERSE STUTTGART - REGULIERTER MARKT - TECHNICAL PLATFORM 3	DE	RMKT	2021-07-26	2023-05-22	2023-05-22		BADEN-WURTTEMBERGISCHE WERTPAPIERBOERSE GMBH		529900A0WHA0NVXY0G45	STUTTGART	WWW.BOERSE-STUTTGART.DE	
STUF	SEGMENT	ACTIVE	XSTU	BOERSE STUTTGART - FREIVERKEHR - TECHNICAL PLATFORM 3	DE	MLTF	2021-07-26	2023-05-22	2023-05-22		BADEN-WURTTEMBERGISCHE WERTPAPIERBOERSE GMBH		529900A0WHA0NVXY0G45	STUTTGART	WWW.BOERSE-STUTTGART.DE	
STUH	SEGMENT	ACTIVE	XSTU	BOERSE STUTTGART - FREIVERKEHR - TECHNICAL PLATFORM 4	DE	MLTF	2024-08-26	2024-08-26	2024-08-26		BADEN-WURTTEMBERGISCHE WERTPAPIERBOERSE GMBH		529900A0WHA0NVXY0G45	STUTTGART	WWW.BOERSE-STUTTGART.DE	
STUJ	SEGMENT	ACTIVE	XSTU	BOERSE STUTTGART - FREIVERKEHR - DLT	DE	MLTF	2026-03-23	2026-03-23	2026-03-23		BADEN-WURTTEMBERGISCHE WERTPAPIERBOERSE GMBH		529900A0WHA0NVXY0G45	STUTTGART	WWW.BOERSE-STUTTGART.DE	
STUL	SEGMENT	ACTIVE	XSTU	BOERSE STUTTGART - FREIVERKEHR - TECHNICAL PLATFORM 2 - DLT	DE	MLTF	2026-03-23	2026-03-23	2026-03-23		BADEN-WURTTEMBERGISCHE WERTPAPIERBOERSE GMBH		529900A0WHA0NVXY0G45	STUTTGART	WWW.BOERSE-STUTTGART.DE	
STXS	OPERATING	ACTIVE	STXS	STX FIXED INCOME	NL	SINT	2021-12-27	2023-08-28	2023-08-28		STX FIXED INCOME B.V.		549300PO3ZPO1TWBWB20	AMSTERDAM	HTTPS://STXFIXEDINCOME.COM	
STXX	OPERATING	ACTIVE	STXX	BIT2ME SECURITY TOKENS EXCHANGE - STX	ES	OTHR	2025-08-25	2025-08-25	2025-08-25		BIT2ME SECURITY TOKENS EXCHANGE STX SA	STX	95980067BSVZT202RX33	MADRID	HTTPS://BIT2ME.COM/ES/STX	
SUNB	OPERATING	EXPIRED	SUNB	SUNRISE BROKERS	GB	NSPD	2017-10-23	2022-01-24	2022-01-24	2022-01-24	SUNRISE BROKERS LLP		549300HFHGOLW672FG74	LONDON	WWW.SUNRISEBROKERS.COM	
SUNM	SEGMENT	EXPIRED	SUNB	SUNRISE - MTF	GB	MLTF	2017-10-23	2018-03-26		2018-03-26	SUNRISE BROKERS LLP		549300HFHGOLW672FG74	LONDON	WWW.SUNRISEBROKERS.COM	MULTILATERAL TRADING FACILITY.
SUNO	SEGMENT	EXPIRED	SUNB	SUNRISE - OTF	GB	OTFS	2017-10-23	2022-01-24	2022-01-24	2022-01-24	SUNRISE BROKERS LLP		549300HFHGOLW672FG74	LONDON	WWW.SUNRISEBROKERS.COM	ORGANISED TRADING FACILITY.
SUNT	OPERATING	ACTIVE	SUNT	SUN TRADING LLC	US	RMKT	2017-10-23	2017-10-23					549300Y25EQ2KE94BO75	CHICAGO	WWW.SUNTRADINGLLC.COM	SINGLE DEALER PLATFORM FOR US EQUITIES.
SVES	SEGMENT	ACTIVE	SVEX	SVENSKA HANDELSBANKEN AB	SE	SINT	2017-11-27	2017-11-27				SVEX	NHBDILHZTYCNBV5UYZ31	STOCKHOLM	WWW.HANDELSBANKEN.SE	SYSTEMATIC INTERNALISER.
SVEX	OPERATING	ACTIVE	SVEX	SVENSKA HANDELSBANKEN AB - SVEX	SE	NSPD	2017-11-27	2017-11-27				SVEX	NHBDILHZTYCNBV5UYZ31	STOCKHOLM	WWW.HANDELSBANKEN.SE	
SVXI	OPERATING	ACTIVE	SVXI	SAINT VINCENT AND THE GRENADINES SECURITIES EXCHANGE	VC	RMKT	2019-04-22	2019-04-22				SVGEX	8945001R4JGZRMTLRM44	KINGSTOWN	WWW.SVGEX.COM	REGISTERED MARKET FOR EQUITIES AND BONDS.
SWAP	OPERATING	ACTIVE	SWAP	SWAPSTREAM	GB	NSPD	2007-09-24	2007-09-24						LONDON	WWW.SWAPSTREAM.COM	
SWBI	OPERATING	EXPIRED	SWBI	SWEDBANK	SE	SINT	2017-10-23	2025-09-22		2025-09-22	SWEDBANK AB		M312WZV08Y7LYUC71685	STOCKHOLM	WWW.SWEDBANK.SE	SYSTEMATIC INTERNALISER.
SWEE	OPERATING	EXPIRED	SWEE	SWEDBANK ESTONIA	EE	SINT	2017-12-25	2026-03-23		2026-03-23	SWEDBANK AS		549300PHQZ4HL15HH975	TALLINN	WWW.SWEDBANK.EE	SYSTEMATIC INTERNALISER.
SWLT	OPERATING	EXPIRED	SWLT	SWEDBANK LITHUANIA	LT	SINT	2017-12-25	2026-03-23		2026-03-23	SWEDBANK, AB		549300GH3DFCXVNBHE59	VILNIUS	WWW.SWEDBANK.LT	SYSTEMATIC INTERNALISER.
SWLV	OPERATING	EXPIRED	SWLV	SWEDBANK LATVIA	LV	SINT	2017-12-25	2026-03-23		2026-03-23	SWEDBANK AS		549300FXBIWWGK7T0Y98	RIGA	WWW.SWEDBANK.LV	SYSTEMATIC INTERNALISER.
SWPX	OPERATING	ACTIVE	SWPX	FXSWAPX	US	OTHR	2026-02-23	2026-02-23	2026-02-23		FXSWAPX INC.		25490059SGU6LEEQVZ07	NEW YORK	WWW.FXSWAPX.COM	
SXSI	OPERATING	ACTIVE	SXSI	SAXO BANK A/S	DK	SINT	2020-03-23	2024-05-27	2024-05-27		SAXO BANK A/S		549300TL5406IC1XKD09	COPENHAGEN	WWW.HOME.SAXO	SYSTEMATIC INTERNALISER FOR FIXED INCOME AND EQUITIES.
SYFX	OPERATING	ACTIVE	SYFX	SYNOPTION	SG	NSPD	2019-03-25	2019-03-25				SYFX	875500SX6OSZQTT3GL89	SINGAPORE	WWW.SYNOPTION.COM	FX DERIVATIVE TRADING PLATFORM.
SYNK	OPERATING	ACTIVE	SYNK	SYNKRONY EXCHANGE	IT	CASP	2024-08-26	2024-08-26	2024-08-26		AFFIDATY SOCIETA' PER AZIONI		8156005026D416A62C42	FIRENZE	HTTPS://SYNKRONY.IO	
SZSC	SEGMENT	ACTIVE	XHKG	STOCK EXCHANGE OF HONG KONG LIMITED - SHENZHEN - HONG KONG STOCK CONNECT	HK	NSPD	2016-09-26	2016-09-26				SEHK	213800YTVSXYQN17BW16	HONG KONG	WWW.HKEX.COM.HK	MAINLAND INVESTORS TRADING IN SEHK SECURITIES UNDER SHENZHEN-HONG KONG STOCK CONNECT.
T212	OPERATING	ACTIVE	T212	TRADING 212 LIMITED	BG	SINT	2020-09-28	2020-09-28					549300TGZX4PLYAP3S87	SOFIA	WWW.TRADING212.COM	SYSTEMATIC INTERNALISER.
TBEN	SEGMENT	EXPIRED	XTUP	TULLETT PREBON PLC - TP ENERGY	GB	NSPD	2007-09-24	2018-08-27		2018-08-27			549300MU2MYJLOY6IJ51	LONDON	WWW.TULLETTPREBON.COM	
TBLA	SEGMENT	EXPIRED	XTUP	TULLETT PREBON PLC - TP TRADEBLADE	GB	NSPD	2008-06-23	2018-08-27		2018-08-27			549300MU2MYJLOY6IJ51	LONDON	WWW.TULLETTPREBON.COM	
TBSA	SEGMENT	ACTIVE	XWAR	WARSAW STOCK EXCHANGE/BONDS/TREASURY BOND/BONDSPOT/B2C MARKET/MTF	PL	MLTF	2021-03-22	2021-03-22			BONDSPOT S.A.		259400N28EKSTIFFCL55	WARSAW	WWW.BONDSPOT.PL	
TBSP	SEGMENT	ACTIVE	XWAR	WARSAW STOCK EXCHANGE/BONDS/BONDSPOT/TREASURY BOND MARKET	PL	MLTF	2011-07-25	2026-01-26	2026-01-26		BONDSPOT S.A.		259400N28EKSTIFFCL55	WARSAW	WWW.BONDSPOT.PL	
TBSX	OPERATING	EXPIRED	TBSX	TRADEGATE BERLIN STOCK EXCHANGE	DE	RMKT	2026-02-23	2026-06-22	2026-06-22	2026-06-22	TRADEGATE EXCHANGE GMBH	TBSX	529900I8ESNMLCIQ1U62	BERLIN	WWW.TRADEGATE.DE	
TCDS	SEGMENT	ACTIVE	TRDE	TRADITION OTF	GB	OTFS	2007-08-27	2018-02-26					5493009GUESWKOCRBE73	LONDON	WWW.TRADITION.CO.UK	
TCME	SEGMENT	EXPIRED	TRDE	TFS CME DIRECT	GB	NSPD	2012-11-26	2015-09-28		2015-09-28				LONDON	WWW.TRADITION.COM	ELECTRONIC TRADING PLATFORM FOR ENERGY DERIVATIVES.
TCML	OPERATING	ACTIVE	TCML	TIDE CM	GB	NSPD	2017-06-26	2017-06-26					2138009BNWAAJIGGRH17	LONDON	WWW.TIDECM.COM	
TDBL	OPERATING	ACTIVE	TDBL	TORONTO DOMINION BANK - LONDON BRANCH	GB	SINT	2017-12-25	2023-10-23			THE TORONTO-DOMINION BANK	TD BANK	PT3QB789TSUIDF371261	LONDON	WWW.TD.COM	
TDGF	OPERATING	ACTIVE	TDGF	TD SECURITIES	IE	SINT	2019-03-25	2023-08-28	2023-08-28		TD GLOBAL FINANCE UNLIMITED COMPANY		FI6C7E5PBUB3F9K43B44	DUBLIN	WWW.TD.COM	
TDON	OPERATING	ACTIVE	TDON	TRADITION PARIS - TSAF	FR	OTFS	2017-11-27	2017-11-27				TSAF	969500ULC0Y1IG0A4O72	PARIS	WWW.TSAF-PARIS.COM	TSAF OTF FOR DELTA ONE PRODUCTS.
TDSX	SEGMENT	ACTIVE	INCR	INTELLIGENTCROSS - TDSX	US	OTHR	2025-04-28	2025-04-28	2025-04-28		INTELLIGENT CROSS LLC		254900TX2BTPJWW4A154	STAMFORD	WWW.INTELLIGENTCROSS.COM	
TDVS	OPERATING	ACTIVE	TDVS	TRADEVILLE	RO	SINT	2025-03-24	2025-03-24	2025-03-24		TRADEVILLE SA		259400JFR7QD2X5HXD67	BUCHAREST	HTTPS://TRADEVILLE.RO/	
TDXS	OPERATING	ACTIVE	TDXS	TAURUS TDX	CH	OTFS	2024-05-27	2024-05-27	2024-05-27		TAURUS SA	TDX	506700HJTJ42L5IJDG59	GENEVA	WWW.T-DX.COM	TDX IS A SWISS ORGANIZED TRADING FACILITY (OTF), OPERATED BY TAURUS SA, A REGULATED SECURITIES FIRM AUTHORIZED AND SUPERVISED BY THE SWISS FINANCIAL MARKET AUTHORITY (FINMA).
TECO	SEGMENT	ACTIVE	TPEO	TP ICAP  E AND C OTF - COMMODITY AND ENERGY DERIVATIVES	GB	OTFS	2017-10-23	2023-10-23	2023-10-23		TP ICAP E. AND C. LIMITED		549300MU2MYJLOY6IJ51	LONDON	HTTPS://TPICAP.COM/TPICAP/REGULATORY-HUB/TP-ICAP-E%26C-OTF	OTF FOR THE TRADING OF COMMODITY AND ENERGY DERIVATIVES.
TEEG	SEGMENT	EXPIRED	TPSO	TULLETT PREBON SECURITIES - OTF - EUROPEAN GOVERNMENT BONDS	GB	OTFS	2017-10-23	2019-04-22		2019-04-22	TP ICAP BROKING LIMITED		549300BMVW85YF9FGN67	LONDON	WWW.TULLETTPREBON.COM	ORGANISED TRADING FACILITY FOR THE TRADING OF EUROPEAN GOVERNMENT BONDS.
TEFD	SEGMENT	ACTIVE	TPEL	TULLETT PREBON EUROPE -  MTF - FX DERIVATIVES	GB	MLTF	2017-10-23	2023-10-23	2023-10-23		TP ICAP E AND C LIMITED		549300MU2MYJLOY6IJ51	LONDON	HTTPS://TPICAP.COM/TPICAP/REGULATORY-HUB/TULLETT-PREBON-EUROPE-MTF	MTF FOR THE TRADING OF FX DERIVATIVES.
TEFX	SEGMENT	EXPIRED	TPEO	TULLETT PREBON EUROPE - OTF - FX DERIVATIVES	GB	OTFS	2017-10-23	2023-10-23	2023-10-23	2023-10-23	TP ICAP E. AND C. LIMITED		549300MU2MYJLOY6IJ51	LONDON	WWW.TPICAP.COM	OTF FOR THE TRADING OF FX DERIVATIVES.
TEGB	SEGMENT	EXPIRED	TPEO	TULLETT PREBON EUROPE - OTF - GOVERNMENT BONDS EXCLUDING UK GILTS	GB	OTFS	2017-10-23	2023-10-23	2023-10-23	2023-10-23	TP ICAP E. AND C. LIMITED		549300MU2MYJLOY6IJ51	LONDON	WWW.TPICAP.COM	OTF FOR THE TRADING OF GOVERNMENT BONDS EXCLUDING UK GILTS.
TEGI	SEGMENT	EXPIRED	TPEO	TULLETT PREBON EUROPE - OTF - GOVERNMENT BONDS - UK GILTS	GB	OTFS	2017-10-23	2023-10-23	2023-10-23	2023-10-23	TP ICAP E. AND C. LIMITED		549300MU2MYJLOY6IJ51	LONDON	WWW.TPICAP.COM	OTF FOR THE TRADING OF GOVERNMENT BONDS - UK GILTS.
TEIR	SEGMENT	EXPIRED	TPEO	TULLETT PREBON EUROPE - OTF - INTEREST RATE DERIVATIVES	GB	OTFS	2017-10-23	2023-10-23	2023-10-23	2023-10-23	TP ICAP E. AND C. LIMITED		549300MU2MYJLOY6IJ51	LONDON	WWW.TPICAP.COM	OTF FOR THE TRADING OF INTEREST RATE DERIVATIVES.
TEMB	SEGMENT	EXPIRED	TPEL	TULLETT PREBON EUROPE -  MTF - GOVERNMENT BONDS EXCLUDING UK GILTS	GB	MLTF	2017-10-23	2023-10-23	2023-10-23	2023-10-23	TP ICAP E AND C LIMITED		549300MU2MYJLOY6IJ51	LONDON	WWW.TPICAP.COM	MTF FOR THE TRADING OF GOVERNMENT BONDS EXCLUDING UK GILTS.
TEMC	SEGMENT	EXPIRED	TPEL	TULLETT PREBON EUROPE -  MTF - COMMODITIES AND ENERGY DERIVATIVES	GB	MLTF	2017-10-23	2018-06-25		2018-06-25	TP ICAP E AND C LIMITED		549300MU2MYJLOY6IJ51	LONDON	WWW.TPICAP.COM	MTF FOR THE TRADING OF COMMODITIES AND ENERGY DERIVATIVES.
TEMF	SEGMENT	EXPIRED	TPEL	TULLETT PREBON EUROPE -  MTF - CORPORATE BONDS AND SECURITISED DEBT	GB	MLTF	2017-10-23	2023-10-23	2023-10-23	2023-10-23	TP ICAP E AND C LIMITED		549300MU2MYJLOY6IJ51	LONDON	WWW.TPICAP.COM	MTF FOR THE TRADING OF CORPORATE BONDS AND SECURITISED DEBT.
TEMG	SEGMENT	EXPIRED	TPEL	TULLETT PREBON EUROPE -  MTF - GOVERNMENT BONDS - UK GILTS	GB	MLTF	2017-10-23	2018-08-27		2018-08-27	TP ICAP E AND C LIMITED		549300MU2MYJLOY6IJ51	LONDON	WWW.TPICAP.COM	MTF FOR THE TRADING OF GOVERNMENT BONDS - UK GILTS.
TEMI	SEGMENT	EXPIRED	TPEL	TULLETT PREBON EUROPE -  MTF - MONEY MARKETS	GB	MLTF	2017-10-23	2023-10-23	2023-10-23	2023-10-23	TP ICAP E AND C LIMITED		549300MU2MYJLOY6IJ51	LONDON	WWW.TPICAP.COM	MTF FOR THE TRADING OF MONEY MARKET INSTRUMENTS.
TEMM	SEGMENT	EXPIRED	TPEO	TULLETT PREBON EUROPE - OTF - MONEY MARKET INSTRUMENTS	GB	OTFS	2017-10-23	2023-10-23	2023-10-23	2023-10-23	TP ICAP E. AND C. LIMITED		549300MU2MYJLOY6IJ51	LONDON	WWW.TPICAP.COM	OTF FOR THE TRADING OF MONEY MARKET INSTRUMENTS.
TEMR	SEGMENT	ACTIVE	TPEL	TULLETT PREBON EUROPE -  MTF - REPOS	GB	MLTF	2017-10-23	2023-10-23	2023-10-23		TP ICAP E AND C LIMITED		549300MU2MYJLOY6IJ51	LONDON	HTTPS://TPICAP.COM/TPICAP/REGULATORY-HUB/TULLETT-PREBON-EUROPE-MTF	MTF FOR THE TRADING OF REPOS.
TEOF	SEGMENT	EXPIRED	TPEO	TULLETT PREBON EUROPE - OTF - PREBON FX DERIVATIVES	GB	OTFS	2017-12-25	2018-08-27		2018-08-27	TP ICAP E. AND C. LIMITED		549300MU2MYJLOY6IJ51	LONDON	WWW.TPICAP.COM	OTF FOR THE TRADING OF PREBON FX DERIVATIVES.
TEPF	SEGMENT	EXPIRED	TPFR	TULLETT PREBON EUROPE - OTF - PARIS - CORPORATE BONDS AND SECURITISED DEBT	FR	OTFS	2017-10-23	2018-08-27		2018-08-27			549300MU2MYJLOY6IJ51	PARIS	WWW.TPICAP.COM	OTF FOR THE TRADING OF CORPORATE BONDS AND SECURITISED DEBT.
TEPG	SEGMENT	EXPIRED	TPFR	TULLETT PREBON EUROPE - OTF - PARIS - GOVERNMENT BONDS - EXCLUDING GILTS	FR	OTFS	2017-10-23	2018-08-27		2018-08-27			549300MU2MYJLOY6IJ51	PARIS	WWW.TPICAP.COM	OTF FOR THE TRADING OF GOVERNMENT BONDS EXCLUDING UK GILTS.
TEPI	SEGMENT	EXPIRED	TPFR	TULLETT PREBON EUROPE - OTF - PARIS - INTEREST RATE DERIVATIVES	FR	OTFS	2017-10-23	2018-08-27		2018-08-27			549300MU2MYJLOY6IJ51	PARIS	WWW.TPICAP.COM	OTF FOR THE TRADING OF INTEREST RATE DERIVATIVES INTEREST RATE DERIVATIVES.
TEPM	SEGMENT	EXPIRED	TPFR	TULLETT PREBON EUROPE - OTF - PARIS - MONEY MARKET INSTRUMENTS	FR	OTFS	2017-10-23	2018-08-27		2018-08-27			549300MU2MYJLOY6IJ51	PARIS	WWW.TPICAP.COM	OTF FOR THE TRADING OF MONEY MARKET INSTRUMENTS.
TEPR	SEGMENT	EXPIRED	TPFR	TULLETT PREBON EUROPE - OTF - PARIS - REPOS	FR	OTFS	2017-10-23	2018-08-27		2018-08-27			549300MU2MYJLOY6IJ51	PARIS	WWW.TPICAP.COM	OTF FOR THE TRADING OF REPOS.
TEPX	SEGMENT	EXPIRED	TPFR	TULLETT PREBON EUROPE - OTF - PARIS - FX DERIVATIVES	FR	OTFS	2017-10-23	2018-08-27		2018-08-27			549300MU2MYJLOY6IJ51	PARIS	WWW.TPICAP.COM	OTF FOR THE TRADING OF FX DERIVATIVES.
TERA	OPERATING	ACTIVE	TERA	RADIAL-X	US	SEFS	2012-12-24	2024-09-23	2023-12-25		RADIAL-X, LLC		FA5WCATW8PXZ0RD82003	NEW JERSEY	HTTPS://RADIAL-X.COM	SWAP EXECUTION FACILITY (OTC CLEARED INSTRUMENTS).
TERE	SEGMENT	EXPIRED	TPEO	TULLETT PREBON EUROPE - OTF - REPOS	GB	OTFS	2017-10-23	2023-10-23	2023-10-23	2023-10-23	TP ICAP E. AND C. LIMITED		549300MU2MYJLOY6IJ51	LONDON	WWW.TPICAP.COM	OTF FOR THE TRADING OF REPOS.
TERM	OPERATING	ACTIVE	TERM	TP ICAP FX HUB	SG	NSPD	2021-11-22	2021-11-22	2021-11-22		TULLETT PREBON (SINGAPORE) LIMITED	TERM	549300J8JKCZBPXJRS07	SINGAPORE	HTTPS://TPICAP.COM/TPICAP/	
TEUR	OPERATING	ACTIVE	TEUR	TRADITION ESPANA OTF	ES	OTFS	2021-02-22	2021-02-22	2021-02-22		TRADITION FINANCIAL SERVICES ESPANA SOCIEDAD DE VALORES SA		5493006UOQCUGJ33L287	MADRID	WWW.TRADITION.COM	ORGANISED TRADING FACILITY.
TFEX	OPERATING	ACTIVE	TFEX	THAILAND FUTURES EXCHANGE	TH	RMKT	2006-06-26	2024-12-23			THAILAND FUTURES EXCHANGE PUBLIC COMPANY LIMITED	TFEX	5493006G4X6OUMF0CE07	BANGKOK	WWW.TFEX.CO.TH	
TFSA	OPERATING	ACTIVE	TFSA	TFS GREEN AUSTRALIAN GREEN MARKETS	SG	NSPD	2012-03-26	2012-03-26				TFS		SINGAPORE	WWW.TRADITION.COM	
TFSC	SEGMENT	EXPIRED	TRDE	TFS GREEN CARBON CREDIT GLOBAL MARKETS	GB	NSPD	2012-03-26	2015-01-26		2015-01-26		TFS		LONDON	WWW.TFSGREEN.COM	
TFSD	OPERATING	ACTIVE	TFSD	T.F.S. DERIVATIVES HK LIMITED	HK	NSPD	2018-02-26	2018-02-26					549300SQ2NWW0XDNBU68	HONG KONG	WWW.TRADITION.COM	
TFSE	SEGMENT	EXPIRED	TRDE	TFS GREEN EUROPEAN GREEN MARKETS	GB	NSPD	2012-03-26	2015-01-26		2015-01-26		TFS		LONDON	WWW.TRADITION.COM	
TFSG	SEGMENT	EXPIRED	TRDE	TRADITION ENERGY	GB	NSPD	2012-03-26	2018-02-26		2018-02-26			5493009GUESWKOCRBE73	LONDON	WWW.TFSGREEN.COM	TRADE NAME: TRAYPORT
TFSS	SEGMENT	EXPIRED	TRDE	TFS VARIANCE SWAPS SYSTEM	GB	NSPD	2007-08-27	2014-11-24		2014-11-24				LONDON		
TFSU	OPERATING	ACTIVE	TFSU	TFS GREEN UNITED STATES GREEN MARKETS	US	NSPD	2012-03-26	2012-03-26				TFS		NEW YORK	WWW.TRADITION.COM	
TFSV	OPERATING	EXPIRED	TFSV	VOLBROKER	GB	NSPD	2007-08-27	2018-02-26		2018-02-26			213800OZOBI9F5C4QH60	LONDON	WWW.TFSICAP.COM	
TGAT	OPERATING	ACTIVE	TGAT	TRADEGATE BERLIN STOCK EXCHANGE	DE	RMKT	2012-08-27	2026-06-22	2026-06-22		TRADEGATE EXCHANGE GMBH	TBSX	529900I8ESNMLCIQ1U62	BERLIN	WWW.TRADEGATEBSX.COM	
TGSI	SEGMENT	ACTIVE	TGAT	TRADEGATE AG - SYSTEMATIC INTERNALISER	DE	SINT	2017-11-27	2026-05-25	2026-05-25		TRADEGATE AG	TGAG	5299007BIE0JSIBS4K52	BERLIN	WWW.TGSI.TRADE	SYSTEMATIC INTERNALISER.
THEM	OPERATING	ACTIVE	THEM	THEMIS TRADING LLC	US	NSPD	2017-06-26	2017-06-26				THEM	254900T8WSH6UHUZKV29	CHATHAM	WWW.THEMISTRADING.COM	BROKER DEALER - US EQUITIES.
THRD	SEGMENT	EXPIRED	XNIM	THIRD MARKET CORPORATION	US	NSPD	2003-04-01	2012-03-26		2012-03-26				CHICAGO		"EXCHANGE NAME ""THIRD MARKET"" WILL BE CHANGED TO ""NASDAQ INTERMARKET"", AS A RESULT OF WHICH THE MIC  CHANGES FROM THRD TO XNIM."
THRE	OPERATING	ACTIVE	THRE	REFINITIV US SEF LLC	US	SEFS	2016-11-28	2019-11-25			REFINITIV US SEF LLC	RSEF	549300WQWDPFSMQ8I087	NEW YORK	WWW.REFINITIV.COM/EN/PRODUCTS/SEF-SWAP-EXECUTION-FACILITY	SWAP EXECUTION FACILITY (SEF).
TICT	OPERATING	ACTIVE	TICT	TOTAN ICAP CO. LTD	JP	OTHR	2023-06-26	2023-06-26			TOTAN ICAP CO., LTD		21380058ERUIT9H53T71	TOKYO	WWW.TOTANICAP.COM	
TIRD	SEGMENT	EXPIRED	TPEL	TULLETT PREBON EUROPE - MTF - INTEREST RATE DERIVATIVES	GB	MLTF	2017-10-23	2023-10-23	2023-10-23	2023-10-23	TP ICAP E AND C LIMITED		549300MU2MYJLOY6IJ51	LONDON	WWW.TPICAP.COM	MTF FOR THE TRADING OF INTEREST RATE DERIVATIVES.
TLAB	OPERATING	EXPIRED	TLAB	TRADINGLAB	IT	NSPD	2003-04-01	2007-08-27		2007-08-27				MILAN		
TLCM	SEGMENT	ACTIVE	ICOT	LOUIS CAPITAL MARKETS EU	FR	NSPD	2020-07-27	2020-07-27					213800R54EFFINMY1P02	PARIS	HTTPS://REGULATORY.TPICAP.COM/	
TMCC	SEGMENT	ACTIVE	IBSC	ICE TMC	US	ATSS	2019-11-25	2025-04-28	2025-04-28		ICE BONDS SECURITIES CORPORATION		549300OUQA5TQ2JW3I71	NEW YORK	WWW.THEICE.COM	ICE TMC ATS IS OPERATED BY ICE BONDS SECURITIES CORPORATION.
TMCY	OPERATING	ACTIVE	TMCY	TRADING 212 MARKETS LIMITED	CY	SINT	2021-05-24	2021-05-24			TRADING 212 MARKETS LIMITED	T212CY	21380045KC28948FNE32	LIMASSOL	WWW.TRADING212.COM	SYSTEMATIC INTERNALISER.
TMEU	OPERATING	ACTIVE	TMEU	TRUMID EU MTF	IE	MLTF	2023-06-26	2023-06-26	2023-06-26		TRUMID FINANCIAL EU LIMITED		213800U1RU4M15V1UA20	DUBLIN	WWW.TRUMID.COM	
TMEX	OPERATING	ACTIVE	TMEX	TURKISH MERCANTILE EXCHANGE	TR	NSPD	2020-09-28	2022-10-24	2022-10-24				789000WD6N4YYP0DBA94	ANKARA	WWW.TURIB.COM.TR	
TMID	OPERATING	ACTIVE	TMID	TRUMID ATS	US	ATSS	2017-03-27	2017-03-27						NEW YORK	WWW.TRUMID.COM	REGISTERED ATS FOR CORPORATE BONDS AND CREDIT DEFAULT SWAPS.
TMTS	SEGMENT	EXPIRED	XMTS	EUROBENCHMARK TRES. BILLS	GB	NSPD	2005-11-28	2013-09-23		2013-09-23				LONDON	WWW.EUROMTS-LTD.COM	MARKET IS CLOSED.
TMUK	OPERATING	ACTIVE	TMUK	TRUMID UK MTF	GB	MLTF	2022-10-24	2023-06-26	2023-06-26		TRUMID FINANCIAL UK LIMITED		2138004QU7NYKYORTV10	LONDON	WWW.TRUMID.COM	
TMXS	OPERATING	EXPIRED	TMXS	TMX SELECT	CA	ATSS	2010-12-27	2018-03-26		2018-03-26			549300N65GFVKSHGJW59	TORONTO	WWW.TMX.COM	TMX SELECT IS AN EQUITIES ATS IN CANADA. OWNED BY TMX GROUP, IT LEVERAGES THE SAME TECHNOLOGY AS THE TORONTO STOCK EXCHANGE TO TRADE SECURITIES THAT ARE LISTED BY EXCHANGES THAT ARE RECOGNIZED IN A CANADIAN JURISDICTION.
TNLA	SEGMENT	ACTIVE	XAMS	EURONEXT - TRADED BUT NOT LISTED AMSTERDAM	NL	NSPD	2007-08-27	2015-04-27					724500V6UOK62XEZ2L78	AMSTERDAM	WWW.EURONEXT.COM	
TNLB	SEGMENT	ACTIVE	XBRU	EURONEXT - TRADING FACILITY BRUSSELS	BE	MLTF	2007-08-27	2025-12-22			EURONEXT BRUSSELS		5493007YLUF2KAS0TM17	BRUSSELS	WWW.EURONEXT.COM	
TNLK	SEGMENT	EXPIRED	XBRU	EURONEXT BLOCKS	BE	MLTF	2019-05-27	2024-04-22	2024-04-22	2024-04-29	EURONEXT BRUSSELS		5493007YLUF2KAS0TM17	BRUSSELS	WWW.EURONEXT.COM	MULTILATERAL TRADING FACILITY (MTF) FOR BLOCKS.
TNLL	SEGMENT	EXPIRED	XLDN	EURONEXT - TRADING FACILITY LONDON	GB	MLTF	2019-01-28	2019-01-28	2021-10-25	2021-10-25			21380037K2DZ19T57655	LONDON	WWW.EURONEXT.COM	MULTILATERAL  TRADING FACILITY (MTF).
TOCP	OPERATING	ACTIVE	TOCP	TORA CROSSPOINT	HK	ATSS	2011-04-25	2011-04-25					254900XBYUDKOCN2GV57	HONG KONG	WWW.TORA.COM	HK REGISTERED ATS FOR EQUITIES.
TOMD	SEGMENT	EXPIRED	TOMX	TOM MTF DERIVATIVES MARKET	NL	NSPD	2011-06-27	2017-08-28		2017-08-28				AMSTERDAM	WWW.TOMMTF.EU	MTF FOR DERIVATIVES. DISCONTINUATION OF COMPANY AND SERVICES.
TOMF	SEGMENT	EXPIRED	TPES	TULLETT PREBON EUROPE - OTF - MADRID - CORPORATE BONDS AND SECURITISED DEBT	ES	OTFS	2017-10-23	2018-08-27		2018-08-27			549300MU2MYJLOY6IJ51	MADRID	WWW.TPICAP.COM	OTF FOR THE TRADING OF  CORPORATE BONDS AND SECURITISED DEBT.
TOMG	SEGMENT	EXPIRED	TPES	TULLETT PREBON EUROPE - OTF - MADRID - GOVERNMENT BONDS - EXCLUDING GILTS	ES	OTFS	2017-10-23	2021-11-22	2021-11-22	2021-11-22			549300MU2MYJLOY6IJ51	MADRID	WWW.TPICAP.COM	OTF FOR THE TRADING OF GOVERNMENT BONDS EXCLUDING UK GILTS.
TOMX	OPERATING	EXPIRED	TOMX	TOM MTF CASH MARKETS	NL	NSPD	2011-06-27	2017-08-28		2017-08-28				AMSTERDAM	WWW.TOMMTF.EU	MTF FOR EQUITIES. DISCONTINUATION OF COMPANY AND SERVICES.
TOWR	OPERATING	ACTIVE	TOWR	TOWER RESEARCH CAPITAL EUROPE	NL	SINT	2019-01-28	2019-01-28					2138008UL4MT8SNYKX10	AMSTERDAM	WWW.TOWER-RESEARCH.COM	SYSTEMATIC INTERNALISER.
TPCD	SEGMENT	EXPIRED	XTUP	TULLETT PREBON PLC - TP CREDITDEAL	GB	NSPD	2008-06-23	2018-08-27		2018-08-27			549300MU2MYJLOY6IJ51	LONDON	WWW.TULLETTPREBON.COM	ELECTRONIC TRADING PLATFORM FOR CREDIT PRODUCTS
TPDA	SEGMENT	ACTIVE	TPID	TP ICAP - UK - DIGITAL ASSETS - SPOT	GB	CASP	2023-06-26	2023-06-26			TULLETT PREBON (EUROPE) LIMITED		549300MU2MYJLOY6IJ51	LONDON	WWW.TPICAP.COM	OTC ELECTRONIC TRADING PLATFORM FOR SPOT CRYPTOASSETS.
TPDE	OPERATING	EXPIRED	TPDE	TULLETT PREBON SECURITIES - FRANKFURT - OTF	DE	OTFS	2017-10-23	2018-03-26		2018-03-26			549300BMVW85YF9FGN67	FRANKFURT	WWW.TULLETTPREBON.COM	ORGANISED TRADING FACILITY.
TPDR	SEGMENT	ACTIVE	TPIC	TP ICAP EU - MTF - DERIVATIVES REGISTRATION	FR	MLTF	2025-07-28	2025-07-28	2025-07-28		TP ICAP (EUROPE) SA	TPIE	213800R54EFFINMY1P02	PARIS	HTTPS://TPICAP.COM/TPICAP/REGULATORY-HUB/TP-ICAP-EUROPE-SA	
TPEE	SEGMENT	ACTIVE	TPIC	TP ICAP EU - MTF - EQUITY AND ETF	FR	MLTF	2021-02-22	2021-02-22	2021-02-22		TP ICAP (EUROPE) SA		213800R54EFFINMY1P02	PARIS	HTTPS://REGULATORY.TPICAP.COM/TPICAP/EU/TPICAPEUMTF	
TPEL	OPERATING	ACTIVE	TPEL	TULLETT PREBON (EUROPE) LIMITED	GB	MLTF	2016-03-28	2023-10-23	2023-10-23		TP ICAP E AND C LIMITED		549300MU2MYJLOY6IJ51	LONDON	HTTPS://TPICAP.COM/TPICAP/REGULATORY-HUB/TULLETT-PREBON-EUROPE-MTF	MTF FOR THE BROKING OF FOREIGN EXCHANGE, ENERGY, COMMODITY AND INTEREST RATE DERIVATIVES.
TPEO	OPERATING	ACTIVE	TPEO	TP ICAP  E AND C OTF	GB	OTFS	2017-10-23	2023-10-23	2023-10-23		TP ICAP E. AND C. LIMITED		549300MU2MYJLOY6IJ51	LONDON	HTTPS://TPICAP.COM/TPICAP/REGULATORY-HUB/TP-ICAP-E%26C-OTF	ORGANISED TRADING FACILITY.
TPEQ	SEGMENT	EXPIRED	XTUP	TULLETT PREBON PLC - TP EQUITYTRADE	GB	NSPD	2012-11-26	2018-08-27		2018-08-27			549300MU2MYJLOY6IJ51	LONDON	WWW.TULLETTPREBON.COM	MULTILATERAL TRADING PLATFORM FOR EQUITY DERIVATIVES.
TPER	SEGMENT	ACTIVE	TPEU	TULLETT PREBON EU OTF - REGISTRATION	FR	OTFS	2020-12-28	2020-12-28			TP ICAP (EUROPE) SA	TPIE	213800R54EFFINMY1P02	PARIS	HTTPS://REGULATORY.TPICAP.COM/TPICAP/EU/TPEUOTF	
TPES	OPERATING	EXPIRED	TPES	TULLETT PREBON EUROPE - OTF - MADRID	ES	OTFS	2017-10-23	2021-11-22	2021-11-22	2021-11-22			549300MU2MYJLOY6IJ51	MADRID	WWW.TPICAP.COM	ORGANISED TRADING FACILITY.
TPEU	OPERATING	ACTIVE	TPEU	TULLETT PREBON EU OTF	FR	OTFS	2018-09-24	2018-09-24					213800R54EFFINMY1P02	PARIS	WWW.TPICAP.COM	
TPFD	SEGMENT	EXPIRED	XTUP	TULLETT PREBON PLC - TP FORWARDDEAL	GB	NSPD	2012-04-23	2018-08-27		2018-08-27			549300MU2MYJLOY6IJ51	LONDON	WWW.TULLETTPREBON.COM	
TPFR	OPERATING	EXPIRED	TPFR	TULLETT PREBON EUROPE - OTF - PARIS	FR	OTFS	2017-10-23	2018-08-27		2018-08-27			549300MU2MYJLOY6IJ51	PARIS	WWW.TPICAP.COM	ORGANISED TRADING FACILITY.
TPIC	OPERATING	ACTIVE	TPIC	TP ICAP EU - MTF	FR	MLTF	2018-09-24	2018-11-26			TP ICAP (EUROPE) SA		213800R54EFFINMY1P02	PARIS	WWW.TPICAP.COM	MULTILATERAL TRADING FACILITY.
TPID	OPERATING	ACTIVE	TPID	TP ICAP - UK - DIGITAL ASSETS	GB	CASP	2022-06-27	2022-06-27			TULLETT PREBON (EUROPE) LIMITED		549300MU2MYJLOY6IJ51	LONDON	WWW.TPICAP.COM	
TPIE	OPERATING	ACTIVE	TPIE	THE PROPERTY INVESTMENT EXCHANGE	GB	NSPD	2007-10-22	2013-03-25				PROPEX		LONDON	WWW.PROPEX.CO.UK	
TPIM	OPERATING	EXPIRED	TPIM	THE PROPERTY INVESTMENT MARKET	GB	NSPD	2007-10-22	2013-03-25		2013-03-25			2138004NCSMHNWVLAT54	LONDON	WWW.THEPROPERTYINVESTMENTMARKET.COM	
TPIO	SEGMENT	ACTIVE	TPIC	TP ICAP EU - MTF - ORDERBOOK	FR	MLTF	2018-09-24	2018-11-26			TP ICAP (EUROPE) SA		213800R54EFFINMY1P02	PARIS	WWW.TPICAP.COM	MULTILATERAL TRADING FACILITY.
TPIR	SEGMENT	ACTIVE	TPIC	TP ICAP EU - MTF - REGISTRATION	FR	MLTF	2018-09-24	2019-02-25			TP ICAP (EUROPE) SA		213800R54EFFINMY1P02	PARIS	WWW.TPICAP.COM	MULTILATERAL TRADING FACILITY.
TPIS	OPERATING	EXPIRED	TPIS	TULLETT PREBON - INSTITUTIONAL SERVICES - OTF	GB	OTFS	2017-10-23	2018-10-22		2018-10-22			549300BMVW85YF9FGN67	LONDON	WWW.TPICAP.COM	ORGANISED TRADING FACILITY.
TPLF	SEGMENT	EXPIRED	TPIS	TULLETT PREBON - INSTITUTIONAL SERVICES - LIQUIDITY CHAIN - OTF - CORPORATE BONDS AND SECURITISED DEBT	GB	OTFS	2017-10-23	2018-04-23		2018-04-23			549300BMVW85YF9FGN67	LONDON	WWW.TPICAP.COM	ORGANISED TRADING FACILITY FOR THE TRADING OF CORPORATE BONDS AND SECURITISED DEBT.
TPMF	SEGMENT	EXPIRED	TPIS	TULLETT PREBON - INSTITUTIONAL SERVICES - MIREXA - OTF - CORPORATE BONDS AND SECURITISED DEBT	GB	OTFS	2017-10-23	2018-08-27		2018-08-27			549300BMVW85YF9FGN67	LONDON	WWW.TPICAP.COM	ORGANISED TRADING FACILITY FOR THE TRADING OF CORPORATE BONDS AND SECURITISED DEBT.
TPMG	SEGMENT	EXPIRED	TPIS	TULLETT PREBON - INSTITUTIONAL SERVICES - MIREXA - OTF - GOVERNMENT BONDS	GB	OTFS	2017-10-23	2018-06-25		2018-06-25			549300BMVW85YF9FGN67	LONDON	WWW.TPICAP.COM	ORGANISED TRADING FACILITY FOR THE TRADING OF GOVERNMENT BONDS.
TPRE	SEGMENT	EXPIRED	XTUP	TULLETT PREBON PLC - TP REPO	GB	NSPD	2008-06-23	2018-08-27		2018-08-27			549300MU2MYJLOY6IJ51	LONDON	WWW.TULLETTPREBON.COM	ELECTRONIC TRADING PLATFORM FOR REPURCHASE AGREEMENTS
TPSB	SEGMENT	ACTIVE	TPSE	TP ICAP SEF	US	SEFS	2024-05-27	2025-05-26	2024-05-26		TPSEF INC.		5493008HL7YGILBYY124	NEW YORK	HTTPS://TPICAP.COM/TPICAP/REGULATORY-HUB/TP-ICAP-SEF	
TPSD	SEGMENT	EXPIRED	XTUP	TULLETT PREBON PLC - TP SWAPDEAL	GB	NSPD	2011-04-25	2018-08-27		2018-08-27			549300MU2MYJLOY6IJ51	LONDON	WWW.TULLETTPREBON.COM	OTC ELECTRONIC TRADING PLATFORM FOR INTEREST RATE DERIVATIVES.
TPSE	OPERATING	ACTIVE	TPSE	TP SEF, INC.	US	SEFS	2016-12-26	2024-05-27			TPSEF INC.		5493008HL7YGILBYY124	JERSEY CITY	WWW.TULLETTPREBON.COM	SWAP EXECUTION FACILITY.
TPSG	SEGMENT	ACTIVE	TERM	TP ICAP RMO	SG	RMOS	2024-08-26	2024-08-26	2024-08-26		TULLETT PREBON (SINGAPORE) LIMITED	TPSG	549300J8JKCZBPXJRS07	SINGAPORE	HTTPS://TPICAP.COM/TPICAP/	
TPSL	OPERATING	ACTIVE	TPSL	TULLETT PREBON SECURITIES - MTF	GB	MLTF	2016-03-28	2023-10-23	2023-10-23		TP ICAP BROKING LIMITED		549300BMVW85YF9FGN67	LONDON	HTTPS://TPICAP.COM/TPICAP/REGULATORY-HUB/TULLETT-PREBON-SECURITIES-MTF	MTF FOR THE BROKING OF SECURITIES, DERIVATIVES AND REPURCHASE AGREEMENTS.
TPSO	OPERATING	ACTIVE	TPSO	TP UK OTF	GB	OTFS	2017-10-23	2022-05-23	2022-05-23		TP ICAP BROKING LIMITED		549300BMVW85YF9FGN67	LONDON	WWW.TPICAP.COM/TPICAP/REGULATORY-HUB	ORGANISED TRADING FACILITY.
TPSP	SEGMENT	EXPIRED	XTUP	TULLETT PREBON PLC - TP SPOTDEAL	GB	NSPD	2012-08-27	2016-03-28		2016-03-28			549300MU2MYJLOY6IJ51	LONDON	WWW.TULLETTPREBON.COM	
TPSV	SEGMENT	EXPIRED	TPSE	TPSEF, INC - VOICE	US	NSPD	2020-09-28	2024-06-24		2024-06-24	TPSEF INC.		5493008HL7YGILBYY124	JERSEY CITY	WWW.TULLETTPREBON.COM	
TPSY	SEGMENT	EXPIRED	TPIS	TULLETT PREBON - INSTITUTIONAL SERVICES - TPSYNREX - OTF - CORPORATE BONDS AND SECURITISED DEBT	GB	OTFS	2017-10-23	2018-08-27		2018-08-27			549300BMVW85YF9FGN67	LONDON	WWW.TPICAP.COM	ORGANISED TRADING FACILITY FOR THE TRADING OF CORPORATE BONDS AND SECURITISED DEBT.
TQEA	SEGMENT	ACTIVE	TQEX	TURQUOISE EUROPE - PERIODIC AUCTIONS ORDER BOOK	NL	MLTF	2018-08-27	2025-10-27	2025-10-27		TURQUOISE GLOBAL HOLDINGS EUROPE BV		213800ZA8TWTNVG43376	AMSTERDAM	WWW.LONDONSTOCKEXCHANGE.COM/EQUITIES-TRADING/TURQUOISE/TURQUOISE-TRADING-SERVICES	
TQEB	SEGMENT	EXPIRED	TQEX	TURQUOISE EUROPE - NYLON CASH ORDER BOOK	NL	MLTF	2018-08-27	2024-10-28	2024-10-28	2024-10-28	TURQUOISE GLOBAL HOLDINGS EUROPE BV		213800ZA8TWTNVG43376	AMSTERDAM	WWW.LSEG.COM/AREAS-EXPERTISE/OUR-MARKETS/TURQUOISE	
TQEM	SEGMENT	ACTIVE	TQEX	TURQUOISE EUROPE - DARK	NL	MLTF	2018-08-27	2026-04-27	2026-04-27		TURQUOISE GLOBAL HOLDINGS EUROPE BV		213800ZA8TWTNVG43376	AMSTERDAM	WWW.LONDONSTOCKEXCHANGE.COM/EQUITIES-TRADING/TURQUOISE/TURQUOISE-TRADING-SERVICES	
TQEX	OPERATING	ACTIVE	TQEX	TURQUOISE EUROPE - LIT ORDER BOOK	NL	MLTF	2018-08-27	2025-10-27	2025-10-27		TURQUOISE GLOBAL HOLDINGS EUROPE BV		213800ZA8TWTNVG43376	AMSTERDAM	WWW.LONDONSTOCKEXCHANGE.COM/EQUITIES-TRADING/TURQUOISE/TURQUOISE-TRADING-SERVICES	
TRAI	OPERATING	ACTIVE	TRAI	TRAIANA INC	US	NSPD	2020-01-27	2020-01-27					549300R4MM6LT37H7L07	WILMINGTON	WWW.TRAIANA.COM	
TRAL	SEGMENT	ACTIVE	RTSL	REFINITIV TRANSACTIONS SERVICES LIMITED - FXALL RFQ	GB	MLTF	2017-04-24	2023-11-27	2023-11-27		REFINITIV TRANSACTIONS SERVICES LIMITED		549300SDDJE84DDJNB30	LONDON	WWW.LSEG.COM/EN/FX/VENUES/MTF-MULTILATERAL-TRADING-FACILITY	TRADING REQUEST FOR QUOTE PLATFORM FOR FX OTC DERIVATIVES.
TRAS	OPERATING	ACTIVE	TRAS	TRADITION ASIA LIMITED	HK	NSPD	2018-02-26	2018-02-26					549300ER66BIX4KZD662	HONG KONG	WWW.TRADITION.COM	
TRAX	OPERATING	ACTIVE	TRAX	MARKETAXESS POST-TRADE LIMITED - APA	GB	APPA	2017-05-22	2021-03-22	2025-09-22		MARKETAXESS POST-TRADE LIMITED		213800O7QMOIZFJZ3K44	LONDON	WWW.MARKETAXESS.COM	APPROVED PUBLICATION ARRANGEMENT.
TRBX	OPERATING	ACTIVE	TRBX	TRADE REPUBLIC BANK	DE	SINT	2024-03-25	2024-03-25	2024-03-25		TRADE REPUBLIC BANK GMBH	TRB	5299009IFX1XTKDY4568	BERLIN	WWW.TRADEREPUBLIC.COM	
TRCK	OPERATING	ACTIVE	TRCK	TRACK ECN	US	NSPD	2010-12-27	2010-12-27						NEW YORK	WWW.TRACKECN.COM	US ELECTRONIC COMMUNICATION NETWORK (ECN) FOR US EQUITIES.
TRCX	OPERATING	ACTIVE	TRCX	TOWER RESEARCH CAPITAL TRCX	US	NSPD	2019-06-24	2019-06-24					213800DG5CNS2AO8Q526	NEW YORK	WWW.TOWER-RESEARCH.COM	
TRDC	OPERATING	ACTIVE	TRDC	TFS CURRENCIES PTE LTD	SG	RMOS	2022-09-26	2022-09-26	2022-09-26		TFS CURRENCIES PTE LTD	TFSC	549300VX0P4NG30WZU37	SINGAPORE	WWW.TRADITIONASIA.COM	
TRDE	OPERATING	ACTIVE	TRDE	TRADITION	GB	NSPD	2010-10-25	2018-02-26					5493009GUESWKOCRBE73	LONDON	WWW.TRADITION.COM	ELECTRONIC TRADING PLATFORM FOR SECURITIES.
TRDX	SEGMENT	ACTIVE	TRDE	TRAD-X	GB	NSPD	2012-03-26	2012-03-26				TRAD-X	549300CNZFRSJGEKKZ57	LONDON	WWW.TRADITION.COM	TRADITION'S HYBRID TRADING PLATFORM FOR OTC DERIVATIVES AND OTHER FINANCIAL INSTRUMENTS.
TREA	SEGMENT	ACTIVE	TREU	TRADEWEB EUROPE LIMITED - APA	GB	APPA	2017-04-24	2025-09-22	2025-09-22		TRADEWEB EUROPE LIMITED		2138001WXZQOPMPA3D50	LONDON	WWW.TRADEWEB.COM	APPROVED PUBLICATION ARRANGEMENT SEGMENT
TREO	SEGMENT	ACTIVE	TREU	TRADEWEB EUROPE LIMITED - OTF	GB	NSPD	2017-04-24	2017-04-24			TRADEWEB EUROPE LIMITED		2138001WXZQOPMPA3D50	LONDON	WWW.TRADEWEB.COM	ORGANISED TRADING FACILITY
TREU	OPERATING	ACTIVE	TREU	TRADEWEB EUROPE LIMITED	GB	NSPD	2005-06-27	2014-11-24					2138001WXZQOPMPA3D50	LONDON	WWW.TRADEWEB.COM	
TREX	OPERATING	ACTIVE	TREX	ROTHERA EXCHANGE	US	DCMS	2026-04-27	2026-06-22	2026-06-22		ROTHERA EXCHANGE AND CLEARING LLC		549300UG0YZD2A0QYQ41	CHICAGO	WWW.ROTHERA.IO	
TRFW	SEGMENT	ACTIVE	RTSL	REFINITIV TRANSACTION SERVICES LIMITED - FORWARDS MATCHING	GB	NSPD	2017-04-24	2019-04-22			TRANSACTIONS SERVICES LIMITED		549300SDDJE84DDJNB30	LONDON	WWW.REUTERS.COM	REGISTERED MARKET FOR OTC FX DERIVATIVES.
TRFX	SEGMENT	EXPIRED	TRWB	TRADEWEB FX OPTIONS	US	NSPD	2012-03-26	2014-12-22		2014-12-22				JERSEY CITY	WWW.TRADEWEB.COM	MULTIDEALER- TO-CUSTOMER TRADING PLATFORM FOR FX OPTIONS.
TRIE	OPERATING	ACTIVE	TRIE	TRADING 212 MARKETS (IRELAND) LIMITED	IE	SINT	2025-07-28	2025-07-28	2025-07-28		TRADING 212 MARKETS (IRELAND) LIMITED	T212 IE	254900NG7OHNMB6HZC96	DUBLIN	WWW.TRADING212.COM	
TRNL	OPERATING	ACTIVE	TRNL	MARKETAXESS POST-TRADE B.V. - APA	NL	APPA	2018-04-23	2021-03-22	2021-03-22		TRAX NL B.V.		529900ATC8BZSUEI4F96	AMSTERDAM	WWW.MARKETAXESS.COM	APPROVED PUBLICATION ARRANGEMENT.
TRPX	OPERATING	ACTIVE	TRPX	MERJ EXCHANGE LIMITED	SC	NSPD	2012-12-24	2019-06-24				MERJ	254900DYQXM35R99AN72	EDEN ISLAND	WWW.MERJ.EXCHANGE	SECURITIES EXCHANGE OFFERING A MULTI-ASSET, MULTI-CURRENCY TRADING PLATFORM. OFFER ISSUERS LISTING SERVICES ON THREE BOARDS-MAIN BOARD, SMALL AND MEDIUM ENTERPRISE (SME) BOARD AND VENTURE CAPITAL (VCAP) BOARD.
TRQA	SEGMENT	ACTIVE	TRQX	TURQUOISE - PERIODIC AUCTIONS ORDER BOOK	GB	MLTF	2017-09-25	2025-10-27	2025-10-27		TURQUOISE GLOBAL HOLDINGS LTD		2138006SKBMJJUE2HV03	LONDON	WWW.LONDONSTOCKEXCHANGE.COM/EQUITIES-TRADING/TURQUOISE/TURQUOISE-TRADING-SERVICES	ORDER BOOK FOR TURQUOISE FREQUENT TRANSPARENT AUCTION TRADING.
TRQB	SEGMENT	EXPIRED	TRQX	TURQUOISE NYLON CASH ORDER BOOK	GB	MLTF	2018-03-26	2024-10-28		2024-10-28	TURQUOISE GLOBAL HOLDINGS LTD		2138006SKBMJJUE2HV03	LONDON	WWW.TRADETURQUOISE.COM	NON-DISPLAYED LARGE IN SCALE SERIES OF SCHEDULED BLOCK UNCROSSINGS.
TRQC	SEGMENT	EXPIRED	TRQX	TURQUOISE NYLON CLEARED CONTRACT	GB	MLTF	2018-03-26	2024-10-28		2024-10-28	TURQUOISE GLOBAL HOLDINGS LTD		2138006SKBMJJUE2HV03	LONDON	WWW.TRADETURQUOISE.COM	TRADING PLATFORM FOR CLEARED EQUITY CONTRACTS-FOR-DIFFERENCE.
TRQD	SEGMENT	EXPIRED	TRQX	TURQUOISE DERIVATIVES MARKET	GB	MLTF	2011-02-28	2013-10-28		2013-10-28	TURQUOISE GLOBAL HOLDINGS LTD		2138006SKBMJJUE2HV03	LONDON	WWW.TRADETURQUOISE.COM	MIC TO USE IS XLOD - LONDON STOCK EXCHANGE PLC HAD ENTERED INTO AN AGREEMENT WITH TURQUOISE TO ACQUIRE ITS DERIVATIVES BUSINESS.
TRQM	SEGMENT	ACTIVE	TRQX	TURQUOISE - DARK ORDER BOOK	GB	MLTF	2011-05-23	2025-10-27	2025-10-27		TURQUOISE GLOBAL HOLDINGS LTD		2138006SKBMJJUE2HV03	LONDON	WWW.LONDONSTOCKEXCHANGE.COM/EQUITIES-TRADING/TURQUOISE/TURQUOISE-TRADING-SERVICES	
TRQS	SEGMENT	EXPIRED	TRQX	TURQUOISE SWAPMATCH	GB	MLTF	2017-06-26	2020-01-27		2020-01-27	TURQUOISE GLOBAL HOLDINGS LTD		2138006SKBMJJUE2HV03	LONDON	WWW.TRADETURQUOISE.COM	PLATFORM FOR BLOCK INTERESTS IN OTC EQUITY TOTAL RETURN SWAPS.
TRQX	OPERATING	ACTIVE	TRQX	TURQUOISE - LIT ORDER BOOK	GB	MLTF	2007-09-24	2025-10-27	2025-10-27		TURQUOISE GLOBAL HOLDINGS LTD		2138006SKBMJJUE2HV03	LONDON	WWW.LONDONSTOCKEXCHANGE.COM/EQUITIES-TRADING/TURQUOISE/TURQUOISE-TRADING-SERVICES	
TRSI	OPERATING	ACTIVE	TRSI	TOWER RESEARCH CAPITAL EUROPE LTD	GB	NSPD	2017-08-28	2017-08-28			TOWER RESEARCH CAPITAL EUROPE LIMITED		54930090O4QNGA8IEC21	LONDON	WWW.TOWER-RESEARCH.COM	
TRU1	SEGMENT	ACTIVE	TRUX	TRUEEX LLC - DESIGNATED CONTRACT MARKET (DMC)	US	NSPD	2014-07-28	2014-07-28						NEW YORK	WWW.TRUEEX.COM	DESIGNATED CONTRACT MARKET-ELECTRONIC MARKET FOR TRADING FUTURES, OPTIONS ON FUTURES, SWAPS AND OTHER DERIVATIVES
TRU2	SEGMENT	ACTIVE	TRUX	TRUEEX LLC - SEF (SWAP EXECUTION FACILITY)	US	NSPD	2014-07-28	2014-07-28						NEW YORK	WWW.TRUEEX.COM	SWAP EXECUTION FACILITY -ELECTRONIC MARKET FOR TRADING SWAPS
TRUK	OPERATING	ACTIVE	TRUK	TRADING 212 UK LIMITED	GB	NSPD	2021-06-28	2021-06-28			TRADING 212 UK LIMITED		2138006AXBAC4F1AWD58	LONDON	WWW.TRADING212.COM	
TRUX	OPERATING	ACTIVE	TRUX	TRUEEX LLC	US	NSPD	2013-09-23	2013-09-23					54930072IAKCWEG27B47	NEW YORK	WWW.TRUEEX.COM	ELECTRONIC MARKET FOR TRADING FUTURES, OPTIONS ON FUTURES, SWAPS AND OTHER DERIVATIVES
TRWB	OPERATING	ACTIVE	TRWB	TRADEWEB LLC	US	OTHR	2005-06-27	2026-04-27	2026-04-27		TRADEWEB MARKETS LLC		5493009DYKOCXWBRC524	JERSEY CITY	WWW.TRADEWEB.COM	
TRXE	OPERATING	ACTIVE	TRXE	TRAD-X EUROPE	FR	MLTF	2019-02-25	2025-12-22			TSAF OTC		969500V058ZSY03FNX80	PARIS	WWW.TRAD-X.COM	TRADITION'S HYBRID TRADING PLATFORM FOR OTC DERIVATIVES AND OTHER FINANCIAL INSTRUMENTS.
TSAD	OPERATING	ACTIVE	TSAD	TRADITION SECURITIES AND DERIVATIVES INC.	US	NSPD	2017-02-27	2017-02-27					WRYEFMSVQCH0EMD08461	NEW YORK	WWW.TRADITION.COM	
TSAF	OPERATING	ACTIVE	TSAF	TSAF OTC - OTF	FR	OTFS	2017-11-27	2017-11-27				TSAF OTC	969500V058ZSY03FNX80	PARIS	WWW.TSAF-PARIS.COM	
TSBF	SEGMENT	ACTIVE	TSEF	TRADITION SBSEF	US	SEFS	2025-03-24	2025-03-24	2025-03-24		TRADITION SEF, LLC		549300MBO45EHETL4438	NEW YORK	WWW.TRADITIONSEF.COM	
TSBX	OPERATING	EXPIRED	TSBX	DBOT ATS, LLC	US	ATSS	2013-03-25	2022-11-28		2022-03-31	DBOT ATS, LLC	DBOT		WILMINGTON	WWW.DBOTTRADING.COM	ATS FOR UNLISTED OTC EQUITIES.
TSCB	SEGMENT	EXPIRED	TPSO	TP UK OTF - CORPORATE BONDS	GB	OTFS	2017-10-23	2023-10-23	2023-10-23	2023-10-23	TP ICAP BROKING LIMITED		549300BMVW85YF9FGN67	LONDON	WWW.TPICAP.COM/TPICAP/REGULATORY-HUB	ORGANISED TRADING FACILITY FOR THE TRADING OF CORPORATE BONDS.
TSCD	SEGMENT	UPDATED	IOTF	TP ICAP UK OTF - CREDIT DERIVATIVES TP	GB	OTFS	2017-10-23	2026-09-28	2026-09-28		TP ICAP BROKING LIMITED		549300BMVW85YF9FGN67	LONDON	WWW.TPICAP.COM/TPICAP/REGULATORY-HUB	ORGANISED TRADING FACILITY FOR THE TRADING OF CREDIT DERIVATIVES.
TSED	SEGMENT	UPDATED	IOTF	TP ICAP UK OTF - EQUITY DERIVATIVES TP	GB	OTFS	2017-10-23	2026-09-28	2026-09-28		TP ICAP BROKING LIMITED		549300BMVW85YF9FGN67	LONDON	WWW.TPICAP.COM/TPICAP/REGULATORY-HUB	ORGANISED TRADING FACILITY FOR THE TRADING OF EQUITY DERIVATIVES.
TSEF	OPERATING	ACTIVE	TSEF	TRADITION SEF	US	SEFS	2014-07-28	2023-10-23			TRADITION SEF, LLC		549300MBO45EHETL4438	NEW YORK	WWW.TRADITIONSEF.COM	MULTI-ASSET CLASS SWAP EXECUTION FACILITY (SEF).
TSFF	SEGMENT	EXPIRED	TPDE	TULLETT PREBON SECURITIES - FRANKFURT - OTF - CORPORATE BONDS AND SECURITISED DEBT	DE	OTFS	2017-10-23	2018-03-26		2018-03-26			549300BMVW85YF9FGN67	FRANKFURT	WWW.TULLETTPREBON.COM	ORGANISED TRADING FACILITY FOR THE TRADING OF CORPORATE BONDS AND SECURITISED DEBT.
TSFG	SEGMENT	EXPIRED	TPDE	TULLETT PREBON SECURITIES - FRANKFURT - OTF - GOVERNMENT BONDS - EX GILTS	DE	OTFS	2017-10-23	2018-03-26		2018-03-26			549300BMVW85YF9FGN67	FRANKFURT	WWW.TULLETTPREBON.COM	ORGANISED TRADING FACILITY FOR THE TRADING OF GOVERNMENT BONDS EXCLUDING UK GILTS.
TSFI	SEGMENT	UPDATED	IOTF	TP ICAP UK OTF - CORPORATE BONDS AND SECURITISED DEBT TP	GB	OTFS	2017-10-23	2026-09-28	2026-09-28		TP ICAP BROKING LIMITED		549300BMVW85YF9FGN67	LONDON	WWW.TPICAP.COM/TPICAP/REGULATORY-HUB	ORGANISED TRADING FACILITY FOR THE TRADING OF CORPORATE BONDS AND SECURITISED DEBT.
TSFX	SEGMENT	EXPIRED	TPSO	TP UK OTF - FX DERIVATIVES	GB	OTFS	2022-02-28	2023-10-23	2023-10-23	2023-10-23	TP ICAP BROKING LIMITED		549300BMVW85YF9FGN67	LONDON	WWW.TULLETTPREBON.COM	ORGANISED TRADING FACILITY FOR THE TRADING OF FX DERIVATIVES.
TSGB	SEGMENT	UPDATED	IOTF	TP ICAP UK OTF - GOVERNMENT BONDS EXCLUDING UK GILTS TP	GB	OTFS	2017-10-23	2026-09-28	2026-09-28		TP ICAP BROKING LIMITED		549300BMVW85YF9FGN67	LONDON	WWW.TPICAP.COM/TPICAP/REGULATORY-HUB	ORGANISED TRADING FACILITY FOR THE TRADING OF GOVERNMENT BONDS EXCLUDING UK GILTS.
TSGI	SEGMENT	UPDATED	IOTF	TP ICAP UK OTF - GOVERNMENT BONDS - UK GILTS TP	GB	OTFS	2017-10-23	2026-09-28	2026-09-28		TP ICAP BROKING LIMITED		549300BMVW85YF9FGN67	LONDON	WWW.TPICAP.COM/TPICAP/REGULATORY-HUB	ORGANISED TRADING FACILITY FOR THE TRADING OF GOVERNMENT BONDS - UK GILTS.
TSIG	OPERATING	ACTIVE	TSIG	TRADITION SINGAPORE PTE. LTD.	SG	RMOS	2018-02-26	2024-02-26	2024-02-26		TRADITION SINGAPORE PTE. LTD.		5493000ON08MFYK4XP20	SINGAPORE	WWW.TRADITIONASIA.COM/SGRMO	
TSIR	SEGMENT	UPDATED	IOTF	TP ICAP UK OTF - INTEREST RATE DERIVATIVES TP	GB	OTFS	2022-02-28	2026-09-28	2026-09-28		TP ICAP BROKING LIMITED		549300BMVW85YF9FGN67	LONDON	WWW.TPICAP.COM/TPICAP/REGULATORY-HUB	ORGANISED TRADING FACILITY FOR THE TRADING OF INTEREST RATE DERIVATIVES.
TSMB	SEGMENT	EXPIRED	TPSL	TULLETT PREBON SECURITIES - MTF - CORPORATE BONDS AND SECURITISED DEBT	GB	MLTF	2017-10-23	2018-08-27		2018-08-27			549300BMVW85YF9FGN67	LONDON	WWW.TPICAP.COM	MULTILATERAL TRADING FACILITY FOR THE TRADING OF CORPORATE BONDS AND SECURITISED DEBT.
TSMC	SEGMENT	EXPIRED	TPSL	TULLETT PREBON SECURITIES - MTF - CREDIT DERIVATIVES	GB	MLTF	2017-10-23	2018-08-27		2018-08-27			549300BMVW85YF9FGN67	LONDON	WWW.TPICAP.COM	MULTILATERAL TRADING FACILITY FOR THE TRADING OF CREDIT DERIVATIVES.
TSMG	SEGMENT	EXPIRED	TPSL	TULLETT PREBON SECURITIES - MTF - GOVERNMENT BONDS EXCLUDING UK GILTS	GB	MLTF	2017-10-23	2018-08-27		2018-08-27			549300BMVW85YF9FGN67	LONDON	WWW.TPICAP.COM	MULTILATERAL TRADING FACILITY FOR THE TRADING OF GOVERNMENT BONDS EXCLUDING UK GILTS.
TSMI	SEGMENT	EXPIRED	TPSL	TULLETT PREBON SECURITIES - MTF - MONEY MARKET INSTRUMENTS	GB	MLTF	2017-10-23	2018-08-27		2018-08-27			549300BMVW85YF9FGN67	LONDON	WWW.TPICAP.COM	MULTILATERAL TRADING FACILITY FOR THE TRADING OF MONEY MARKET INSTRUMENTS.
TSMM	SEGMENT	ACTIVE	TPSO	TP UK OTF - MONEY MARKET INSTRUMENTS	GB	OTFS	2017-10-23	2022-05-23	2022-05-23		TP ICAP BROKING LIMITED		549300BMVW85YF9FGN67	LONDON	WWW.TPICAP.COM/TPICAP/REGULATORY-HUB	ORGANISED TRADING FACILITY FOR THE TRADING OF MONEY MARKET INSTRUMENTS.
TSMR	SEGMENT	ACTIVE	TPSL	TULLETT PREBON SECURITIES - MTF - REPOS	GB	MLTF	2017-10-23	2023-10-23	2023-10-23		TP ICAP BROKING LIMITED		549300BMVW85YF9FGN67	LONDON	HTTPS://TPICAP.COM/TPICAP/REGULATORY-HUB/TULLETT-PREBON-SECURITIES-MTF	MULTILATERAL TRADING FACILITY FOR THE TRADING OF REPOS.
TSRE	SEGMENT	EXPIRED	TPSO	TP UK OTF - REPOS	GB	OTFS	2017-10-23	2023-10-23	2023-10-23	2023-10-23	TP ICAP BROKING LIMITED		549300BMVW85YF9FGN67	LONDON	WWW.TPICAP.COM/TPICAP/REGULATORY-HUB	ORGANISED TRADING FACILITY FOR THE TRADING OF REPOS.
TSUK	SEGMENT	EXPIRED	TPSL	TULLETT PREBON SECURITIES - MTF - GOVERNMENT BONDS - UK GILTS	GB	MLTF	2017-10-23	2018-08-27		2018-08-27			549300BMVW85YF9FGN67	LONDON	WWW.TPICAP.COM	MULTILATERAL TRADING FACILITY FOR THE TRADING OF GOVERNMENT BONDS - UK GILTS.
TUOB	SEGMENT	ACTIVE	TPSO	TP UK OTF - ORDERBOOK	GB	OTFS	2019-11-25	2022-05-23	2022-05-23		TP ICAP BROKING LIMITED		549300BMVW85YF9FGN67	LONDON	WWW.TPICAP.COM/TPICAP/REGULATORY-HUB	ORGANISED TRADING FACILITY ORDERBOOK.
TWEA	SEGMENT	ACTIVE	TWEU	TRADEWEB EU BV - APA	NL	APPA	2018-07-23	2018-07-23					724500D4BFEWKWVC1G62	AMSTERDAM	WWW.TRADEWEB.COM	APPROVED PUBLICATION ARRANGEMENT.
TWEM	SEGMENT	ACTIVE	TWEU	TRADEWEB EU BV - MTF	NL	MLTF	2018-07-23	2018-07-23					724500D4BFEWKWVC1G62	AMSTERDAM	WWW.TRADEWEB.COM	MULTILATERAL TRADING FACILITY.
TWEO	SEGMENT	ACTIVE	TWEU	TRADEWEB EU BV - OTF	NL	OTFS	2018-07-23	2018-07-23					724500D4BFEWKWVC1G62	AMSTERDAM	WWW.TRADEWEB.COM	ORGANISED TRADING FACILITY.
TWEU	OPERATING	ACTIVE	TWEU	TRADEWEB EU BV	NL	NSPD	2018-07-23	2018-07-23					724500D4BFEWKWVC1G62	AMSTERDAM	WWW.TRADEWEB.COM	
TWGP	OPERATING	ACTIVE	TWGP	TRADEWEB EUROPE LIMITED - GLOBAL TRADING PLATFORM	GB	NSPD	2018-01-22	2018-01-22					2138001WXZQOPMPA3D50	LONDON	WWW.TRADEWEB.COM	
TWHK	OPERATING	ACTIVE	TWHK	TRADEWEB EUROPE LIMITED - HONG KONG	HK	NSPD	2017-10-23	2017-10-23					2138001WXZQOPMPA3D50	HONG KONG	WWW.TRADEWEB.COM	
TWJP	OPERATING	ACTIVE	TWJP	TRADEWEB JAPAN KK - PTS	JP	NSPD	2017-10-23	2018-08-27					213800UM629WE2LC5D41	TOKYO	WWW.TRADEWEB.COM	PROPRIETARY TRADING SYSTEM.
TWJT	SEGMENT	ACTIVE	TWJP	TRADEWEB JAPAN KK - ETP	JP	NSPD	2017-10-23	2018-08-27					213800UM629WE2LC5D41	TOKYO	WWW.TRADEWEB.COM	
TWSA	OPERATING	ACTIVE	TWSA	TRADEWEB COMPANY - ATS	SA	ATSS	2025-08-25	2025-08-25	2025-08-25		TRADEWEB COMPANY	TWSA	213800IXVLRF6R8EU183	RIYADH	WWW.TRADEWEB.COM	
TWSF	SEGMENT	ACTIVE	TRWB	TW SEF LLC	US	SEFS	2014-07-28	2026-04-27	2026-04-27		TRADEWEB MARKETS LLC	TWSEF	5493003NKIZWOQGS5U67	NEW YORK	WWW.TRADEWEB.COM	ELECTRONIC PLATFORM FOR TRADING IN SWAPS AND DERIVATIVES.
TWSG	OPERATING	ACTIVE	TWSG	TRADEWEB EUROPE LIMITED - SINGAPORE	SG	NSPD	2017-10-23	2017-10-23					2138001WXZQOPMPA3D50	SINGAPORE	WWW.TRADEWEB.COM	
TXBA	SEGMENT	ACTIVE	LEVL	BOFA VWAP CROSS AT LEVEL	US	ATSS	2025-04-28	2025-05-26	2025-05-26		LEVEL MARKETS, LLC	LEVEL	254900ZBK50B4Y36MJ33	BOSTON	WWW.LEVELMARKETS.COM/LEVEL-ATS/	
TXSD	SEGMENT	ACTIVE	TXSE	TEXAS STOCK EXCHANGE - DARK	US	RMKT	2025-11-24	2025-11-24	2025-11-24		TEXAS STOCK EXCHANGE LLC	TXSE	254900QQ373OGD4H4Q47	DALLAS	WWW.TXSE.COM	
TXSE	OPERATING	ACTIVE	TXSE	TEXAS STOCK EXCHANGE	US	RMKT	2025-11-24	2025-11-24	2025-11-24		TEXAS STOCK EXCHANGE LLC	TXSE	254900QQ373OGD4H4Q47	DALLAS	WWW.TXSE.COM	
U360	OPERATING	ACTIVE	U360	360 TRADING NETWORKS INC.	US	SEFS	2022-11-28	2022-11-28	2022-11-28		360 TRADING NETWORKS INC.		5493006UQP8F8P24HJ68	NEW YORK	WWW.360T.COM	
UBCZ	OPERATING	ACTIVE	UBCZ	UNICREDIT BANK CZECH REPUBLIC AND SLOVAKIA, A.S.	CZ	SINT	2018-12-24	2023-08-28	2023-08-28		UNICREDIT BANK CZECH REPUBLIC AND SLOVAKIA, A.S.		KR6LSKV3BTSJRD41IF75	PRAGUE	WWW.UNICREDITBANK.CZ	
UBEC	OPERATING	ACTIVE	UBEC	UNIVERSAL BARTER EXCHANGE CREDIT UNION	US	NSPD	2021-05-24	2021-05-24			AMERICANOS ROYALE DIVINE INTERNATIONAL TRUST	UBECU	2549008J7LUHSQ73SI26	ATLANTA	HTTP://AIROBOTCRYPTOBANK.COM	
UBIM	OPERATING	EXPIRED	UBIM	UBI BANCA	IT	SINT	2018-07-23	2021-04-26	2021-04-26	2021-04-26		UBI	81560097964CBDAED282	BERGAMO	WWW.UBIBANCA.IT	SYSTEMATIC INTERNALISER.
UBIN	OPERATING	ACTIVE	UBIN	UNION BANK OF INDIA UK LTD	GB	NSPD	2017-12-25	2017-12-25					213800AYQA28LZ7J6M48	LONDON	WWW.UNIONBANKOFINDIAUK.CO.UK	
UBIS	OPERATING	ACTIVE	UBIS	UNIPOL BANCA S.P.A.	IT	SINT	2017-11-27	2017-11-27				UBIS	81560015C1F0098C2455	BOLOGNA	WWW.UNIPOLBANCA.IT	SYSTEMATIC INTERNALISER FOR UNIPOL BANCA BRANDED BONDS.
UBSA	OPERATING	ACTIVE	UBSA	UBS ATS	US	ATSS	2012-02-27	2016-05-23				UBS ATS	T6FIZBDPKLYJKFCRVK44	NEW YORK	WWW.UBS.COM/ATS	REGISTERED ALTERNATIVE TRADING SYSTEM FOR CROSSING ORDERS IN US EQUITIES
UBSB	OPERATING	ACTIVE	UBSB	UBS AG LONDON BRANCH - TRADING	GB	NSPD	2017-07-24	2019-03-25						LONDON	WWW.UBS.COM	UBS AG LONDON BRANCH TRADING PLATFORM.
UBSC	SEGMENT	ACTIVE	UBSG	UBS PIN-FX	CH	NSPD	2013-07-22	2013-09-23						ZURICH	WWW.UBS.COM	UBS FX PRICE IMPROVEMENT NETWORK
UBSD	OPERATING	EXPIRED	UBSD	UBS EUROPE SE	DE	NSPD	2018-06-25	2019-03-25		2019-03-25			5299007QVIQ7IO64NX37	FRANKFURT	WWW.UBS.COM	FX/PM DERIVATIVES (FX/PM FORWARDS, FX/PM SWAPS, FX/PM OPTIONS).
UBSE	SEGMENT	EXPIRED	UBSL	UBS PIN (EMEA)	GB	NSPD	2015-12-28	2019-03-25		2019-03-25				LONDON	WWW.UBS.COM	UBS PRICE IMPROVEMENT NETWORK IN EMEA (EQUITIES).
UBSF	SEGMENT	ACTIVE	UBSG	UBS FX	CH	NSPD	2013-07-22	2013-09-23						ZURICH	WWW.UBS.COM	UBS E-FX EXECUTION VENUE
UBSG	OPERATING	ACTIVE	UBSG	UBS TRADING	CH	NSPD	2013-08-26	2013-08-26						ZURICH	WWW.UBS.COM	UBS TRADING PLATFORMS
UBSI	SEGMENT	ACTIVE	UBSL	UBS EUROPE SE	DE	SINT	2017-07-24	2019-03-25					5299007QVIQ7IO64NX37	FRANKFURT	WWW.UBS.COM	UBS EUROPE SE SYSTEMATIC INTERNALISER.
UBSL	OPERATING	ACTIVE	UBSL	UBS EUROPE SE - TRADING	DE	NSPD	2015-12-28	2019-03-25					5299007QVIQ7IO64NX37	FRANKFURT	WWW.UBS.COM	UBS EUROPE SE TRADING PLATFORM.
UBSP	SEGMENT	ACTIVE	UBSA	UBS PIN (UBS PRICE IMPROVEMENT NETWORK)	US	NSPD	2012-03-26	2016-05-23						NEW YORK	WWW.UBS.COM/ATS	UBS PRICE IMPROVEMENT NETWORK IN THE US (EQUITIES).
UBSS	OPERATING	ACTIVE	UBSS	UBS SECURITIES LLC	US	NSPD	2018-02-26	2018-02-26					T6FIZBDPKLYJKFCRVK44	NEW YORK	WWW.UBS.COM	ELECTRONIC TRADING PLATFORM FOR EQUITIES.
UBST	OPERATING	EXPIRED	UBST	UBS TRADING	CH	NSPD	2013-07-22	2013-08-26		2013-08-26				ZURICH	WWW.UBS.COM	UBS TRADING PLATFORMS - MIC TO USE IS UBSG.
UBSV	SEGMENT	ACTIVE	UBSA	UBS ATS - TRAJX VWAP CROSSING	US	ATSS	2026-05-25	2026-05-25	2026-05-25		UBS SECURITIES LLC		T6FIZBDPKLYJKFCRVK44	NEW YORK	WWW.UBS.COM/ATS	
UBSX	OPERATING	ACTIVE	UBSX	UBS CROSS	HK	NSPD	2012-03-26	2012-03-26						HONG KONG	N/A	HK, JAPAN AND AUSTRALIA.
UBSY	SEGMENT	ACTIVE	UBSB	UBS AG LONDON BRANCH	GB	SINT	2017-07-24	2017-07-24						LONDON	WWW.UBS.COM	UBS AG LONDON BRANCH TRADING PLATFORM SYSTEMATIC INTERNALISER.
UCBA	OPERATING	ACTIVE	UCBA	UNICREDIT BANK AUSTRIA AG	AT	SINT	2018-10-22	2018-10-22					D1HEB8VEU6D9M8ZUXG17	VIENNA	WWW.BANKAUSTRIA.AT	SYSTEMATIC INTERNALISER. REGISTERED FOR SYSTEMATIC INTERNALISER BUT NON-ACTIVE.
UCBG	OPERATING	ACTIVE	UCBG	UNICREDIT BULBANK AD	BG	SINT	2021-09-27	2021-09-27	2021-09-27		UNICREDIT BULBANK AD		549300Z7V2WOFIMUEK50	SOFIA	WWW.UNICREDITBULBANK.BG	SYSTEMATIC INTERNALISER.
UCDE	OPERATING	ACTIVE	UCDE	UNICREDIT BANK AG	DE	SINT	2017-11-27	2017-11-27					2ZCNRR8UK83OBTEK2170	MUNICH	WWW.HYPOVEREINSBANK.DE	SYSTEMATIC INTERNALISER.
UCHU	OPERATING	ACTIVE	UCHU	UNICREDIT BANK HUNGARY ZRT.	HU	SINT	2019-04-22	2019-04-22					Y28RT6GGYJ696PMW8T44	BUDAPEST	WWW.UNICREDITBANK.HU	SYSTEMATIC INTERNALISER.
UCIT	OPERATING	ACTIVE	UCIT	UNICREDIT SPA	IT	SINT	2018-11-26	2018-11-26					549300TRUWO2CD2G5692	MILAN	WWW.UNICREDIT.IT	SYSTEMATIC INTERNALISER.
UFEX	OPERATING	ACTIVE	UFEX	UFEX	UY	NSPD	2016-03-28	2016-03-28				UFEX		MONTEVIDEO	WWW.UFEX.COM.UY	URUGUAY FUTURES EXCHANGE
UGEN	OPERATING	ACTIVE	UGEN	UNITEDBLOCKTRADE	GB	NSPD	2021-06-28	2021-06-28			UNITED GENERAL LIMITED		9845009F695B98C2BA24	BRADFORD	WWW.UNITEDGENERAL.CO.UK	
UICE	OPERATING	ACTIVE	UICE	UKRAINIAN INTERBANK CURRENCY EXCHANGE	UA	NSPD	2018-10-22	2018-10-22				UICE	894500C5FJGWR7DWUN92	KIEV	WWW.UICEGROUP.COM	REGISTERED MARKET FOR EQUITIES, BONDS AND DERIVATIVES.
UKCA	OPERATING	ACTIVE	UKCA	CREDIT AGRICOLE CIB UK BRANCH	GB	SINT	2021-10-25	2021-10-25	2021-10-25		CREDIT AGRICOLE CORPORATE AND INVESTMENT BANK	CACIB UK SI	1VUV7VQFKUOQSJ21A208	LONDON	WWW.CA-CIB.COM	SYSTEMATIC INTERNALISER. FOR UK MIFID II.
UKEX	OPERATING	ACTIVE	UKEX	UKRAINIAN EXCHANGE	UA	NSPD	2011-12-26	2011-12-26						KIEV	WWW.UX.UA	REGISTERED MARKET FOR EQUITIES AND BONDS.
UKGD	SEGMENT	ACTIVE	XMTS	MTS UK	GB	NSPD	2011-07-25	2019-01-28						LONDON		THE MTS UK GOVERNMENT BOND MARKET OPERATES AS AN MTF AND WILL BE OPEN EXCLUSIVELY TO THE COMMUNITY OF GEMMS.
UKOR	SEGMENT	ACTIVE	ICPM	TP ICAP UK MTF - ORDERBOOK	GB	MLTF	2019-11-25	2023-10-23	2023-10-23		TP ICAP MTF LTD		21380063ZX54EUEMBR73	LONDON	HTTPS://TPICAP.COM/TPICAP/REGULATORY-HUB/TP-ICAP-UK-MTF	
UKPX	OPERATING	ACTIVE	UKPX	EPEX SPOT	GB	NSPD	2006-06-26	2024-05-27			EUROPEAN ENERGY EXCHANGE AG		529900J0JGLSFDWNFC20	LONDON	WWW.EPEXSPOT.COM	
UKRE	SEGMENT	ACTIVE	ICPM	TP ICAP UK MTF - REGISTRATION	GB	MLTF	2019-11-25	2023-10-23	2023-10-23		TP ICAP MTF LTD		21380063ZX54EUEMBR73	LONDON	HTTPS://TPICAP.COM/TPICAP/REGULATORY-HUB/TP-ICAP-UK-MTF	
ULTX	OPERATING	ACTIVE	ULTX	ALT XCHANGE (U)	UG	NSPD	2014-04-28	2014-04-28				ALTX UGANDA		KAMPALA	WWW.ALTXUG.COM	APPROVED MARKET FOR EQUITIES, BONDS AND DERIVATIVES
UMTS	OPERATING	EXPIRED	UMTS	MTS CEDULAS MARKET	GB	NSPD	2003-04-01	2011-02-28		2011-02-28				LONDON		DELETED AT THE REQUEST OF MTS GROUP.
UNGB	OPERATING	ACTIVE	UNGB	UNICREDIT BANK AG - LONDON BRANCH - UK	GB	SINT	2021-04-26	2021-04-26	2021-04-26		UNICREDIT BANK AG		2ZCNRR8UK83OBTEK2170	LONDON	WWW.HYPOVEREINSBANK.DE	SYSTEMATIC INTERNALISER. MIC CODE FOR UNICREDIT ACTING AS AN SYSTEMATIC INTERNALISER UNDER UK MIFIR/MIFID.
URCE	OPERATING	EXPIRED	URCE	REGIONAL EXCHANGE CENTRE - MICEX URAL	RU	NSPD	2003-04-01	2010-06-28		2010-06-28				EKATERINBURG		THE MICEX REGIONAL EXCHANGE CENTRES ONLY INITIATE TRADE BUSINESS, I.E. THERE IS NO TRADE THERE.
USEF	OPERATING	EXPIRED	USEF	360 TRADING NETWORKS INC.	US	SEFS	2022-09-26	2022-11-28	2022-11-28	2022-11-28	360 TRADING NETWORKS INC.		5493006UQP8F8P24HJ68	NEW YORK	WWW.360T.COM	
USOB	SEGMENT	ACTIVE	XSTO	NASDAQ STOCKHOLM AB - OTC USD WB EQ DERIVATIVES	SE	RMKT	2022-05-23	2022-05-23			NASDAQ STOCKHOLM AB		549300KBQIVNEJEZVL96	STOCKHOLM	WWW.NASDAQOMXNORDIC.COM	
USWB	SEGMENT	ACTIVE	XSTO	NASDAQ STOCKHOLM AB - USD WB EQ DERIVATIVES	SE	RMKT	2017-04-24	2023-09-25	2023-09-25		NASDAQ STOCKHOLM AB		549300KBQIVNEJEZVL96	STOCKHOLM	WWW.NASDAQOMXNORDIC.COM	
USWP	SEGMENT	EXPIRED	XMTS	EUROMTS LIMITED	GB	NSPD	2022-08-22	2023-12-25	2023-12-25	2023-12-25	MTS INTERDEALER SWAPS MARKET UK		213800OANOWGT2KW8O63	LONDON	WWW.MTSMARKETS.COM	
UTSL	OPERATING	ACTIVE	UTSL	UEDA TRADITION SECURITIES LTD.	JP	NSPD	2018-02-26	2026-05-25			UEDA TRADITION SECURITIES LTD.		353800GH95A67C8SIV59	TOKYO	HTTP://UTS.TRADITIONASIA.COM/	
UTST	SEGMENT	ACTIVE	UTSL	UEDA TRADITION ETP	JP	OTHR	2026-05-25	2026-05-25	2026-05-25		UEDA TRADITION SECURITIES LTD.	UTS	353800GH95A67C8SIV59	TOKYO	WWW.UT-ETP.COM	JAPANESE ETP MARKET.
VABD	SEGMENT	ACTIVE	IBSC	ICE BONDPOINT	US	ATSS	2017-11-27	2025-04-28	2025-04-28		ICE BONDS SECURITIES CORPORATION		549300OUQA5TQ2JW3I71	NEW YORK	WWW.THEICE.COM	ICE BONDPOINT ATS IS OPERATED BY ICE BONDS SECURITIES CORPORATION.
VAGL	OPERATING	ACTIVE	VAGL	VIRTUAL AUCTION GLOBAL LIMITED	GB	NSPD	2017-10-23	2017-10-23				VAGLOBAL	2138007UL5D61PJZWV82	LONDON	WWW.VIRTUALAUCTIONGLOBAL.COM	NOT LIVE YET.
VAGM	OPERATING	ACTIVE	VAGM	VIRTUAL AUCTION GLOBAL MARKETS - MTF	GB	MLTF	2019-08-26	2019-08-26				VAGM MTF	213800HX7ARORQ7CJ735	LONDON	WWW.VIRTUALAUCTIONGLOBAL.COM	MULTILATERAL TRADING FACILITY.
VALX	SEGMENT	ACTIVE	VUSA	VIRTU CLIENT MARKET MAKING	US	NSPD	2018-12-24	2018-12-24				VCMM	549300RA02N3BNSWBV74	NEW YORK	WWW.VIRTU.COM	VIRTU CLIENT MARKET MAKING IS A WHOLESALE MARKET MAKER AND BLOCK POSITIONER IN OTC AND NMS US EQUITIES.
VAMS	OPERATING	ACTIVE	VAMS	VAMOS	ES	OTFS	2024-11-25	2024-11-25	2024-11-25		KEY CAPITAL PARTNERS AV SA	KCP	959800H9R31GYREXM142	MADRID	HTTPS://KEYCAPITAL.COM/	
VAVO	OPERATING	ACTIVE	VAVO	BITVAVO	NL	CASP	2025-03-24	2025-03-24	2025-03-24		BITVAVO B.V.		724500MX2WBKDJP9HE56	AMSTERDAM	HTTPS://BITVAVO.COM	
VCMO	OPERATING	ACTIVE	VCMO	VANTAGE CAPITAL MARKETS LLP - OTF	GB	OTFS	2017-08-28	2017-08-28			VANTAGE CAPITAL MARKETS LLP	VCM OTF	2138007ZHUXSGBB53N72	LONDON	WWW.VCMLLP.COM	ORGANISED TRADING FACILITY (OTF).
VCRS	SEGMENT	ACTIVE	VUSA	VIRTU MATCHIT - CONDITIONAL ROOM	US	ATSS	2018-11-26	2018-11-26				KCGM	549300RA02N3BNSWBV74	NEW YORK	WWW.VIRTU.COM	
VDRK	SEGMENT	ACTIVE	XTSX	TSX VENTURE EXCHANGE - DRK	CA	NSPD	2019-05-27	2019-05-27			TMX GROUP LIMITED	TSXV DRK	549300N65GFVKSHGJW59	TORONTO	WWW.TSX.COM	FOR TSXV DARK ORDER BOOK TRADES.
VEGA	OPERATING	ACTIVE	VEGA	VEGA-CHI	GB	NSPD	2009-09-28	2009-09-28					2138006YAA7IRVKKGE63	LONDON	WWW.VEGA-CHI.COM	ELECTRONIC TRADING PLATFORM FOR OTC SECURITIES. FSA APPROVAL RECEIVED ON JANUARY 2010.
VERT	OPERATING	ACTIVE	VERT	VERTICAL	US	NSPD	2017-05-22	2017-05-22				VERT	549300VZUQGQJJPM5M09	NEW YORK	WWW.VERTGRP.COM	MARKET MAKERS OF NASDAQ AND PINK SHEET SECURITIES.
VFCM	OPERATING	ACTIVE	VFCM	VIRTU FINANCIAL CAPITAL MARKETS LLC	US	NSPD	2016-04-25	2016-04-25				VFCM	5493001OPW2K42CH3884	NEW YORK	WWW.VIRTU.COM	ELECTRONIC TRADING PLATFORM FOR US EQUITIES.
VFEX	OPERATING	ACTIVE	VFEX	VICTORIA FALLS STOCK EXCHANGE	ZW	RMKT	2022-05-23	2022-05-23			VICTORIA FALLS STOCK EXCHANGE	VFEX		VICTORIA FALLS	WWW.VFEX.EXCHANGE	
VFGB	OPERATING	ACTIVE	VFGB	VIRTU FINANCIAL IRELAND LIMITED (LONDON BRANCH)	GB	SINT	2019-10-28	2019-10-28					549300XG5LFGN1IGYC71	LONDON	WWW.VIRTU.COM	SYSTEMATIC INTERNALISER.
VFIL	OPERATING	ACTIVE	VFIL	VIRTU FINANCIAL IRELAND LIMITED	IE	NSPD	2017-07-24	2017-07-24				VFIL	549300XG5LFGN1IGYC71	DUBLIN	WWW.VIRTU.COM	VIRTU FINANCIAL IRELAND LIMITED ELECTRONIC PLATFORMS.
VFMI	SEGMENT	ACTIVE	VUSA	VIRTU MATCHIT - MAIN CROSSING SESSION	US	ATSS	2018-11-26	2018-11-26				KCGM	549300RA02N3BNSWBV74	NEW YORK	WWW.VIRTU.COM	ALTERNATIVE TRADING SYSTEM FOR US EQUITIES EXECUTING VIRTU'S WHOLESALE, INSTITUTIONAL, CLIENT AND PROP FLOW.
VFSI	SEGMENT	ACTIVE	VFIL	VIRTU FINANCIAL IRELAND LIMITED - SYSTEMATIC INTERNALISER	IE	SINT	2017-07-24	2017-07-24				VIRTU SI	549300XG5LFGN1IGYC71	DUBLIN	WWW.VIRTU.COM	VIRTU FINANCIAL IRELAND LIMITED SYSTEMATIC INTERNALISER.
VFUK	OPERATING	EXPIRED	VFUK	VIRTU FINANCIAL IRELAND LIMITED (LONDON BRANCH)	GB	SINT	2019-04-22	2019-10-28		2019-10-28			549300XG5LFGN1IGYC71	LONDON	WWW.VIRTU.COM	SYSTEMATIC INTERNALISER.
VFXO	SEGMENT	ACTIVE	VFIL	VIRTU FINANCIAL IRELAND LIMITED - OTC	IE	NSPD	2017-07-24	2017-07-24				VIRTU OTC	549300XG5LFGN1IGYC71	DUBLIN	WWW.VIRTU.COM	VIRTU FINANCIAL IRELAND LIMITED SYSTEMATIC OTC PLATFORM.
VIRT	OPERATING	ACTIVE	VIRT	VIRTU FINANCIAL BD	US	NSPD	2017-03-27	2017-03-27				VEQ	54930088MP91YZQJT494	NEW YORK	WWW.VIRTU.COM	CHX REGISTERED BROKER-DEALER.
VIUK	OPERATING	ACTIVE	VIUK	POSIT UK	GB	NSPD	2019-10-28	2019-10-28					213800EEC95PRUCEUP63	LONDON	WWW.VIRTU.COM	
VKAB	SEGMENT	EXPIRED	KABU	KABU.COMPTS-VWAP	JP	NSPD	2011-02-28	2013-05-27		2013-05-27			MB56QSRJ3E5ZE1TK5Y54	TOKYO	WWW.KABU.COM	MARKET HAS CLOSED IN SEPTEMBER 2011
VLEX	OPERATING	ACTIVE	VLEX	VONTOBEL LIQUIDITY EXTENDER	CH	NSPD	2016-03-28	2017-07-24				VLEX	529900G69W5VR3DDPW23	ZURICH	WWW.VONTOBEL.COM	INTERNAL MARKET.
VMEX	OPERATING	ACTIVE	VMEX	VENOMEX LIMITED	AE	MLTF	2022-11-28	2022-11-28	2022-11-28		VENOMEX LIMITED	VMX	984500DT1B79C9A7B343	ABU DHABI	WWW.VENOMEX.COM	
VMFX	OPERATING	ACTIVE	VMFX	THE FAROESE SECURITIES MARKET	FO	NSPD	2011-08-22	2011-08-22						TORSHAVN	WWW.VMF.FO	THE FAROESE SECURITIES MARKET (VMF) IS THE STOCK EXCHANGE OF THE FAROE ISLANDS.
VMTS	SEGMENT	EXPIRED	XMTS	MTS SLOVENIA	GB	NSPD	2007-08-27	2019-04-22		2019-04-22			213800OANOWGT2KW8O63	LONDON	WWW.MTSSLOVENIA.COM	
VNDM	SEGMENT	ACTIVE	WSAG	WALL STREET ACCESS NYC - VNDM	US	NSPD	2020-07-27	2020-07-27				VNDM	549300Z0MOT47D6OQV22	NEW YORK	WWW.WSACCESS.COM	BROKER DEALER SPECIALIZING IN INSTITUTIONAL EXECUTION AND MARKET-MAKING IN US EQUITIES, FIXED INCOME AND OPTIONS.
VOLA	SEGMENT	EXPIRED	TRDE	TRADITION - VOLATIS	GB	NSPD	2012-06-25	2017-09-25		2017-09-25			5493009GUESWKOCRBE73	LONDON	WWW.TRADITION.COM	
VONT	OPERATING	ACTIVE	VONT	BANK VONTOBEL EUROPE AG	DE	SINT	2017-10-23	2017-10-23					529900KKJ9XOK6WO4426	FRANKFURT	WWW.VONTOBEL.DE	SYSTEMATIC INTERNALISER.
VPXB	SEGMENT	ACTIVE	XBRU	EURONEXT - VENTES PUBLIQUES BRUSSELS	BE	MLTF	2007-08-27	2025-12-22			EURONEXT BRUSSELS		5493007YLUF2KAS0TM17	BRUSSELS	WWW.EURONEXT.COM	
VRXP	SEGMENT	EXPIRED	XMLI	NYSE EURONEXT - COMPARTIMENT DES VALEURS RADIEES PARIS	FR	NSPD	2003-04-01	2008-03-24		2008-03-24				PARIS		THIS MTF HAS MERGED WITH NYSE EURONEXT MARCHE LIBRE PARIS (XMLI) IN JANUARY 2008
VTBC	OPERATING	ACTIVE	VTBC	VTB CAPITAL PLC	GB	SINT	2018-04-23	2018-04-23					74OG4PIVJ3TT4O5NSN12	LONDON	WWW.VTBCAPITAL.COM	SYSTEMATIC INTERNALISER.
VTEX	SEGMENT	EXPIRED	BNYC	VORTEX	US	NSPD	2009-03-23	2022-11-28		2015-10-01	CONVERGEX EXECUTION SOLUTIONS LLC			NEW YORK	WWW.BNYCONVERGEX.COM	DARK LIQUIDITY POOL
VTLS	SEGMENT	ACTIVE	VWDX	TRADELINK	DE	NSPD	2017-12-25	2017-12-25					529900ZVGQ4CNEVWBJ12	FRANKFURT	WWW.TRANSACTIONSOLUTIONS.DE	OVER-THE-COUNTER (OTC) TRADING PLATFORM FOR STRUCTURED PRODUCTS, EQUITIES AND BONDS.
VTPS	SEGMENT	ACTIVE	VWDX	TRADEPLUS	DE	OTFS	2017-12-25	2017-12-25					529900ZVGQ4CNEVWBJ12	FRANKFURT	WWW.TRANSACTIONSOLUTIONS.DE	ORGANISED TRADING FACILITY (OTF) FOR STRUCTURED PRODUCTS AND BONDS. LIVE IN JANUARY 2018.
VUBA	OPERATING	ACTIVE	VUBA	VSEOBECNA UVEROVA BANKA, AS	SK	SINT	2023-02-27	2023-02-27	2023-02-27		VSEOBECNA UVEROVA BANKA, AS	VUB, A.S.	549300JB1P61FUTPEZ75	BRATISLAVA	WWW.VUB.SK	
VUSA	OPERATING	ACTIVE	VUSA	VIRTU AMERICAS LLC	US	NSPD	2018-11-26	2018-11-26				VAL	549300RA02N3BNSWBV74	NEW YORK	WWW.VIRTU.COM	BROKER DEALER OPERATING OTC AND ON EXCHANGE MARKET MAKING BUSINESSES AND EXECUTION SERVICES DIVISION IN US EQUITIES.
VWAP	SEGMENT	ACTIVE	CCXE	CBOE EUROPE EQUITIES - NL	NL	MLTF	2024-07-22	2024-07-22	2024-07-22		CBOE EUROPE B.V.		2549007JY1TP7I1IMY80	AMSTERDAM	WWW.MARKETS.CBOE.COM/EUROPE/EQUITIES/OVERVIEW/	
VWDA	SEGMENT	ACTIVE	VWDX	VWD - APA SERVICE	DE	APPA	2019-04-22	2019-04-22					529900ZVGQ4CNEVWBJ12	FRANKFURT	WWW.TRANSACTIONSOLUTIONS.DE	APPROVED PUBLICATION ARRANGEMENT.
VWDX	OPERATING	ACTIVE	VWDX	VWD TRANSACTIONSOLUTIONS AG	DE	NSPD	2017-09-25	2017-12-25					529900ZVGQ4CNEVWBJ12	FRANKFURT	WWW.TRANSACTIONSOLUTIONS.DE	
WABR	SEGMENT	ACTIVE	WSAG	WALL STREET ACCESS NYC	US	NSPD	2020-07-27	2020-07-27				WABR	549300Z0MOT47D6OQV22	NEW YORK	WWW.WSACCESS.COM	BROKER DEALER SPECIALIZING IN INSTITUTIONAL EXECUTION AND MARKET-MAKING IN US EQUITIES, FIXED INCOME AND OPTIONS.
WBAH	SEGMENT	ACTIVE	XWBO	WIENER BOERSE AG AMTLICHER HANDEL (OFFICIAL MARKET)	AT	RMKT	2007-07-23	2007-07-23			WIENER BOERSE AG		315700ENWH1A81RCVZ91	VIENNA	WWW.WIENERBOERSE.AT	
WBCL	SEGMENT	ACTIVE	XWAR	WARSAW STOCK EXCHANGE/BONDS/CATALYST/LISTING	PL	RMKT	2013-04-22	2013-08-26					25940039ZHD3Z37GKR71	WARSAW	WWW.GPWCATALYST.PL	
WBDM	SEGMENT	ACTIVE	XWBO	WIENER BOERSE AG VIENNA MTF (VIENNA MTF)	AT	MLTF	2007-07-23	2022-04-25			WIENER BOERSE AG		315700ENWH1A81RCVZ91	VIENNA	WWW.WIENERBOERSE.AT	
WBDP	SEGMENT	ACTIVE	XWBO	WIENER BOERSE AG DIRECT MARKET PLUS	AT	MLTF	2026-05-25	2026-05-25	2026-05-25		WIENER BOERSE AG		315700ENWH1A81RCVZ91	VIENNA	WWW.WIENERBOERSE.AT	
WBGF	SEGMENT	EXPIRED	XWBO	WIENER BOERSE AG GEREGELTER FREIVERKEHR (SECOND REGULATED MARKET)	AT	NSPD	2007-07-23	2019-03-25		2019-03-25	WIENER BOERSE AG		315700ENWH1A81RCVZ91	VIENNA	WWW.WIENERBOERSE.AT	
WBKP	OPERATING	ACTIVE	WBKP	BANK ZACHODNI WBK S.A.	PL	SINT	2017-10-23	2017-10-23				BZ WBK	259400LGXW3K0GDAG361	WROCLAW	WWW.BZWBK.PL	SYSTEMATIC INTERNALISER.
WBLC	SEGMENT	EXPIRED	XWAR	WARSAW STOCK EXCHANGE/BONDS/CATALYST/LISTING	PL	NSPD	2012-12-24	2013-04-22		2013-04-22				WARSAW	WWW.GPWCATALYST.PL	
WBMA	SEGMENT	ACTIVE	XWBO	WIENER BOERSE AG MIDPOINT AMTLICHER HANDEL (OFFICIAL MARKET)	AT	RMKT	2024-07-22	2024-07-22	2024-07-22		WIENER BOERSE AG	WBAG	315700ENWH1A81RCVZ91	VIENNA	WWW.WIENERBOERSE.AT	
WBON	SEGMENT	ACTIVE	XWAR	WARSAW STOCK EXCHANGE/ BONDS/CATALYST/MAIN MARKET	PL	RMKT	2012-05-28	2013-08-26					25940039ZHD3Z37GKR71	WARSAW	WWW.GPWCATALYST.PL	
WCDE	SEGMENT	EXPIRED	XWAR	WARSAW STOCK EXCHANGE/COMMODITY DERIVATIVES	PL	NSPD	2012-09-24	2015-02-23		2015-02-23				WARSAW	WWW.POCHODNE.GPW.PL	MARKET HAS CEASED ITS ACTIVITY
WCLK	SEGMENT	EXPIRED	ICAP	ICAP WCLK	GB	NSPD	2007-06-25	2018-08-27		2018-08-27			21380063ZX54EUEMBR73	LONDON	WWW.ICAP.COM	
WDER	SEGMENT	ACTIVE	XWAR	WARSAW STOCK EXCHANGE/FINANCIAL DERIVATIVES	PL	RMKT	2012-09-24	2013-08-26					25940039ZHD3Z37GKR71	WARSAW	WWW.POCHODNE.GPW.PL	
WEED	OPERATING	EXPIRED	WEED	WEEDEN AND CO MARKETS	US	NSPD	2017-03-27	2019-11-25		2019-11-25			549300OYBLKSN8M8EW67	GREENWICH	WWW.WEEDENCO.COM	
WELN	OPERATING	ACTIVE	WELN	WEL	GB	SINT	2018-09-24	2018-09-24				WEL SI	549300RTZMW2HYAV4515	LONDON	WWW.WESTPAC.COM.AU/ABOUT-WESTPAC/GLOBAL-LOCATIONS/WESTPAC-UK/	SYSTEMATIC INTERNALISER.
WELS	OPERATING	ACTIVE	WELS	WELLS FARGO SECURITIES, LLC - EQUITIES	US	NSPD	2018-08-27	2022-12-26	2022-12-26		WELLS FARGO SECURITIES, LLC	WCHV	VYVVCKR63DVZZN70PB21	NEW YORK	WWW.WELLSFARGO.COM/CIB/INSTITUTIONAL-INVESTING/WATS-ELECTRONIC-TRADING/	WELLS FARGO SECURITIES LIQUIDITY PARTITION AT LEVEL ATS.
WELX	OPERATING	EXPIRED	WELX	WELLS FARGO LIQUIDITY CROSS ATS	US	ATSS	2012-06-25	2018-08-27		2018-08-27			VYVVCKR63DVZZN70PB21	CHARLOTTE	WWW.WELLSFARGO.COM	
WETP	SEGMENT	ACTIVE	XWAR	WARSAW STOCK EXCHANGE/ ETPS	PL	RMKT	2012-05-28	2013-08-26					25940039ZHD3Z37GKR71	WARSAW	WWW.GPW.PL	
WFLB	OPERATING	ACTIVE	WFLB	WELLS FARGO BANK NA - LONDON BRANCH	GB	SINT	2020-07-27	2020-07-27					KB1H1DSPRFMYMCUFXT09	LONDON	WWW.EMEA.WF.COM	SYSTEMATIC INTERNALISER. FX AND RATES DERIVATIVES.
WFLP	SEGMENT	ACTIVE	WELS	WELLS FARGO SECURITIES, LLC - EQUITIES - LIQUIDITY PROVIDERS	US	ATSS	2024-06-24	2024-06-24	2024-06-24		WELLS FARGO SECURITIES, LLC	WCHV	VYVVCKR63DVZZN70PB21	NEW YORK	WWW.WELLSFARGO.COM/CIB/INSTITUTIONAL-INVESTING/WATS-ELECTRONIC-TRADING/	WELLS FARGO SECURITIES LIQUIDITY PROVIDER PARTITION AT INTELLIGENTCROSS.
WFSE	OPERATING	EXPIRED	WFSE	WELLS FARGO SECURITIES EUROPE, S.A.	FR	SINT	2020-07-27	2022-09-26	2022-09-26	2022-09-26	WELLS FARGO SECURITIES EUROPE	WFSE	549300AQWOOF7S8JFF80	PARIS	WWW.WELLSFARGO.COM	
WGAS	SEGMENT	EXPIRED	XWAR	WARSAW STOCK EXCHANGE/COMMODITIES/POLISH POWER EXCHANGE/GAS	PL	NSPD	2012-05-28	2020-03-23		2020-03-23			2594001J9XAPI7Z2IB24	WARSAW	WWW.TGE.PL	ADAPTATION TO OTF.
WIND	SEGMENT	ACTIVE	XWAR	WARSAW STOCK EXCHANGE/INDICES	PL	RMKT	2012-05-28	2021-06-28	2021-06-28		GPW BENCHMARK	GPWB	25940039ZHD3Z37GKR71	WARSAW	WWW.GPWBENCHMARK.PL	
WINS	OPERATING	ACTIVE	WINS	WINTERFLOOD - ELECTRONIC PLATFORM	GB	OTHR	2014-10-27	2026-06-22	2026-06-22		MAREX FINANCIAL	WINS	5493003EETVWYSIJ5A20	LONDON	WWW.WINTERFLOOD.COM	REGISTERED MARKET MAKER – ELECTRONIC PLATFORM
WINX	SEGMENT	ACTIVE	WINS	WINTERFLOOD - MANUAL TRADING	GB	OTHR	2017-06-26	2026-06-22	2026-06-22		MAREX FINANCIAL		5493003EETVWYSIJ5A20	LONDON	WWW.WINTERFLOOD.COM	REGISTERED MARKET MAKER - MANUAL TRADING
WIPO	SEGMENT	ACTIVE	XWAR	WARSAW STOCK EXCHANGE - OTHER THAN XOFF OR XXXX	PL	RMKT	2017-07-24	2019-09-23				WSE	25940039ZHD3Z37GKR71	WARSAW	WWW.WSE.PL	ONLY FOR IPO/SPO PURPOSES. TRANSACTIONS ARE NOT SUBJECTED TO BE REPORTED TO ARM.
WMFS	OPERATING	ACTIVE	WMFS	WEMATCH	GB	MLTF	2024-11-25	2024-11-25	2024-11-25		WEMATCH.LIVE FS LTD		984500DJ5C3EMDB7DD03	LONDON	HTTPS://WEMATCH.LIVE/	
WMSL	SEGMENT	ACTIVE	WMFS	WEMATCH - SBL	GB	MLTF	2025-07-28	2025-07-28	2025-07-28		WEMATCH.LIVE FS LTD		984500DJ5C3EMDB7DD03	LONDON	HTTPS://WEMATCH.LIVE/	
WMSW	SEGMENT	ACTIVE	WMFS	WEMATCH - SWAPS	GB	MLTF	2024-11-25	2024-11-25	2024-11-25		WEMATCH.LIVE FS LTD		984500DJ5C3EMDB7DD03	LONDON	HTTPS://WEMATCH.LIVE/	
WMTF	SEGMENT	ACTIVE	XWAR	WARSAW STOCK EXCHANGE/BONDS/CATALYST/MTF	PL	MLTF	2012-05-28	2013-08-26						WARSAW	WWW.GPWCATALYST.PL	
WMUS	OPERATING	ACTIVE	WMUS	WEMATCH US	US	OTHR	2024-12-23	2024-12-23	2024-12-23		WEMATCH.LIVE LLC		9845004CA04V768BFF14	NEW YORK	HTTPS://WEMATCH.LIVE/	
WOOD	OPERATING	ACTIVE	WOOD	WOOD AND COMPANY FINANCIAL SERVICES, A.S.	CZ	SINT	2017-10-23	2017-10-23					549300UYJKOXE3HB8L79	PRAGUE	WWW.WOOD.CZ	SYSTEMATIC INTERNALISER.
WOPO	SEGMENT	EXPIRED	XWAR	WARSAW STOCK EXCHANGE - SPO BOOK BUILDING	PL	RMKT	2017-10-23	2019-09-23		2019-09-23		WSE	25940039ZHD3Z37GKR71	WARSAW	WWW.WSE.PL	
WQXL	SEGMENT	ACTIVE	XLIS	EURONEXT - MARKET WITHOUT QUOTATIONS LISBON	PT	NSPD	2007-08-27	2023-03-27	2023-03-27		EURONEXT LISBON - SOCIEDADE GESTORA DE MERCADOS REGULAMENTADOS S.A.		529900K0OK4J5I7A5V66	LISBON	WWW.EURONEXT.COM	
WSAG	OPERATING	ACTIVE	WSAG	WALL STREET ACCESS	US	NSPD	2015-02-23	2015-02-23				WSAG	549300Z0MOT47D6OQV22	NEW YORK	WWW.WSACCESS.COM	ELECTRONIC TRADING PLATFORM FOR US EQUITIES.
WSBL	SEGMENT	ACTIVE	WMUS	WEMATCH US - SBL	US	ATSS	2025-11-24	2025-11-24	2025-11-24		WEMATCH.LIVE LLC		9845004CA04V768BFF14	NEW YORK	HTTPS://WEMATCH.LIVE/	
WSIL	OPERATING	ACTIVE	WSIL	WELLS FARGO SECURITIES INTERNATIONAL	GB	NSPD	2018-09-24	2018-09-24					BWS7DNS2Z4NPKPNYKL75	LONDON	WWW.WELLSFARGO.COM	
WSIN	OPERATING	EXPIRED	WSIN	WESTPAC BANKING CORPORATION	GB	SINT	2018-09-24	2024-05-27		2024-05-27	WESTPAC BANKING CORPORATION	WBC SI	EN5TNI6CI43VEPAMHL14	LONDON	WWW.WESTPAC.COM.AU/ABOUT-WESTPAC/GLOBAL-LOCATIONS/WESTPAC-UK/	SYSTEMATIC INTERNALISER.
WTRS	SEGMENT	ACTIVE	WMUS	WEMATCH US - SWAPS	US	OTHR	2024-12-23	2024-12-23	2024-12-23		WEMATCH.LIVE LLC		9845004CA04V768BFF14	NEW YORK	HTTPS://WEMATCH.LIVE/	
XA1X	OPERATING	EXPIRED	XA1X	A1	AR	NSPD	2003-04-01	2011-01-24		2011-01-24				BUENOS AIRES		
XABC	OPERATING	ACTIVE	XABC	ABG SUNDAL COLLIER AB	SE	SINT	2017-12-25	2017-12-25					549300FMOYCQNLVRRP95	STOCKHOLM	WWW.ABGSC.COM	SYSTEMATIC INTERNALISER.
XABG	OPERATING	ACTIVE	XABG	ABG SUNDAL COLLIER ASA	NO	SINT	2017-12-25	2017-12-25				ABG	2138005DRCU66B8BNY04	OSLO	WWW.ABGSC.COM	SYSTEMATIC INTERNALISER.
XABJ	OPERATING	EXPIRED	XABJ	BOURSE DES VALEURS ABIDJAN	CI	NSPD	2003-04-01	2004-01-26		2004-01-26			213800L92WR3SCVMHJ53	ABIDJAN		
XABX	OPERATING	ACTIVE	XABX	ABAXX EXCHANGE	SG	RMOS	2022-07-25	2022-07-25			ABAXX EXCHANGE PTE. LTD.	XABX	984500H0D7071174BA73	SINGAPORE	WWW.ABAXX.EXCHANGE	COMMODITIES AND DERIVATIVES TRADING EXCHANGE
XACD	SEGMENT	ACTIVE	XDUB	EURONEXT ACCESS DUBLIN	IE	MLTF	2024-12-23	2024-12-23	2024-12-23		THE IRISH STOCK EXCHANGE PUBLIC LIMITED COMPANY		635400DZBUIMTBCXGA12	DUBLIN	WWW.EURONEXT.COM	
XACE	OPERATING	EXPIRED	XACE	AMSTERDAM COMMODITY EXCHANGE	NL	NSPD	2003-04-01	2003-04-28		2003-04-28				AMSTERDAM		
XADE	SEGMENT	ACTIVE	ASEX	ATHENS EXCHANGE S.A. DERIVATIVES MARKET	GR	RMKT	2007-11-26	2016-11-28			HELLENIC EXCHANGES-ATHENS STOCK EXCHANGE S.A.	ATHEXD	549300GSRN07MNENPL97	ATHENS	WWW.ATHEXGROUP.GR	
XADF	SEGMENT	ACTIVE	FINR	FINRA ALTERNATIVE DISPLAY FACILITY (ADF)	US	NSPD	2013-01-28	2024-05-27	2024-05-27		FINANCIAL INDUSTRY REGULATORY AUTHORITY, INC.		254900F5GTSJJHGE9287	WASHINGTON/NEW YORK	WWW.FINRA.ORG	THE ALTERNATIVE DISPLAY FACILITY (ADF) IS AN SRO DISPLAY ONLY FACILITY THAT IS OPERATED BY FINRA.
XADS	OPERATING	ACTIVE	XADS	ABU DHABI SECURITIES EXCHANGE	AE	NSPD	2011-06-27	2011-06-27				ADSM		ABU DHABI	WWW.ADX.AE	
XAEX	OPERATING	EXPIRED	XAEX	AEX-AGRICULTURAL FUTURES EXCHANGE	NL	NSPD	2003-04-01	2003-04-28		2003-04-28				AMSTERDAM		
XAFR	OPERATING	ACTIVE	XAFR	ALTERNATIVA FRANCE	FR	NSPD	2008-06-23	2008-06-23						PARIS	WWW.ALTERNATIVA.FR	MULTILATERAL TRADING FACILITY FOR UNQUOTED STOCKS AND FUNDS.
XAFX	OPERATING	ACTIVE	XAFX	AFRICAN STOCK EXCHANGE	MU	NSPD	2014-08-25	2014-08-25						EBENE CITY	WWW.BHUMISHQ.COM	ELECTRONIC TRADING PLATFORM FOR EQUITIES AND BONDS MARKET
XAIM	SEGMENT	EXPIRED	XMIL	AIM ITALIA - MERCATO ALTERNATIVO DEL CAPITALE	IT	NSPD	2012-04-23	2021-10-25	2021-10-25	2021-10-25	BORSA ITALIANA S.P.A.		8156005391EE905D3124	MILAN	WWW.BORSAITALIANA.IT	MULTILATERAL TRADING FACILITY - MERGE OF AIM ITALIA AND MAC, MAC WILL BE OPENED TILL END 2012.
XALB	OPERATING	EXPIRED	XALB	ALBERTA STOCK EXCHANGE, THE	CA	NSPD	2003-04-01	2003-04-28		2003-04-28				ALBERTA		
XALG	OPERATING	ACTIVE	XALG	ALGIERS STOCK EXCHANGE	DZ	RMKT	2005-06-27	2025-10-27			SOCIETE DE GESTION DE LA BOURSE DES VALEURS (SGBV)	SGBV		ALGIERS	WWW.SGBV.DZ	
XALS	OPERATING	ACTIVE	XALS	ALBANIA SECURITIES EXCHANGE	AL	RMKT	2019-04-22	2019-04-22				ALSE		TIRANA	WWW.ALSE.AL	ALL CLASSES OF SECURITIES.
XALT	OPERATING	ACTIVE	XALT	ALTEX - ATS	GB	ATSS	2007-06-25	2007-06-25						LONDON	WWW.ALTEX-ATS.CO.UK	
XAMC	SEGMENT	ACTIVE	XAMS	EURONEXT AMSTERDAM – MULTI-CURRENCY TRADING	NL	RMKT	2025-03-24	2025-03-24	2025-03-24		EURONEXT AMSTERDAM N.V.		724500V6UOK62XEZ2L78	AMSTERDAM	WWW.EURONEXT.COM	
XAMM	OPERATING	ACTIVE	XAMM	AMMAN STOCK EXCHANGE	JO	NSPD	2005-06-27	2019-10-28				ASE		AMMAN	WWW.EXCHANGE.JO	
XAMS	OPERATING	ACTIVE	XAMS	EURONEXT - EURONEXT AMSTERDAM	NL	RMKT	2005-06-27	2015-04-27					724500V6UOK62XEZ2L78	AMSTERDAM	WWW.EURONEXT.COM	
XAND	OPERATING	ACTIVE	XAND	ASIANEXT DERIVATIVES	SG	CASP	2022-12-26	2024-05-27	2024-05-27		ASIA DIGITAL DERIVATIVES PTE. LTD.		213800C3T4MEBJ88WM62	SINGAPORE	WWW.ASIANEXT.COM	
XANM	OPERATING	ACTIVE	XANM	ASIANEXT TOKEN MARKETPLACE	SG	RMOS	2023-04-24	2023-04-24	2023-04-24		ASIA DIGITAL EXCHANGE PTE. LTD		213800BH3E3OLFIMH912	SINGAPORE	WWW.ASIANEXT.COM	
XANS	OPERATING	ACTIVE	XANS	ASIANEXT CRYPTO SPOT	SG	CASP	2024-05-27	2024-05-27	2024-05-27		ASIA DIGITAL ASSET EXCHANGE PTE. LTD.		213800J8DXM1GRP3QS86	SINGAPORE	WWW.ASIANEXT.COM	
XANT	OPERATING	EXPIRED	XANT	BEURS VAN ANTWERPEN (ANTWERP STOCK EXCHANGE)	BE	NSPD	2003-04-01	2003-04-28		2003-04-28			549300WXTG44IWPZQF60	ANTWERPEN		
XAOM	OPERATING	EXPIRED	XAOM	AUSTRALIAN OPTIONS MARKET	AU	NSPD	2003-04-01	2004-06-28		2004-06-28				SYDNEY		
XAPA	SEGMENT	ACTIVE	XPAR	EURONEXT - APA	FR	APPA	2017-12-25	2017-12-25			EURONEXT PARIS SA		969500HMVSZ0TCV65D58	PARIS	WWW.EURONEXT.COM	APPROVED PUBLICATION ARRANGEMENT.
XAPI	OPERATING	EXPIRED	XAPI	REGIONAL EXCHANGE CENTRE - MICEX FAR EAST	RU	NSPD	2007-11-26	2013-03-25		2013-03-25		MICEX FAR EAST		VLADIVOSTOK	WWW.MMVBDV.RU	
XAQS	OPERATING	ACTIVE	XAQS	AUTOMATED EQUITY FINANCE MARKETS	US	ATSS	2008-10-27	2008-10-27				AQS		NEW YORK	WWW.QUADRISERV.COM	ATS FOR STOCK LENDING AND BORROWING
XARC	OPERATING	EXPIRED	XARC	THE ARCHIPELAGO ECN	US	NSPD	2003-04-01	2006-09-25		2006-09-25				CHICAGO		
XARM	OPERATING	UPDATED	XARM	ARMENIA STOCK EXCHANGE	AM	RMKT	2011-02-28	2026-09-28	2026-09-28		ARMENIA STOCK EXCHANGE OJSC	AMX		YEREVAN	WWW.AMX.AM	
XASE	SEGMENT	ACTIVE	XNYS	NYSE AMERICAN LLC	US	RMKT	2009-05-25	2025-04-28	2025-04-28		INTERCONTINENTAL EXCHANGE, INC.	AMEX	5493000F4ZO33MV32P92	NEW YORK	WWW.NYSE.COM	
XASM	SEGMENT	EXPIRED	XDUB	IRISH STOCK EXCHANGE - GLOBAL EXCHANGE MARKET	IE	NSPD	2003-04-01	2010-08-23	2010-08-23	2010-08-23			635400DZBUIMTBCXGA12	DUBLIN		THE IRISH STOCK EXCHANGE IS MOVING TO A SINGLE MIC CODE REGIME AND THEREFORE XDUB WILL BE THE MIC CODE FOR ALL IRISH STOCK EXCHANGE MARKETS.
XASX	OPERATING	ACTIVE	XASX	ASX - ALL MARKETS	AU	NSPD	2012-05-28	2024-04-22	2024-04-22		ASX OPERATIONS PTY. LTD.	ASX	549300SDXT36XYPVWI79	SYDNEY	WWW.ASX.COM.AU	
XATH	SEGMENT	ACTIVE	ASEX	ATHENS EXCHANGE S.A. CASH MARKET	GR	RMKT	2007-11-26	2016-11-28			HELLENIC EXCHANGES-ATHENS STOCK EXCHANGE S.A.	ATHEXC	549300GSRN07MNENPL97	ATHENS	WWW.ATHEXGROUP.GR	
XATL	SEGMENT	ACTIVE	XDUB	ATLANTIC SECURITIES MARKET	IE	MLTF	2015-01-26	2025-12-22			THE IRISH STOCK EXCHANGE PLC	ISE ASM	635400DZBUIMTBCXGA12	DUBLIN	WWW.ISE.IE	ATLANTIC SECURITIES MARKET (ASM). THE ASM IS AUTHORISED BY THE CENTRAL BANK OF IRELAND AS A MTF AND IS REGULATED BY THE IRISH STOCK EXCHANGE PLC.
XATS	OPERATING	ACTIVE	XATS	ALPHA EXCHANGE	CA	NSPD	2012-05-28	2023-04-24	2023-04-24		TMX GROUP LIMITED		549300N65GFVKSHGJW59	TORONTO	WWW.TMX.COM	REGULATED MARKETPLACE FOR TRADING EQUITY AND EQUITY RELATED SECURITIES.
XATX	SEGMENT	ACTIVE	XATS	ALPHA-X	CA	RMKT	2023-04-24	2023-04-24	2023-04-24		TMX GROUP LIMITED		549300N65GFVKSHGJW59	TORONTO	WWW.TMX.COM	
XAUK	OPERATING	EXPIRED	XAUK	NEW ZEALAND STOCK EXCHANGE - AUCKLAND	NZ	NSPD	2003-04-01	2003-04-28		2003-04-28				AUCKLAND		
XAZX	OPERATING	EXPIRED	XAZX	ARIZONA STOCK EXCHANGE	US	NSPD	2003-04-01	2007-09-24		2007-09-24				PHOENIX		
XBAA	OPERATING	ACTIVE	XBAA	BAHAMAS INTERNATIONAL SECURITIES EXCHANGE	BS	NSPD	2005-06-27	2005-06-27				BISX		NASAU	WWW.BISXBAHAMAS.COM	
XBAB	OPERATING	ACTIVE	XBAB	BARBADOS STOCK EXCHANGE	BB	NSPD	2005-06-27	2005-06-27				BSE		BRIDGETOWN	WWW.BSE.COM.BB	MAIN MARKET
XBAH	OPERATING	ACTIVE	XBAH	BAHRAIN BOURSE	BH	NSPD	2011-06-27	2011-06-27				BSE		MANAMA	WWW.BAHRAINBOURSE.COM.BH	
XBAN	OPERATING	ACTIVE	XBAN	BANGALORE STOCK EXCHANGE LTD	IN	NSPD	2005-06-27	2005-06-27						BANGALORE	WWW.BGSE.CO.IN	
XBAR	SEGMENT	ACTIVE	BMEX	BOLSA DE BARCELONA	ES	RMKT	2011-06-27	2011-06-27					959800Z25H6MSXFBBG16	BARCELONA	WWW.BORSABCN.ES	
XBAV	OPERATING	EXPIRED	XBAV	MERCHBOLSA AGENCIA DE VALORES, S.A.	ES	NSPD	2003-04-01	2007-07-23		2007-07-23			5493001Z35IF32E2OP84	BARCELONA		
XBBF	OPERATING	EXPIRED	XBBF	BOLSA BRASILIERA DE FUTUROS	BR	NSPD	2003-04-01	2007-09-24		2007-09-24			4GTK5S46E6H318LMDS44	RIO DE JANEIRO		
XBBJ	OPERATING	ACTIVE	XBBJ	JAKARTA FUTURES EXCHANGE (BURSA BERJANGKA JAKARTA)	ID	NSPD	2005-06-27	2005-06-27				BBJ		JAKARTA	WWW.BBJ-JFX.COM	
XBBK	OPERATING	ACTIVE	XBBK	PERIMETER FINANCIAL CORP. - BLOCKBOOK ATS	CA	ATSS	2008-05-26	2008-05-26						TORONTO	WWW.PFIN.CA	ALTERNATIVE TRADING SYSTEM FOR BLOCK TRADING OF CANADIAN LISTED EQUITIES
XBCC	OPERATING	ACTIVE	XBCC	BOLSA DE COMERCIO DE CORDOBA	AR	NSPD	2011-01-24	2011-01-24						CORDOBA	WWW.BOLSACBA.COM.AR	
XBCE	OPERATING	EXPIRED	XBCE	BUDAPEST COMMODITY EXCHANGE	HU	NSPD	2003-04-01	2006-09-25		2006-09-25			54930094UMSXWVWJMT48	BUDAPEST		
XBCL	OPERATING	ACTIVE	XBCL	LA BOLSA ELECTRONICA DE CHILE	CL	NSPD	2005-06-27	2005-06-27				BOLCHILE		SANTIAGO	WWW.BOLCHILE.CL	
XBCM	OPERATING	ACTIVE	XBCM	BOLSA DE COMERCIO DE MENDOZA S.A.	AR	NSPD	2011-01-24	2011-01-24						MENDOZA	WWW.BOLSAMZA.COM.AR	
XBCV	OPERATING	ACTIVE	XBCV	BOLSA CENTROAMERICANA DE VALORES	HN	RMKT	2005-06-27	2025-10-27			BOLSA CENTROAMERICANA DE VALORES S.A.	BCV	894500N62P5L0WYZYL90	TEGUCIGALPA	WWW.BCV.HN	
XBCX	SEGMENT	ACTIVE	XBCM	MERCADO DE VALORES DE MENDOZA S.A.	AR	NSPD	2011-01-24	2011-01-24						MENDOZA	WWW.MERVALMZA.COM.AR	
XBDA	OPERATING	ACTIVE	XBDA	BERMUDA STOCK EXCHANGE LTD	BM	NSPD	2005-06-27	2005-06-27				BSX		HAMILTON	WWW.BSX.COM	
XBDV	OPERATING	ACTIVE	XBDV	BOLSA DE DIVIDA E VALORES DE ANGOLA (BODIVA) - ANGOLA SECURITIES EXCHANGE	AO	NSPD	2017-04-24	2017-04-24			BOLSA DE DIVIDA E VALORES DE ANGOLA – SOCIEDADE GESTORA DE MERCADOS REGULAMENTADOS, S.A.	BODIVA	2138003VQHOK8RANP296	LUANDA	WWW.BODIVA.AO	REGULATED MARKETS FOR SECURITIES TRADING.
XBEL	OPERATING	ACTIVE	XBEL	BELGRADE STOCK EXCHANGE	RS	RMKT	2010-05-24	2026-04-27	2026-04-27		BEOGRADSKA BERZA A.D. BEOGRAD	BGDX		BELGRADE	HTTPS://BGDX.RS/	
XBER	OPERATING	ACTIVE	XBER	BOERSE BERLIN	DE	NSPD	2007-09-24	2007-09-24					391200I7OS301UELZA68	BERLIN	WWW.BOERSE-BERLIN.DE	
XBES	SEGMENT	ACTIVE	XJSE	JSE CASH BOND MARKET	ZA	NSPD	2011-03-28	2015-04-27				BESA	213800MZ1VUQEBWRFO39	JOHANNESBURG	WWW.JSE.CO.ZA	JSE – FORMER BOND EXCHANGE OF SOUTH AFRICA.
XBEY	OPERATING	ACTIVE	XBEY	BOURSE DE BEYROUTH - BEIRUT STOCK EXCHANGE	LB	NSPD	2009-04-27	2009-04-27				BSE	549300D71YXF9YLC8J12	BEIRUT	WWW.BSE.COM.LB	
XBFO	OPERATING	EXPIRED	XBFO	BELGIAN FUTURES AND OPTIONS EXCHANGE	BE	NSPD	2003-04-01	2003-06-23		2003-06-23			5493007YLUF2KAS0TM17	BRUSSELS		
XBIL	SEGMENT	ACTIVE	BMEX	BOLSA DE VALORES DE BILBAO	ES	RMKT	2005-06-27	2005-06-27					959800LHEKKMW5L1CL09	BILBAO	WWW.BOLSABILBAO.ES	
XBIS	SEGMENT	ACTIVE	XBAB	BARBADOS STOCK EXCHANGE - INTERNATIONAL SECURITIES MARKET	BB	NSPD	2021-03-22	2021-03-22			BARBADOS STOCK EXCHANGE	ISM		BRIDGETOWN	WWW.BSE.COM.BB	
XBKF	SEGMENT	ACTIVE	XBKK	STOCK EXCHANGE OF THAILAND - FOREIGN BOARD	TH	NSPD	2005-06-27	2005-06-27				SET	254900R211PTUP8K9M82	BANGKOK	WWW.SET.OR.TH	
XBKK	OPERATING	ACTIVE	XBKK	STOCK EXCHANGE OF THAILAND	TH	NSPD	2005-06-27	2024-04-22	2024-04-22		STOCK EXCHANGE OF THAILAND	SET	254900R211PTUP8K9M82	BANGKOK	WWW.SET.OR.TH	
XBLB	OPERATING	ACTIVE	XBLB	BANJA LUKA STOCK EXCHANGE	BA	RMKT	2005-10-24	2025-10-27	2025-10-27		BANJA LUKA STOCK EXCHANGE	BLSE	254900MTDVFDB1BZQE52	BANJA LUKA	WWW.BLBERZA.COM	
XBLK	SEGMENT	ACTIVE	XPAR	EURONEXT BLOCK 2	FR	NSPD	2019-01-28	2019-01-28					969500HMVSZ0TCV65D58	PARIS	WWW.EURONEXT.COM	
XBLN	OPERATING	ACTIVE	XBLN	BLUENEXT	FR	NSPD	2011-04-25	2011-04-25						PARIS	WWW.BLUENEXT.EU	BLUENEXT MTF HAS BECOME A REGULATED MARKET.
XBMF	OPERATING	EXPIRED	XBMF	BOLSA DE MERCADORIAS E FUTUROS	BR	NSPD	2003-04-01	2010-05-24		2010-05-24			4GTK5S46E6H318LMDS44	SAO PAULO		MERGER BETWEEN THE BRAZILIAN MERCANTILE AND FUTURES EXCHANGE (BM AND F) AND THE SAO PAULO STOCK EXCHANGE (BOVESPA) => BM AND F BOVESPA S.A.
XBMK	OPERATING	EXPIRED	XBMK	BONDMART	US	NSPD	2003-04-01	2009-06-22		2009-06-22				NEW YORK		REGISTRATION FOR BONDMART WITHDRAWN.
XBND	SEGMENT	ACTIVE	XBUD	BUDAPEST STOCK EXCHANGE - XBOND	HU	MLTF	2019-05-27	2025-12-22	2025-12-22		BUDAPESTI ERTEKTOZSDE NYILVANOSAN MUKODO RESZVENYTARSASAG		54930094UMSXWVWJMT48	BUDAPEST	WWW.BET.HU	DEDICATED MARKET FOR BONDS.
XBNV	OPERATING	ACTIVE	XBNV	BOLSA NACIONAL DE VALORES, S.A.	CR	NSPD	2005-06-27	2005-06-27				BNV		SAN JOSE	WWW.BOLSACR.COM	
XBOG	OPERATING	ACTIVE	XBOG	BOLSA DE VALORES DE COLOMBIA	CO	RMKT	2005-06-27	2025-10-27			BOLSA DE VALORES DE COLOMBIA S.A.	BVC		BOGOTA	WWW.BVC.COM.CO	
XBOL	OPERATING	ACTIVE	XBOL	BOLSA BOLIVIANA DE VALORES S.A.	BO	NSPD	2005-06-27	2005-06-27						LA PAZ	WWW.BOLSA-VALORES-BOLIVIA.COM	
XBOM	OPERATING	ACTIVE	XBOM	BSE LTD	IN	RMKT	2011-09-26	2025-10-27			BSE LIMITED	BSE	335800UOTLCPTZQVDA19	MUMBAI	WWW.BSEINDIA.COM	
XBOS	SEGMENT	ACTIVE	XNAS	NASDAQ TEXAS	US	RMKT	2012-04-23	2026-04-27	2026-04-27		NASDAQ, INC.	NTX	549300L8X1Q78ERXFD06	DALLAS	WWW.NASDAQ.COM/NASDAQ-TEXAS	
XBOT	OPERATING	ACTIVE	XBOT	BOTSWANA STOCK EXCHANGE	BW	NSPD	2005-06-27	2005-06-27						GABORONE	WWW.BSE.CO.BW	
XBOX	OPERATING	ACTIVE	XBOX	BOX OPTIONS EXCHANGE	US	NSPD	2005-06-27	2017-12-25				BOX		BOSTON	WWW.BOXOPTIONS.COM	
XBRA	OPERATING	ACTIVE	XBRA	BRATISLAVA STOCK EXCHANGE	SK	RMKT	2005-06-27	2005-06-27				BSSE	097900BIIX0000168239	BRATISLAVA	WWW.BSSE.SK	
XBRD	SEGMENT	ACTIVE	XBRU	EURONEXT - EURONEXT BRUSSELS - DERIVATIVES	BE	RMKT	2007-11-26	2015-04-27					5493007YLUF2KAS0TM17	BRUSSELS	WWW.EURONEXT.COM	
XBRE	OPERATING	EXPIRED	XBRE	BREMER WERTPAPIERBOERSE	DE	NSPD	2003-04-01	2007-09-24		2007-09-24			5299004UGD240UKM2N06	BREMEN		
XBRM	OPERATING	ACTIVE	XBRM	ROMANIAN  COMMODITIES EXCHANGE	RO	RMKT	2005-06-27	2005-06-27			ROMANIAN  COMMODITIES EXCHANGE S.A.	BRM	2594004XQ58NIEX1Y444	BUCHAREST	WWW.BRM.RO	
XBRN	OPERATING	ACTIVE	XBRN	BX SWISS AG	CH	NSPD	2005-06-27	2023-03-27	2023-03-27		BX SWISS AG		529900U9FZPJJDSUXJ89	BERNE	WWW.BXSWISS.COM, WWW.BERNE-X.COM	BX WORLDCAPS, BX LOCAL SHARES.
XBRT	SEGMENT	ACTIVE	XNAS	BRUT	US	RMKT	2005-06-27	2026-04-27	2026-04-27		NASDAQ, INC.	BRUT	549300L8X1Q78ERXFD06	NEW YORK	WWW.NASDAQTRADER.COM	
XBRU	OPERATING	ACTIVE	XBRU	EURONEXT - EURONEXT BRUSSELS	BE	RMKT	2005-06-27	2015-04-27					5493007YLUF2KAS0TM17	BRUSSELS	WWW.EURONEXT.COM	
XBRV	OPERATING	ACTIVE	XBRV	BOURSE REGIONALE DES VALEURS MOBILIERES	CI	NSPD	2005-06-27	2005-06-27				BRVM		ABIDJAN	WWW.BRVM.ORG	
XBRY	OPERATING	ACTIVE	XBRY	XBERRY	PL	CASP	2023-06-26	2023-06-26			XBERRY SP. Z O.O.	XBERRY	9845002E6B1R04C15508	WARSAW	WWW.XBERRY.IO	
XBSD	SEGMENT	ACTIVE	XBSE	DERIVATIVES REGULATED MARKET - BVB	RO	RMKT	2008-01-28	2024-05-27	2024-05-27		BURSA DE VALORI BUCURESTI SA	REGF	2549004BOCU15LMNDJ92	BUCHAREST	WWW.BVB.RO	
XBSE	OPERATING	ACTIVE	XBSE	SPOT REGULATED MARKET - BVB	RO	RMKT	2008-01-28	2024-05-27	2024-05-27		BURSA DE VALORI BUCURESTI SA	REGS	254900LXHEVKYGERER05	BUCHAREST	WWW.BVB.RO	
XBSP	OPERATING	EXPIRED	XBSP	BOLSA DE VALORES DE SAO PAULO	BR	NSPD	2003-04-01	2010-05-24		2010-05-24			4GTK5S46E6H318LMDS44	SAO PAULO		MERGER BETWEEN THE BRAZILIAN MERCANTILE AND FUTURES EXCHANGE (BM AND F) AND THE SAO PAULO STOCK EXCHANGE (BOVESPA) => BM AND F BOVESPA S.A.
XBTF	OPERATING	EXPIRED	XBTF	BROKERTEC FUTURES EXCHANGE	US	NSPD	2003-04-01	2006-09-25		2006-09-25				JERSEY CITY		
XBTR	SEGMENT	EXPIRED	XSWX	SIX SWISS BILATERAL TRADING PLATFORM FOR STRUCTURED OTC PRODUCTS	CH	NSPD	2013-03-25	2023-12-25	2023-12-25	2023-12-31	SIX SWISS EXCHANGE AG	SIX	529900HQ12A6FGDMWA17	ZURICH	WWW.SIX-GROUP.COM/EN/SITE/EXCHANGES.HTML	WWW.SIX-GROUP.COM/EN/PRODUCTS-SERVICES/THE-SWISS-STOCK-EXCHANGE.HTML
XBUD	OPERATING	ACTIVE	XBUD	BUDAPEST STOCK EXCHANGE	HU	RMKT	2005-06-27	2005-06-27					54930094UMSXWVWJMT48	BUDAPEST	WWW.BET.HU	
XBUE	OPERATING	ACTIVE	XBUE	BOLSA DE COMERCIO DE BUENOS AIRES	AR	NSPD	2011-01-24	2011-01-24				BCBA		BUENOS AIRES	WWW.BCBA.SBA.COM.AR	
XBUL	OPERATING	ACTIVE	XBUL	BULGARIAN STOCK EXCHANGE	BG	NSPD	2005-06-27	2023-08-28	2023-08-28		BULGARIAN STOCK EXCHANGE	BSE	747800W0XA9OV4MSRW74	SOFIA	WWW.BSE-SOFIA.BG	
XBVC	OPERATING	ACTIVE	XBVC	CAPE VERDE STOCK EXCHANGE	CV	NSPD	2005-11-28	2005-11-28				BVC		PRAIA	WWW.BVC.CV	
XBVM	OPERATING	ACTIVE	XBVM	MOZAMBIQUE STOCK  EXCHANGE	MZ	NSPD	2014-10-27	2014-10-27				BVM		MAPUTO	WWW.BOLSADEVALORES.CO.MZ	REGISTERED MARKET FOR EQUITIES, BONDS, COMMERCIAL PAPER AND OTHER FINANCIAL INSTRUMENTS.
XBVP	OPERATING	EXPIRED	XBVP	BOLSA DE VALORES DO PARANA	BR	NSPD	2003-04-01	2006-07-24		2006-07-24				CURITIBA		
XBVR	OPERATING	ACTIVE	XBVR	BOLSA DE VALORES DE LA REPUBLICA DOMINICANA SA.	DO	RMKT	2005-06-27	2025-10-27			BOLSA Y MERCADOS DE VALORES DE LA REPUBLICA DOMINICANA, S.A.	BVRD		SANTO DOMINGO	HTTPS://BVRD.COM.DO/	
XBXO	SEGMENT	ACTIVE	XNAS	NASDAQ TEXAS OPTIONS	US	RMKT	2012-04-23	2026-04-27	2026-04-27		NASDAQ, INC.	NTX OPTIONS	549300L8X1Q78ERXFD06	NEW YORK	WWW.NASDAQOMXTRADER.COM	ELECTRONIC MARKET FOR TRADING US LISTED DERIVATIVES.
XCAI	OPERATING	ACTIVE	XCAI	EGYPTIAN EXCHANGE	EG	NSPD	2008-08-25	2008-08-25				CASE		CAIRO	WWW.EGYPTSE.COM	CAIRO AND ALEXANDRIA STOCK EXCHANGES (CASE) HAVE BEEN RENAMED TO THE EGYPTIAN EXCHANGE.
XCAL	OPERATING	ACTIVE	XCAL	CALCUTTA STOCK EXCHANGE	IN	NSPD	2005-06-27	2005-06-27						CALCUTTA	WWW.CSE-INDIA.COM	
XCAN	SEGMENT	ACTIVE	XBSE	CAN - ATS	RO	MLTF	2010-10-25	2026-05-25	2026-05-25		BURSA DE VALORI BUCURESTI SA		2549004BOCU15LMNDJ92	BUCHAREST	WWW.BVB.RO	"THE ALTERNATIVE TRADING SYSTEM - ""CAN-ATS"" ( NEW COMPANIES AND EQUITIES) OFFER ACCESS TO TRADING FOR NEWLY SET-UP BUSINESSES AS WELL AS FOR OTHER COMPANIES THAT CANNOT BE TRADED ON THE REGULATED MARKET OF BUCHAREST STOCK EXCHANGE."
XCAR	SEGMENT	EXPIRED	BVCA	BOLSA DE VALORES DE CARACAS	VE	NSPD	2005-06-27	2014-04-28		2014-04-28				CARACAS	WWW.BOLSADECARACAS.COM	
XCAS	OPERATING	ACTIVE	XCAS	CASABLANCA STOCK EXCHANGE	MA	RMKT	2005-06-27	2025-10-27	2025-10-27		CASABLANCA STOCK EXCHANGE		254900POTH6KDGTI8089	CASABLANCA	WWW.CASABLANCA-BOURSE.COM	
XCAY	OPERATING	ACTIVE	XCAY	CAYMAN ISLANDS STOCK EXCHANGE	KY	NSPD	2005-06-27	2005-06-27						GEORGETOWN	WWW.CSX.COM.KY	
XCBD	SEGMENT	ACTIVE	XCBO	CBOE DIGITAL EXCHANGE	US	DCMS	2023-03-27	2023-03-27	2023-03-27		CBOE GLOBAL MARKETS, INC.		529900RLNSGA90UPEH54	CHICAGO	WWW.CBOEDIGITAL.COM	
XCBF	SEGMENT	ACTIVE	XCBO	CBOE FUTURES EXCHANGE	US	NSPD	2008-07-28	2008-07-28				CFE	529900RLNSGA90UPEH54	CHICAGO	WWW.CFE.CBOE.COM	FOR FUTURES
XCBO	OPERATING	ACTIVE	XCBO	CBOE GLOBAL MARKETS INC.	US	NSPD	2008-07-28	2020-09-28				CBOE	529900RLNSGA90UPEH54	CHICAGO	HTTP://MARKETS.CBOE.COM/	USED FOR CBOE OPTIONS EXCHANGE (C1).
XCBT	OPERATING	ACTIVE	XCBT	CHICAGO BOARD OF TRADE	US	NSPD	2005-06-27	2005-06-27				CBOT	549300EX04Q2QBFQTQ27	CHICAGO	WWW.CBOT.COM	
XCCE	OPERATING	EXPIRED	XCCE	CHUBU COMMODITY EXCHANGE	JP	NSPD	2003-04-01	2004-08-23		2004-08-23				NAGOYA		
XCCX	OPERATING	EXPIRED	XCCX	CHICAGO CLIMATE EXCHANGE, INC	US	NSPD	2005-06-27	2013-12-23		2013-12-23		CCX		CHICAGO	WWW.CHICAGOCLIMATEEXCHANGE.COM	NOT IN USE ANYMORE.
XCDE	OPERATING	ACTIVE	XCDE	BAXTER FINANCIAL SERVICES	IE	NSPD	2008-05-26	2008-05-26					549300L8SJYH8PWTVA40	DUBLIN	WWW.BAXTER-FX.COM	ELECTRONIC TRADING PLATFORM FOR CURRENCY FUTURES EFP'S AND OTC CURRENCY TRADING
XCEC	SEGMENT	ACTIVE	XNYM	COMMODITIES EXCHANGE CENTER	US	DCMS	2005-06-27	2024-09-23			COMEX	COMEX		NEW YORK	WWW.CMEGROUP.COM	
XCEF	OPERATING	ACTIVE	XCEF	DEUTSCHE BOERSE -  CEF - REAL-TIME FEED	DE	OTHR	2025-07-28	2026-01-26	2026-01-26		DEUTSCHE BOERSE AG		529900G3SW56SHYNPR95	ESCHBORN	WWW.DEUTSCHE-BOERSE.COM	
XCEG	SEGMENT	EXPIRED	XWBO	WIENER BOERSE AG, CEGH GAS EXCHANGE	AT	NSPD	2011-04-25	2017-02-27		2017-02-27			315700ENWH1A81RCVZ91	VIENNA	WWW.CEGHEX.COM	CENTRAL EUROPEAN GAS HUB (CEGH) IS ONE OF THE MOST IMPORTANT TRADING HUBS FOR NATURAL GAS IN CENTRAL EUROPE AND PROVIDES EXCHANGE SERVICES TOGETHER WITH VIENNA STOCK EXCHANGE.
XCET	OPERATING	ACTIVE	XCET	UZBEK COMMODITY EXCHANGE	UZ	NSPD	2007-09-24	2007-09-24						TASHKENT	WWW.UZEX.COM	
XCFE	OPERATING	ACTIVE	XCFE	CHINA FOREIGN EXCHANGE TRADE SYSTEM	CN	TRFS	2005-06-27	2025-10-27			CHINA FOREIGN EXCHANGE TRADE SYSTEM	CFETS	3003009BLGRRBA4K8M15	SHANGHAI	WWW.CHINAMONEY.COM.CN	
XCFF	OPERATING	ACTIVE	XCFF	CANTOR FINANCIAL FUTURES EXCHANGE	US	NSPD	2005-06-27	2005-06-27				CANTOR		NEW YORK	WWW.CANTOR.COM	
XCGS	OPERATING	ACTIVE	XCGS	CHINESE GOLD AND SILVER EXCHANGE SOCIETY	HK	NSPD	2006-04-24	2006-04-24						HONG KONG	WWW.CGSE.COM.HK	
XCHG	OPERATING	ACTIVE	XCHG	CHITTAGONG STOCK EXCHANGE LTD.	BD	NSPD	2005-06-27	2005-06-27				CSE		CHITTAGONG	WWW.CSEBD.COM	
XCHI	SEGMENT	ACTIVE	XNYS	NYSE TEXAS, INC.	US	RMKT	2005-06-27	2025-04-28	2025-04-28		INTERCONTINENTAL EXCHANGE, INC.		5493000F4ZO33MV32P92	DALLAS	WWW.NYSE.COM	
XCIE	OPERATING	ACTIVE	XCIE	THE INTERNATIONAL STOCK EXCHANGE	GG	NSPD	2005-06-27	2017-05-22				TISE	2138007LTWIYRO2W8C97	ST.  PETER PORT	WWW.TISEGROUP.COM	REGULATED MARKET.
XCIS	SEGMENT	ACTIVE	XNYS	NYSE NATIONAL, INC.	US	RMKT	2005-06-27	2025-04-28	2025-04-28		INTERCONTINENTAL EXCHANGE, INC.	NSX	5493000F4ZO33MV32P92	NEW YORK	WWW.NYSE.COM	
XCME	OPERATING	ACTIVE	XCME	CHICAGO MERCANTILE EXCHANGE	US	DCMS	2005-06-27	2024-09-23			CME GROUP INC.	CME	LCZ7XYGSLJUHFXXNXD88	CHICAGO	WWW.CMEGROUP.COM	
XCNF	OPERATING	ACTIVE	XCNF	BOLSA DE COMERCIO CONFEDERADA S.A.	AR	NSPD	2007-11-26	2007-11-26				BCC		CORRIENTES	WWW.BOLSANOR.COM	
XCNQ	OPERATING	ACTIVE	XCNQ	CANADIAN SECURITIES EXCHANGE	CA	RMKT	2009-04-27	2021-09-27	2021-09-27		CNSX MARKETS, INC.	CSE LISTED		TORONTO	WWW.THECSE.COM	FORMERLY KNOWN AS PURE (CSE OTHER LISTED) FORMERLY KNOWN AS THE CANADIAN NATIONAL STOCK EXCHANGE (CNSX).
XCOL	OPERATING	ACTIVE	XCOL	COLOMBO STOCK EXCHANGE	LK	NSPD	2005-06-27	2005-06-27						COLOMBO	WWW.CSE.LK	
XCOR	OPERATING	ACTIVE	XCOR	ICMA	GB	NSPD	2006-09-25	2006-09-25					5067003467WNT9GH2Y36	LONDON	WWW.ICMA-GROUP.ORG	
XCRC	OPERATING	EXPIRED	XCRC	CHICAGO RICE AND COTTON EXCHANGE	US	NSPD	2003-04-01	2007-09-24		2007-09-24				CHICAGO		
XCRO	OPERATING	ACTIVE	XCRO	CROATIAN POWER EXCHANGE	HR	NSPD	2015-10-26	2024-04-22	2024-04-22		CROATIAN POWER EXCHANGE LTD. FOR ELECTRICITY MARKET ORGANIZATION AND ELECTRICITY TRADING	CROPEX	747800W0RG1OPITJFH71	ZAGREB	WWW.CROPEX.HR	ORGANISED MARKET PLACE FOR ELECTRICITY TRADING.
XCSC	OPERATING	EXPIRED	XCSC	NEW YORK COCOA, COFFEE AND SUGAR EXCHANGE	US	NSPD	2003-04-01	2006-09-25		2006-09-25				NEW YORK		
XCSE	OPERATING	ACTIVE	XCSE	NASDAQ COPENHAGEN A/S	DK	RMKT	2007-09-24	2023-09-25	2023-09-25		NASDAQ COPENHAGEN A/S		549300JNYZUL5PLI8E17	COPENHAGEN	WWW.NASDAQOMXNORDIC.COM	
XCSX	OPERATING	ACTIVE	XCSX	CAMBODIA SECURITIES EXCHANGE	KH	NSPD	2012-05-28	2012-05-28				CSX		PHNOM PENH	WWW.CSX.COM.KH	
XCTS	SEGMENT	ACTIVE	XSTU	BOERSE STUTTGART - TECHNICAL PLATFORM 4	DE	MLTF	2024-08-26	2024-08-26	2024-08-26		BADEN-WURTTEMBERGISCHE WERTPAPIERBOERSE GMBH		529900A0WHA0NVXY0G45	STUTTGART	WWW.BOERSE-STUTTGART.DE	
XCUE	OPERATING	ACTIVE	XCUE	UZBEKISTAN REPUBLICAN CURRENCY EXCHANGE	UZ	NSPD	2005-06-27	2005-06-27						TASHKENT		
XCUR	OPERATING	ACTIVE	XCUR	CURRENEX	US	OTHR	2009-02-23	2024-10-28	2024-10-28		CURRENEX, INC.		549300NUJ7MUQK1GG892	BOSTON	WWW.CURRENEX.COM	UNREGULATED FX AND PRECIOUS METALS TRADING VENUE.
XCVD	OPERATING	ACTIVE	XCVD	CEVALDOM - OTC MARKET	DO	OTHR	2023-03-27	2023-03-27	2023-03-27		CEVALDOM DEPOSITO CENTRALIZADO DE VALORES, S. A.		959800BCG62RCSR5H360	SANTO DOMINGO	WWW.CEVALDOM.COM	ADMINISTRATOR OF AN OVER THE COUNTER MARKET OPERATIONS REGISTRATION SYSTEM (OTC).
XCX2	SEGMENT	ACTIVE	CHIC	CX2	CA	NSPD	2012-12-24	2022-02-28						TORONTO	WWW.CHI-X.COM/CA	REGISTERED MARKET FOR EQUITIES
XCXD	OPERATING	ACTIVE	XCXD	NASDAQ CXD	CA	NSPD	2016-09-26	2016-09-26						TORONTO	HTTP://BUSINESS.NASDAQ.COM/TRADE/CANADIAN-EQUITIES/OVERVIEW	NON-DISPLAYED MARKET FOR EQUITIES.
XCYO	SEGMENT	ACTIVE	XCYS	CYPRUS STOCK EXCHANGE - OTC	CY	NSPD	2009-10-26	2009-10-26			CYPRUS STOCK EXCHANGE		213800U9YG19GFXT3S09	NICOSIA (LEFKOSIA)	WWW.CSE.COM.CY	ELECTRONIC TRADING PLATFORM FOR OTC.
XCYS	OPERATING	ACTIVE	XCYS	CYPRUS STOCK EXCHANGE	CY	RMKT	2005-06-27	2005-06-27			CYPRUS STOCK EXCHANGE	CSE	213800U9YG19GFXT3S09	NICOSIA (LEFKOSIA)	WWW.CSE.COM.CY	
XDAR	OPERATING	ACTIVE	XDAR	DAR ES  SALAAM STOCK EXCHANGE	TZ	NSPD	2005-06-27	2005-06-27						DAR ES SALAAM	WWW.DARSTOCKEXCHANGE.COM	
XDBC	SEGMENT	EXPIRED	XFRA	DEUTSCHE BOERSE AG - CUSTOMIZED INDICES	DE	NSPD	2011-03-28	2020-03-23		2020-03-23	DEUTSCHE BOERSE AG		529900G3SW56SHYNPR95	FRANKFURT	WWW.DEUTSCHE-BOERSE.COM	
XDBV	SEGMENT	EXPIRED	XFRA	DEUTSCHE BOERSE AG - VOLATILITY INDICES	DE	NSPD	2011-03-28	2020-03-23		2020-03-23	DEUTSCHE BOERSE AG		529900G3SW56SHYNPR95	FRANKFURT	WWW.DEUTSCHE-BOERSE.COM	
XDBX	SEGMENT	EXPIRED	XFRA	DEUTSCHE BOERSE AG - INDICES	DE	NSPD	2011-03-28	2020-03-23		2020-03-23	DEUTSCHE BOERSE AG		529900G3SW56SHYNPR95	FRANKFURT	WWW.DEUTSCHE-BOERSE.COM	
XDCE	OPERATING	ACTIVE	XDCE	DALIAN COMMODITY EXCHANGE	CN	RMKT	2005-06-27	2025-10-27			DALIAN COMMODITY EXCHANGE	DCE	30030064E0J21BJXFK77	DALIAN	HTTP://PORTAL.DCE.COM.CN/DCE/	
XDES	OPERATING	ACTIVE	XDES	DELHI STOCK EXCHANGE	IN	NSPD	2005-06-27	2005-06-27						DELHI		
XDEX	SEGMENT	ACTIVE	XSTU	BOERSE STUTTGART - DIGITAL EXCHANGE	DE	NSPD	2019-09-23	2023-05-22	2023-05-22		BOERSE STUTTGART DIGITAL EXCHANGE GMBH		529900A0WHA0NVXY0G45	STUTTGART	WWW.BOERSE-STUTTGART.DE	
XDFB	OPERATING	ACTIVE	XDFB	JOINT-STOCK COMPANY “STOCK EXCHANGE INNEX”	UA	NSPD	2010-05-24	2010-05-24						KIEV		
XDFM	OPERATING	ACTIVE	XDFM	DUBAI FINANCIAL MARKET	AE	NSPD	2005-06-27	2005-06-27				DFM		DUBAI	WWW.DFM.CO.AE	
XDHA	OPERATING	ACTIVE	XDHA	DHAKA STOCK EXCHANGE LTD	BD	NSPD	2005-06-27	2005-06-27				DSE		DHAKA	WWW.DSEBD.ORG	
XDLP	SEGMENT	ACTIVE	XSWX	SIX SWISS EXCHANGE - DEAL POOL - BOOK BUILDING AND ANNOUNCEMENT PLATFORM	CH	NSPD	2020-12-28	2020-12-28			SIX SWISS EXCHANGE AG	SIX	529900HQ12A6FGDMWA17	ZURICH	WWW.SIX-GROUP.COM/EN/SITE/EXCHANGES.HTML	WWW.SIX-GROUP.COM/EN/PRODUCTS-SERVICES/THE-SWISS-STOCK-EXCHANGE.HTML
XDMI	SEGMENT	ACTIVE	XMIL	ITALIAN DERIVATIVES MARKET	IT	RMKT	2005-06-27	2017-05-22			BORSA ITALIANA S.P.A.	IDEM	8156005391EE905D3124	MILAN	WWW.BORSAITALIANA.IT	
XDNB	OPERATING	ACTIVE	XDNB	DNB BANK ASA	NO	SINT	2017-09-25	2017-09-25					549300GKFG0RYRRQ1414	OSLO	WWW.DNB.NO	SYSTEMATIC INTERNALISER.
XDPA	OPERATING	ACTIVE	XDPA	CADE - MERCADO DE DEUDA PUBLICA ANOTADA	ES	NSPD	2005-06-27	2005-06-27						MADRID		
XDRF	SEGMENT	ACTIVE	BMEX	AIAF - MERCADO DE RENTA FIJA	ES	RMKT	2005-06-27	2024-05-27	2024-05-27		BOLSAS Y MERCADOS ESPAÑOLES RENTA FIJA, S.A.U	AIAF	95980096HCV0D0TYCR12	MADRID	WWW.BOLSASYMERCADOS.ES/BME-EXCHANGE/	
XDRK	SEGMENT	ACTIVE	XTSE	TORONTO STOCK EXCHANGE - DRK	CA	NSPD	2019-05-27	2019-05-27			TMX GROUP LIMITED	TSX DRK	549300N65GFVKSHGJW59	TORONTO	WWW.TSX.COM	FOR TSX DARK ORDER BOOK TRADES.
XDSE	OPERATING	ACTIVE	XDSE	DAMASCUS SECURITIES EXCHANGE	SY	NSPD	2009-02-23	2009-02-23						DAMASCUS	WWW.DSE.SY	REGISTERED MARKET FOR EQUITIES AND BONDS
XDSM	SEGMENT	ACTIVE	XIST	BORSA ISTANBUL - DEBT SECURITIES MARKET	TR	NSPD	2014-01-27	2022-10-24	2022-10-24					ISTANBUL	WWW.BORSAISTANBUL.COM	DEBT SECURITIES MARKET
XDSX	OPERATING	ACTIVE	XDSX	DOUALA STOCK EXCHANGE	CM	NSPD	2008-05-26	2008-05-26						DOUALA	WWW.DOUALA-STOCK-EXCHANGE.COM	REGISTERED MARKET FOR EQUITIES
XDTB	OPERATING	EXPIRED	XDTB	DTB DEUTSCHE TERMINBOERSE GMBH	DE	NSPD	2003-04-01	2003-04-28		2003-04-28				FRANKFURT AM MAIN		
XDUB	OPERATING	ACTIVE	XDUB	IRISH STOCK EXCHANGE - ALL MARKET	IE	NSPD	2007-11-26	2007-11-26				ISE	635400DZBUIMTBCXGA12	DUBLIN	WWW.ISE.IE	
XDUS	OPERATING	ACTIVE	XDUS	BOERSE DUESSELDORF	DE	NSPD	2007-09-24	2023-05-22	2023-05-22		BOEAG BOERSEN AKTIENGESELLSCHAFT		529900HTWYRE4BD0GQ69	DUESSELDORF	WWW.BOERSE-DUESSELDORF.DE	
XDWZ	OPERATING	EXPIRED	XDWZ	DEUTSCHE BOERSE AG, FRANKFURT AM MAIN	DE	NSPD	2003-04-01	2004-01-26		2004-01-26			529900G3SW56SHYNPR95	FRANKFURT AM MAIN		
XEAS	SEGMENT	EXPIRED	XEQT	EQUIDUCT	BE	NSPD	2003-04-01	2008-11-24		2008-11-24				LEUVEN		MIC TO USE IS XEQT
XEBI	OPERATING	ACTIVE	XEBI	ENERGY BROKING IRELAND GAS TRADING PLATFORM	IE	NSPD	2015-10-26	2015-10-26				EBI	635400GLZJST58UNHL91	DUBLIN	WWW.EBI.IE	ELECTRONIC TRADING AND BROKING PLATFORM FOR OTC NATURAL GAS PHYSICAL SPOT TRANSACTIONS.
XEBS	OPERATING	ACTIVE	XEBS	EBS UK MULTILATERAL TRADING FACILITY	GB	MLTF	2021-11-22	2021-11-22	2021-11-22		BROKERTEC EUROPE LIMITED		2138002GI1GKI3V4UG48	LONDON	WWW.CMEGROUP.COM/EBS	MULTILATERAL TRADING FACILITY.
XECB	OPERATING	ACTIVE	XECB	ECB EXCHANGE RATES	DE	NSPD	2012-11-26	2012-11-26					549300DTUYXVMJXZNY75	FRANKFURT	WWW.ECB.EUROPA.EU	EURO FOREIGN EXCHANGE REFERENCE RATES.
XECC	OPERATING	ACTIVE	XECC	EUROPEAN COMMODITY CLEARING AG	DE	NSPD	2012-05-28	2012-05-28				ECC	529900M6JY6PUZ9NTA71	LEIPZIG	WWW.ECC.DE	
XECM	SEGMENT	ACTIVE	XCYS	MTF - CYPRUS EXCHANGE	CY	MLTF	2009-05-25	2023-06-26			CYPRUS STOCK EXCHANGE		213800U9YG19GFXT3S09	NICOSIA	WWW.CSE.COM.CY/EN/DEFAULT.ASP	
XECO	SEGMENT	ACTIVE	XAMS	EURONEXT OTHER COMMODITY DERIV	NL	RMKT	2025-07-28	2025-08-25	2025-08-25		EURONEXT AMSTERDAM N.V.		724500V6UOK62XEZ2L78	AMSTERDAM	WWW.EURONEXT.COM/EN	
XECS	OPERATING	ACTIVE	XECS	EASTERN CARIBBEAN SECURITIES EXCHANGE	KN	NSPD	2005-06-27	2005-06-27				ECSE		BASSETERRE	WWW.ECSEONLINE.COM	
XEDA	SEGMENT	ACTIVE	EXTR	ELECTRICITY DAY-AHEAD MARKET	TR	NSPD	2016-05-23	2022-10-24	2022-10-24			EXIST		ISTANBUL	WWW.EPIAS.COM.TR	ELECTRICITY DAY-AHEAD MARKET
XEDX	OPERATING	EXPIRED	XEDX	EDX LONDON LIMITED	GB	NSPD	2003-04-01	2011-05-23		2011-05-23				LONDON		FROM 01/05/2011 EDX'S EXISTED PRODUCTS WILL USE NEW TURQUOISE DERIVATIVES MIC CODE.
XEEE	OPERATING	ACTIVE	XEEE	EUROPEAN ENERGY EXCHANGE	DE	NSPD	2005-06-27	2015-09-28			EUROPEAN ENERGY EXCHANGE AG	EEX	529900J0JGLSFDWNFC20	LEIPZIG	WWW.EEX.COM	
XEEO	SEGMENT	EXPIRED	XEEE	EUROPEAN ENERGY EXCHANGE - NON-MTF MARKET	DE	OTFS	2015-09-28	2026-01-26	2026-01-26	2026-01-26	EUROPEAN ENERGY EXCHANGE AG	EEX	529900J0JGLSFDWNFC20	LEIPZIG	WWW.EEX.COM	NON-MTF MARKET.
XEER	SEGMENT	ACTIVE	XEEE	EUROPEAN ENERGY EXCHANGE - REGULATED MARKET	DE	RMKT	2015-09-28	2015-11-23			EUROPEAN ENERGY EXCHANGE AG	EEX	529900J0JGLSFDWNFC20	LEIPZIG	WWW.EEX.COM	REGULATED MARKET
XEHQ	SEGMENT	ACTIVE	XEUP	EUREX REPO - HQLA MARKET	DE	NSPD	2018-04-23	2018-04-23					529900QA7T9JLRFVNN10	FRANKFURT	WWW.EUREXREPO.COM	EUREX REPO ELECTRONIC TRADING PLATFORM FOR HQLA BLOCKCHAIN.
XEID	SEGMENT	ACTIVE	EXTR	ELECTRICITY INTRA-DAY MARKET	TR	NSPD	2016-05-23	2022-10-24	2022-10-24			EXIST		ISTANBUL	WWW.EPIAS.COM.TR	ELECTRICITY INTRA-DAY MARKET
XELX	OPERATING	ACTIVE	XELX	ELX	US	NSPD	2009-06-22	2009-06-22						NEW YORK	WWW.ELXFUTURES.COM	
XEMA	SEGMENT	ACTIVE	XETR	XETRA MIDPOINT REGULATED MARKET	DE	RMKT	2024-04-22	2024-05-27	2024-05-27		FRANKFURTER WERTPAPIERBÖRSE	XETRA MIDPOINT	391200OUOEWDQSEJ0Y74	FRANKFURT	HTTPS://DEUTSCHE-BOERSE.COM	MARKET LAUNCH: NOVEMBER 2024.
XEMB	SEGMENT	ACTIVE	XETR	XETRA MIDPOINT OPEN MARKET	DE	MLTF	2024-04-22	2025-01-27	2025-01-27		FRANKFURTER WERTPAPIERBÖRSE	XETRA MIDPOINT	391200OUOEWDQSEJ0Y74	FRANKFURT	HTTPS://DEUTSCHE-BOERSE.COM	MARKET LAUNCH: NOVEMBER 2024.
XEMD	OPERATING	ACTIVE	XEMD	MERCADO MEXICANO DE DERIVADOS	MX	RMKT	2005-06-27	2025-10-27			MEXDER, MERCADO MEXICANO DE DERIVADOS, S.A. DE C.V.	MEXDER	5493003M56ZNEEL5EQ10	MEXICO	WWW.MEXDER.COM.MX	
XEMI	SEGMENT	ACTIVE	XETR	XETRA MIDPOINT SCALE	DE	MLTF	2024-04-22	2025-01-27	2025-01-27		FRANKFURTER WERTPAPIERBÖRSE	XETRA MIDPOINT	391200OUOEWDQSEJ0Y74	FRANKFURT	HTTPS://DEUTSCHE-BOERSE.COM	MARKET LAUNCH: NOVEMBER 2024.
XEMS	OPERATING	ACTIVE	XEMS	EMS EXCHANGE	NL	NSPD	2012-09-24	2012-09-24					724500ZM85SCL0RS8L71	S-HERTOGENBOSCH	WWW.VANLANSCHOT.NL	REGISTERED MARKET FOR SECURITIES, ELECTRONIC TRADING PLATFORM.
XEQT	SEGMENT	ACTIVE	XBER	BOERSE BERLIN EQUIDUCT TRADING	DE	NSPD	2008-05-26	2008-05-26					391200I7OS301UELZA68	BERLIN	WWW.EQUIDUCT-TRADING.DE	ELECTRONIC TRADING SYSTEM.
XEQU	SEGMENT	ACTIVE	XBER	BOERSE BERLIN EQUIDUCT TRADING - US	DE	MLTF	2026-02-23	2026-02-23	2026-02-23		BOERSE BERLIN AG		391200I7OS301UELZA68	BERLIN	WWW.BOERSE-BERLIN.DE	
XEQY	SEGMENT	ACTIVE	XIST	BORSA ISTANBUL - EQUITY MARKET	TR	NSPD	2014-01-27	2022-10-24	2022-10-24					ISTANBUL	WWW.BORSAISTANBUL.COM	EQUITY MARKET
XERE	SEGMENT	ACTIVE	XEUP	EUREX REPO - FUNDING AND FINANCING PRODUCTS	DE	MLTF	2014-04-28	2025-12-22			EUREX REPO GMBH		529900QA7T9JLRFVNN10	FRANKFURT	WWW.EUREXREPO.COM	EUREX REPO ELECTRONIC TRADING PLATFORM FOR FUNDING AND FINANCING PRODUCTS.
XERT	SEGMENT	ACTIVE	XEUP	EUREX REPO - TRIPARTY	DE	MLTF	2015-12-28	2025-12-22			EUREX REPO GMBH		529900QA7T9JLRFVNN10	FRANKFURT	WWW.EUREXREPO.COM	EUREX REPO ELECTRONIC TRADING SEGMENT FOR TRIPARTY REPO.
XESM	SEGMENT	ACTIVE	XDUB	EURONEXT GROWTH DUBLIN	IE	MLTF	2013-01-28	2025-12-22			THE IRISH STOCK EXCHANGE PUBLIC LIMITED COMPANY		635400DZBUIMTBCXGA12	DUBLIN	WWW.ISE.IE	
XETA	SEGMENT	ACTIVE	XETR	XETRA - REGULIERTER MARKT	DE	RMKT	2008-03-24	2016-11-28				XETRA	391200OUOEWDQSEJ0Y74	FRANKFURT	WWW.DEUTSCHE-BOERSE.COM	
XETB	SEGMENT	ACTIVE	XETR	XETRA - FREIVERKEHR	DE	MLTF	2008-03-24	2025-12-22			FRANKFURTER WERTPAPIERBOERSE	XETRA	391200OUOEWDQSEJ0Y74	FRANKFURT	WWW.DEUTSCHE-BOERSE.COM	
XETC	SEGMENT	EXPIRED	XETI	XETRA INTERNATIONAL MARKET - REGULATED MARKET	DE	NSPD	2009-06-22	2014-01-27		2014-01-27			529900G3SW56SHYNPR95	FRANKFURT	WWW.DEUTSCHE-BOERSE.COM	XETRA INTERNATIONAL, MARKET SEGMENT REGULATED.
XETD	SEGMENT	EXPIRED	XETI	XETRA INTERNATIONAL MARKET - OPEN MARKET	DE	NSPD	2009-06-22	2014-01-27		2014-01-27			529900G3SW56SHYNPR95	FRANKFURT	WWW.DEUTSCHE-BOERSE.COM	XETRA INTERNATIONAL, MARKET SEGMENT OPEN.
XETE	SEGMENT	ACTIVE	XETR	XETRA - NON-FINANCIAL INSTRUMENTS	DE	MLTF	2022-03-28	2022-03-28			DEUTSCHE BOERSE AG		529900G3SW56SHYNPR95	ESCHBORN	WWW.DEUTSCHE-BOERSE.COM	
XETF	SEGMENT	ACTIVE	XPAR	EURONEXT ETF ACCESS	FR	NSPD	2018-12-24	2018-12-24					969500HMVSZ0TCV65D58	PARIS	WWW.EURONEXT.COM	
XETI	OPERATING	EXPIRED	XETI	XETRA INTERNATIONAL MARKET	DE	NSPD	2009-06-22	2014-01-27		2014-01-27			529900G3SW56SHYNPR95	FRANKFURT	WWW.DEUTSCHE-BOERSE.COM	"XETRA INTERNATIONAL, OPERATING LEVEL. TO BE  GLOBALLY USED FOR ORDERROUTING AND OTHER PURPOSES LIKE ""SCHLUßNOTEN"" (EXECUTIONS)."
XETR	OPERATING	ACTIVE	XETR	XETRA	DE	NSPD	2005-06-27	2016-11-28				XETRA	529900G3SW56SHYNPR95	FRANKFURT	WWW.DEUTSCHE-BOERSE.COM	
XETS	SEGMENT	ACTIVE	XETR	XETRA - SCALE	DE	MLTF	2018-12-24	2025-12-22			FRANKFURTER WERTPAPIERBOERSE		391200OUOEWDQSEJ0Y74	FRANKFURT	WWW.DEUTSCHE-BOERSE.COM	XETRA SME GROWTH MARKET.
XETU	SEGMENT	ACTIVE	XETR	XETRA - REGULIERTERMARKT - OFF-BOOK	DE	RMKT	2019-03-25	2019-03-25					529900G3SW56SHYNPR95	FRANKFURT	WWW.DEUTSCHE-BOERSE.COM	
XETV	SEGMENT	ACTIVE	XETR	XETRA - FREIVERKEHR - OFF-BOOK	DE	MLTF	2019-03-25	2025-12-22			FRANKFURTER WERTPAPIERBOERSE		391200OUOEWDQSEJ0Y74	FRANKFURT	WWW.DEUTSCHE-BOERSE.COM	
XETW	SEGMENT	ACTIVE	XETR	XETRA - SCALE - OFF-BOOK	DE	MLTF	2019-03-25	2025-12-22			FRANKFURTER WERTPAPIERBOERSE		391200OUOEWDQSEJ0Y74	FRANKFURT	WWW.DEUTSCHE-BOERSE.COM	
XETX	SEGMENT	ACTIVE	XETR	XETRA - NON-FINANCIAL INSTRUMENTS - OFF-BOOK	DE	MLTF	2022-03-28	2022-03-28			DEUTSCHE BOERSE AG		529900G3SW56SHYNPR95	ESCHBORN	WWW.DEUTSCHE-BOERSE.COM	
XEUB	SEGMENT	EXPIRED	XETR	EUREX BONDS	DE	NSPD	2005-06-27	2019-08-26		2019-08-26				FRANKFURT	WWW.EUREX-BONDS.COM	
XEUC	SEGMENT	ACTIVE	XAMS	EURONEXT COM, COMMODITIES FUTURES AND OPTIONS	NL	RMKT	2005-06-27	2005-06-27					724500V6UOK62XEZ2L78	AMSTERDAM	WWW.EURONEXT.COM	
XEUE	SEGMENT	ACTIVE	XAMS	EURONEXT EQF, EQUITIES AND INDICES DERIVATIVES	NL	RMKT	2005-06-27	2005-06-27					724500V6UOK62XEZ2L78	AMSTERDAM	WWW.EURONEXT.COM	
XEUI	SEGMENT	ACTIVE	XAMS	EURONEXT IRF, INTEREST RATE FUTURE AND OPTIONS	NL	NSPD	2005-06-27	2005-06-27					724500QJ4QSZ3H9QU415	AMSTERDAM	WWW.EURONEXT.COM	
XEUM	SEGMENT	ACTIVE	XEUP	EUREX REPO SECLEND MARKET	DE	NSPD	2012-01-23	2016-11-28					529900QA7T9JLRFVNN10	FRANKFURT	WWW.EUREXREPO.COM	ET IS NOW OPERATED FROM FRANKFURT (GERMANY)
XEUP	OPERATING	ACTIVE	XEUP	EUREX REPO GMBH	DE	NSPD	2005-11-28	2016-11-28					529900QA7T9JLRFVNN10	FRANKFURT	WWW.EUREXREPO.COM	
XEUR	OPERATING	ACTIVE	XEUR	EUREX DEUTSCHLAND	DE	RMKT	2005-06-27	2016-11-28					529900UT4DG0LG5R9O07	FRANKFURT	WWW.EUREXCHANGE.COM	
XEUS	OPERATING	EXPIRED	XEUS	US FUTURES EXCHANGE	US	NSPD	2003-04-01	2009-07-27		2009-07-27			254900O9GJPIWCP8RH13	CHICAGO		HAS TERMINATED ALL EXCHANGE OPERATIONS EFFECTIVE DECEMBER 31, 2008
XEYE	SEGMENT	ACTIVE	XDUB	IRISH STOCK EXCHANGE  - GLOBAL EXCHANGE MARKET	IE	MLTF	2012-03-26	2025-12-22			THE IRISH STOCK EXCHANGE PUBLIC LIMITED COMPANY	ISE GEM	635400DZBUIMTBCXGA12	DUBLIN	WWW.ISE.IE	
XFCI	SEGMENT	ACTIVE	FICO	FINANCIALCONTENT - INDEXES	US	NSPD	2009-02-23	2018-06-25						SAN CARLOS	WWW.FINANCIALCONTENT.COM	ELECTRONIC PLATFORM FOR INDEX CALCULATION.
XFCM	OPERATING	EXPIRED	XFCM	MERCADO DE FUTUROS Y OPCIONES SOBRE CITRICOS	ES	NSPD	2003-04-01	2007-07-23		2007-07-23				VALENCIA		
XFCX	OPERATING	ACTIVE	XFCX	FCX	AU	MLTF	2026-03-23	2026-03-23	2026-03-23		FINCLEAR PTY LTD	FCX	5493008201YNLL3CPG58	NORTH SYDNEY	HTTPS://FCX.COM.AU/	
XFDA	SEGMENT	ACTIVE	FICO	FINANCIALCONTENT - DIGITAL ASSET TRADE REPORTING FACILITY	US	NSPD	2018-06-25	2018-06-25						SAN CARLOS	WWW.FINANCIALCONTENT.COM	
XFEX	OPERATING	ACTIVE	XFEX	FEX GLOBAL	AU	NSPD	2014-11-24	2019-12-23			FEX GLOBAL PTY LTD	FEX	261700HJKW2QQCC28010	SYDNEY	WWW.FEX.COM.AU	ELECTRONIC TRADING PLATFORM. REGISTERED MARKET FOR ENERGY, COMMODITY AND ENVIRONMENTAL DERIVATIVES.
XFFE	OPERATING	EXPIRED	XFFE	FUKUOKA FUTURES EXCHANGE	JP	NSPD	2003-04-01	2007-09-24		2007-09-24				FUKUOKA		
XFKA	OPERATING	ACTIVE	XFKA	FUKUOKA STOCK EXCHANGE	JP	NSPD	2005-06-27	2005-06-27						FUKUOKA	WWW.FSE.OR.JP	
XFMN	OPERATING	EXPIRED	XFMN	SOCIETE DU NOUVEAU MARCHE	FR	NSPD	2003-04-01	2007-06-25		2007-06-25				PARIS		
XFND	SEGMENT	EXPIRED	XCSE	FIRST NORTH DENMARK	DK	MLTF	2007-11-26	2015-11-23		2015-11-23	NASDAQ COPENHAGEN A/S		549300JNYZUL5PLI8E17	COPENHAGEN	WWW.OMXNORDICEXCHANGE.COM	
XFNO	SEGMENT	ACTIVE	XIST	BORSA ISTANBUL - FUTURES AND OPTIONS MARKET	TR	NSPD	2014-01-27	2022-10-24	2022-10-24					ISTANBUL	WWW.BORSAISTANBUL.COM	FUTURES AND OPTIONS MARKET
XFNX	OPERATING	EXPIRED	XFNX	FINEX (NEW YORK AND DUBLIN)	IE	NSPD	2003-04-01	2011-01-24		2011-01-24				DUBLIN		FINEX, THEY NO LONGER OPERATE IN DUBLIN AND THEREFORE THE MIC CODE DELETED. FINEX (NOW ICE) CONTINUE TO OPERATE AS ICE IN NEW YORK.
XFOM	OPERATING	EXPIRED	XFOM	FINNISH OPTIONS MARKET	FI	NSPD	2003-04-01	2007-12-24		2007-12-24				HELSINKI		
XFRA	OPERATING	ACTIVE	XFRA	DEUTSCHE BOERSE AG	DE	NSPD	2005-06-27	2005-06-27			DEUTSCHE BOERSE AG		529900G3SW56SHYNPR95	FRANKFURT	WWW.DEUTSCHE-BOERSE.COM	
XFTA	OPERATING	EXPIRED	XFTA	FINANCIELE TERMIJNMARKET AMSTERDAM	NL	NSPD	2003-04-01	2003-04-28		2003-04-28				AMSTERDAM		
XFTX	OPERATING	ACTIVE	XFTX	FTX	AG	CASP	2022-05-23	2022-05-23			FX TRADING LIMITED		894500686R5LFMX57208	ST JOHN	WWW.FTX.COM	
XGAI	OPERATING	ACTIVE	XGAI	GAMI ASSET INVESTMENT L.L.C	AE	OTHR	2024-07-22	2024-07-22	2024-07-22		GAMI ASSET INVESTMENT L.L.C	GAI	984500T0F9783F6CC797	DUBAI	HTTPS://GAMI-INVESTMENT.COM/	
XGAS	OPERATING	ACTIVE	XGAS	CENTRAL EASTERN EUROPEAN GAS EXCHANGE LTD	HU	NSPD	2013-05-27	2013-05-27					529900NQOLXKWXQ1JV67	BUDAPEST	WWW.CEEGEX.COM	CEEGEX IS A ORGANISED NATURAL GAS MARKET PROVIDING SERVICES FOR THE GAS MARKET PLAYERS WITHIN THE EUROPEAN ECONOMIC AREA (EEA).
XGAT	SEGMENT	ACTIVE	TGAT	TRADEGATE BERLIN STOCK EXCHANGE - FREIVERKEHR	DE	MLTF	2010-05-24	2026-06-22	2026-06-22		TRADEGATE EXCHANGE GMBH	TBSX	529900I8ESNMLCIQ1U62	BERLIN	WWW.TRADEGATEBSX.COM	
XGCL	OPERATING	ACTIVE	XGCL	GLOBAL COAL LIMITED	GB	NSPD	2013-08-26	2013-08-26				GLOBALCOAL	213800UP928FGZUQTB32	LONDON	WWW.GLOBALCOAL.COM	MTF PLATFORM FOR OTC DERIVATIVES
XGCX	SEGMENT	ACTIVE	GMEG	GLOBAL COMMODITIES EXCHANGE	GB	NSPD	2013-06-24	2013-06-24				GCX		LONDON	WWW.GMEX-GROUP.COM	EXCHANGE FOR CASH SETTLED COMMODITIES
XGDX	SEGMENT	ACTIVE	GMEG	GLOBAL DERIVATIVES EXCHANGE	GB	NSPD	2013-06-24	2013-06-24				GDX		LONDON	WWW.GMEX-GROUP.COM	EXCHANGE FOR DERIVATIVES
XGEM	SEGMENT	ACTIVE	XHKG	HONG KONG GROWTH ENTERPRISES MARKET	HK	NSPD	2005-06-27	2005-06-27				HK GEM	213800YTVSXYQN17BW16	HONG KONG	WWW.HKGEM.COM	
XGFI	SEGMENT	EXPIRED	GFIC	GFI BASISMATCH	GB	NSPD	2008-09-22	2014-04-28		2014-04-28	GFI SECURITIES LIMITED		GUNTJCA81C7IHNBGI392	LONDON	WWW.GFIGROUP.COM	MTF NO LONGER IN USE
XGGI	OPERATING	ACTIVE	XGGI	GAMI GLOBAL INVESTMENT L.L.C	AE	OTHR	2024-02-26	2024-02-26	2024-02-26		GAMI GLOBAL INVESTMENT L.L.C	GGI	9845005EAG3C79AY5980	DUBAI	HTTPS://GAMI-INVESTMENT.COM/	
XGHA	OPERATING	ACTIVE	XGHA	GHANA STOCK EXCHANGE	GH	NSPD	2005-06-27	2005-06-27						ACCRA	WWW.GSE.COM.GH	
XGLO	SEGMENT	ACTIVE	XWAR	WARSAW STOCK EXCHANGE/ EQUITIES/GLOBAL CONNECT - MTF	PL	MLTF	2021-04-26	2021-06-28	2021-06-28		WARSAW STOCK EXCHANGE		25940039ZHD3Z37GKR71	WARSAW	WWW.GPW.PL	MULTILATERAL TRADING FACILITY.
XGME	OPERATING	ACTIVE	XGME	GESTORE MERCATO ELETTRICO - ITALIAN POWER EXCHANGE	IT	NSPD	2009-04-27	2023-04-24	2023-04-24			IPEX/GME		ROME	WWW.MERCATOELETTRICO.ORG	ITALIAN POWER EXCHANGE
XGMX	OPERATING	ACTIVE	XGMX	GLOBALCLEAR MERCANTILE EXCHANGE	US	NSPD	2012-11-26	2014-08-25				GMX		GUAYNABO	WWW.GMEGROUP.US	ELECTRONIC TRADING PLATFORM FOR COMMODITIES, CFDS, CREDIT, FUTURES, METALS, AND NEW MARKETS.
XGPS	SEGMENT	ACTIVE	XDUB	EURONEXT DUBLIN - MTF	IE	MLTF	2026-05-25	2026-05-25	2026-05-25		THE IRISH STOCK EXCHANGE PUBLIC LIMITED COMPANY		635400DZBUIMTBCXGA12	DUBLIN	WWW.EURONEXT.COM	
XGRM	SEGMENT	ACTIVE	TGAT	TRADEGATE BERLIN STOCK EXCHANGE - REGULIERTER MARKT	DE	RMKT	2010-05-24	2026-06-22	2026-06-22		TRADEGATE EXCHANGE GMBH	TBSX	529900I8ESNMLCIQ1U62	BERLIN	WWW.TRADEGATEBSX.COM	TRADEGATE BERLIN STOCK EXCHANGE IS AN OFFICIAL REGULATED STOCK EXCHANGE IN BERLIN/GERMANY FOR SHARES, BONDS, ETFS AND FONDS.
XGRW	SEGMENT	ACTIVE	XBSE	BVB GROWTH MARKET	RO	MLTF	2026-05-25	2026-05-25	2026-05-25		BURSA DE VALORI BUCURESTI SA		2549004BOCU15LMNDJ92	BUCHAREST	WWW.BVB.RO	
XGSE	OPERATING	ACTIVE	XGSE	GEORGIA STOCK EXCHANGE	GE	NSPD	2005-06-27	2005-06-27				GSE		TBILISI	WWW.GSE.GE	
XGSX	SEGMENT	ACTIVE	GMEG	GLOBAL SECURITIES EXCHANGE	GB	NSPD	2013-06-24	2013-06-24				GSX	98450080L1F7936CFU76	LONDON	WWW.GMEX-GROUP.COM	EXCHANGE FOR SECURITIES
XGTG	OPERATING	ACTIVE	XGTG	BOLSA DE VALORES NACIONAL SA	GT	NSPD	2005-06-27	2005-06-27						GUATEMALA	WWW.BVNSA.COM.GT	
XGUA	OPERATING	ACTIVE	XGUA	BOLSA DE VALORES DE GUAYAQUIL	EC	NSPD	2011-06-27	2011-06-27						GUAYAQUIL	WWW.MUNDOBVG.COM	
XHAM	OPERATING	ACTIVE	XHAM	HANSEATISCHE WERTPAPIERBOERSE HAMBURG	DE	NSPD	2005-06-27	2023-05-22	2023-05-22		BOEAG BOERSEN AKTIENGESELLSCHAFT		529900HTWYRE4BD0GQ69	HAMBURG	WWW.BOERSENAG.DE	
XHAN	OPERATING	ACTIVE	XHAN	NIEDERSAECHSISCHE BOERSE ZU HANNOVER	DE	NSPD	2005-06-27	2023-05-22	2023-05-22		BOEAG BOERSEN AKTIENGESELLSCHAFT		529900HTWYRE4BD0GQ69	HANNOVER	WWW.BOERSE-HANNOVER.DE	
XHCE	OPERATING	EXPIRED	XHCE	RISK MANAGEMENT EXCHANGE	DE	NSPD	2003-04-01	2011-01-24		2011-01-24				HANNOVER		
XHEL	OPERATING	ACTIVE	XHEL	NASDAQ HELSINKI LTD	FI	RMKT	2011-01-24	2023-09-25	2023-09-25		NASDAQ HELSINKI LTD		743700NAXLL4Q86IEX32	HELSINKI	WWW.NASDAQOMXNORDIC.COM	
XHER	OPERATING	EXPIRED	XHER	NIPPON NEW MARKET - HERCULES	JP	NSPD	2003-04-01	2010-09-27		2010-09-27				OSAKA		DELETED DUE TO ORGANIZATIONAL MERGER OF OSE AND JASDAQ.
XHFT	SEGMENT	EXPIRED	XAMS	ARCA EUROPE	NL	NSPD	2008-12-22	2015-04-27		2015-04-27				AMSTERDAM	WWW.EURONEXT.COM	EURONEXT PAN-EUROPEAN MTF FOR HIGH FREQUENCY TRADING (HFT)
XHIR	OPERATING	EXPIRED	XHIR	HIROSHIMA STOCK EXCHANGE	JP	NSPD	2003-04-01	2003-04-28		2003-04-28				HIROSHIMA		
XHKF	OPERATING	ACTIVE	XHKF	HONG KONG FUTURES EXCHANGE LTD.	HK	NSPD	2005-06-27	2005-06-27				HKFE		HONG KONG	WWW.HKEX.COM.HK	
XHKG	OPERATING	ACTIVE	XHKG	HONG KONG EXCHANGES AND CLEARING LTD	HK	NSPD	2011-06-27	2011-06-27				HKEX	213800YTVSXYQN17BW16	HONG KONG	WWW.HKEX.COM.HK	HONG KONG EXCHANGES AND CLEARING LIMITED, OR HKEX, OPERATES A SECURITIES MARKET AND A DERIVATIVES MARKET IN HONG KONG AND THE CLEARING HOUSES FOR THOSE MARKETS.
XHNF	SEGMENT	ACTIVE	HSTC	HANOI STOCK EXCHANGE - DERIVATIVES	VN	NSPD	2017-07-24	2017-07-24						HANOI	WWW.HNX.VN	DERIVATIVES MARKET.
XHNX	SEGMENT	ACTIVE	HSTC	HANOI STOCK EXCHANGE (UNLISTED PUBLIC COMPANY TRADING PLATFORM)	VN	NSPD	2009-07-27	2009-07-27				UPCOM		HANOI	WWW.HNX.VN	TRADING PLATFORM FOR UNLISTED PUBLIC COMPANIES WHICH DON'T MEET THE LISTING CRITERIA BUT TRADED IN THE OTC MARKET.
XHON	OPERATING	EXPIRED	XHON	HONDURIAN STOCK EXCHANGE	HN	NSPD	2003-04-01	2008-12-22		2008-12-22			894500N62P5L0WYZYL90	SAN PEDRO SULA		MIC TO USE IS XBCV
XIAB	OPERATING	EXPIRED	XIAB	ISTANBUL GOLD EXCHANGE	TR	NSPD	2006-06-26	2013-05-27		2013-05-27		IAB		ISTANBUL	WWW.IAB.GOV.TR	MARKET HAS CLOSED IN APRIL 2013
XIBE	OPERATING	ACTIVE	XIBE	BAKU INTERBANK CURRENCY EXCHANGE	AZ	NSPD	2005-06-27	2005-06-27						BAKU	WWW.BBVB.ORG	
XICB	OPERATING	EXPIRED	XICB	SIX CORPORATE BONDS AG	CH	NSPD	2015-03-23	2020-01-27		2020-01-27		SIX	529900HC8TBDPJLMLL42	ZURICH	WWW.SIX-SWISS-EXCHANGE.COM	MTF PLATFORM FOR CORPORATE BONDS TRADING.
XICE	OPERATING	ACTIVE	XICE	NASDAQ ICELAND HF.	IS	RMKT	2010-05-24	2023-09-25	2023-09-25		NASDAQ ICELAND HF.	ICEX	5493000SYSCC8J8U5638	REYKJAVIK	WWW.NASDAQOMXNORDIC.COM	
XICX	OPERATING	ACTIVE	XICX	INSTINET CANADA CROSS	CA	ATSS	2010-11-22	2024-11-25			INSTINET CANADA LIMITED		549300SU730FTQOKTE75	TORONTO	WWW.INSTINET.COM	ALTERNATIVE CANADIAN MARKETPLACE TO REGISTERED INVESTMENT DEALERS AND THEIR CLIENTS TO TRADE CANADIAN LISTED EQUITIES.
XIDX	OPERATING	ACTIVE	XIDX	INDONESIA STOCK EXCHANGE	ID	NSPD	2008-04-28	2008-04-28				IDX		JAKARTA	WWW.IDX.CO.ID	THE JAKARTA (JSX) AND SURABAYA (SSX) STOCK EXCHANGES HAVE MERGED TO BECOME THE INDONESIA STOCK EXCHANGE (IDX).
XIEL	OPERATING	ACTIVE	XIEL	INSTINET EUROPE LIMITED	GB	NSPD	2017-11-27	2017-11-27					213800MXAKR2LA1VBM44	LONDON	WWW.INSTINET.COM	
XIEX	SEGMENT	EXPIRED	XDUB	IRISH STOCK EXCHANGE - ENTERPRISE SECURITIES MARKET	IE	NSPD	2003-04-01	2010-08-23		2010-08-23			635400DZBUIMTBCXGA12	DUBLIN		THE IRISH STOCK EXCHANGE IS MOVING TO A SINGLE MIC CODE REGIME AND THEREFORE XDUB WILL BE THE MIC CODE FOR ALL IRISH STOCK EXCHANGE MARKETS.
XIGG	OPERATING	ACTIVE	XIGG	BLOCKMATCH EUROPE	DE	MLTF	2022-02-28	2022-02-28	2022-02-28		INSTINET GERMANY GMBH		213800A7BEQATAOUAN40	FRANKFURT	WWW.INSTINET.COM	
XIHK	OPERATING	ACTIVE	XIHK	INSTINET PACIFIC LTD	HK	NSPD	2009-02-23	2009-02-23					549300RI6VZUNIR81J81	HONG KONG	WWW.INSTINET.COM	
XIJP	OPERATING	EXPIRED	XIJP	INSTINET JAPAN	JP	NSPD	2009-01-26	2018-02-26		2018-02-26				TOKYO	WWW.INSTINET.COM	
XIMA	OPERATING	ACTIVE	XIMA	INTERNATIONAL MARTIME EXCHANGE	NO	NSPD	2006-06-26	2006-06-26				IMAREX		OSLO	WWW.IMAREX.COM	
XIMC	OPERATING	ACTIVE	XIMC	MULTI COMMODITY EXCHANGE OF INDIA LTD.	IN	NSPD	2006-04-24	2006-04-24				MCX	254900BTZEPM27IOAM68	MUMBAI	WWW.MCXINDIA.COM	
XIME	OPERATING	EXPIRED	XIME	TAIWAN INTERNATIONAL MERCANTILE EXCHANGE	TW	NSPD	2003-04-01	2007-11-26		2007-11-26				TAIPEI		
XIMM	SEGMENT	ACTIVE	XCME	INTERNATIONAL MONETARY MARKET	US	NSPD	2005-06-27	2005-06-27						CHICAGO	WWW.CME.COM	
XIMX	OPERATING	ACTIVE	XIMX	IMX HEALTH - FUTURES	US	DCMS	2024-02-26	2024-02-26	2024-02-26		IMX HEALTH, LLC		25490021R520BVPKEQ16	CHICAGO	WWW.IMXHEALTH.COM	
XINE	SEGMENT	ACTIVE	XSGE	SHANGHAI INTERNATIONAL ENERGY EXCHANGE	CN	NSPD	2014-06-23	2014-06-23				INE	30030029VC3E2VUW1E95	SHANGHAI	WWW.INE.CN	EXCHANGE FOR TRADING ELECTRONICALLY ENERGY DERIVATIVES
XINS	OPERATING	ACTIVE	XINS	INSTINET	US	NSPD	2013-03-25	2013-03-25						NEW YORK	WWW.INSTINET.COM	
XINV	OPERATING	ACTIVE	XINV	INVESTRO	DE	NSPD	2008-10-27	2008-10-27					529900NA0B4IRY21VH50	FRANKFURT	WWW.INVESTRO.DE	SETTLEMENT PLATFORM FOR CSD AND NON CSD FUNDS.
XIOM	SEGMENT	ACTIVE	XCME	INDEX AND OPTIONS MARKET	US	NSPD	2005-06-27	2005-06-27				IOM		CHICAGO	WWW.CME.COM	
XIPE	OPERATING	EXPIRED	XIPE	INTERNATIONAL PETROLEUM EXCHANGE	GB	NSPD	2003-04-01	2006-04-24		2006-04-24			549300UF4R84F48NCH34	LONDON		
XIPO	SEGMENT	ACTIVE	ASEX	HELEX ELECTRONIC BOOK BUILDING	GR	NSPD	2014-06-23	2014-06-23			HELLENIC EXCHANGES-ATHENS STOCK EXCHANGE S.A.	EBB	549300GSRN07MNENPL97	ATHENS	WWW.ASE.GR	EBB IS A PRIMARY MARKET (IPO MARKET).
XIQS	OPERATING	ACTIVE	XIQS	IRAQ STOCK EXCHANGE	IQ	NSPD	2011-10-24	2011-10-24				ISX		BAGHDAD	WWW.ISX-IQ.NET	
XISA	SEGMENT	ACTIVE	XISX	INTERNATIONAL SECURITIES EXCHANGE, LLC -  ALTERNATIVE MARKETS	US	NSPD	2008-06-23	2008-06-23				ISE		NEW YORK	WWW.ISE.COM	PARIMUTUEL, ELETRONIC TRADING PLATFORM FOR DERIVATIVES.
XISE	SEGMENT	ACTIVE	XISX	INTERNATIONAL SECURITIES EXCHANGE, LLC - EQUITIES	US	NSPD	2008-06-23	2008-06-23				ISE		NEW YORK	WWW.ISE.COM	EQUITIES. ELECTRONIC MARKETPLACE.
XISL	OPERATING	EXPIRED	XISL	ISLAMABAD STOCK EXCHANGE	PK	NSPD	2005-06-27	2017-02-27		2017-02-27		ISE		ISLAMABAD	WWW.ISE.COM.PK	ISLAMABAD STOCK EXCHANGE HAS BEEN INTEGRATED TO THE PAKISTAN STOCK EXCHANGE IN JANUARY 2017.
XIST	OPERATING	ACTIVE	XIST	BORSA ISTANBUL	TR	NSPD	2005-06-27	2022-10-24	2022-10-24					ISTANBUL	WWW.BORSAISTANBUL.COM	CHANGE OF MARKET NAME AND MARKET WEBSITE
XISX	OPERATING	ACTIVE	XISX	INTERNATIONAL SECURITIES EXCHANGE, LLC	US	NSPD	2005-06-27	2014-10-27				ISE		NEW YORK	WWW.ISE.COM	
XJAM	OPERATING	ACTIVE	XJAM	JAMAICA STOCK EXCHANGE	JM	NSPD	2005-06-27	2005-06-27						KINGSTON	WWW.JAMSTOCKEX.COM	
XJAS	SEGMENT	EXPIRED	XJPX	TOKYO STOCK EXCHANGE JASDAQ	JP	NSPD	2010-10-25	2022-03-28	2022-03-28	2022-04-04	TOKYO STOCK EXCHANGE, INC.	JASDAQ	353800279ADEFGKNTV65	TOKYO	WWW.JPX.CO.JP	CLOSURE OF THIS MARKET ON 4 APRIL 2022.
XJAX	OPERATING	ACTIVE	XJAX	JAX	JP	ATSS	2024-12-23	2024-12-23	2024-12-23		JAPAN ALTERNATIVE MARKET CO,. LTD.	JAX	353800AUUG9V5SLXRO72	TOKYO	WWW.JAPANALTERNATIVEX.CO.JP	
XJKT	OPERATING	EXPIRED	XJKT	JAKARTA STOCK EXCHANGE	ID	NSPD	2003-04-01	2008-04-28		2008-04-28				JAKARTA		THE JAKARTA (JSX) AND SURABAYA (SSX) STOCK EXCHANGES HAVE MERGED TO BECOME THE INDONESIA STOCK EXCHANGE (IDX). MIC TO USE IS XIDX
XJNB	OPERATING	ACTIVE	XJNB	JAKARTA NEGOTIATED BOARD	ID	NSPD	2005-06-27	2005-06-27						JAKARTA		
XJPX	OPERATING	ACTIVE	XJPX	JAPAN EXCHANGE GROUP	JP	RMKT	2013-01-28	2024-10-28			JAPAN EXCHANGE GROUP, INC.	JPX	353800578ADEGIJTVW07	TOKYO	WWW.JPX.CO.JP	
XJSE	OPERATING	ACTIVE	XJSE	JOHANNESBURG STOCK EXCHANGE	ZA	NSPD	2011-03-28	2011-03-28				JSE	213800MZ1VUQEBWRFO39	JOHANNESBURG	WWW.JSE.CO.ZA	
XJWY	OPERATING	EXPIRED	XJWY	JIWAY EXCHANGE LTD	GB	NSPD	2003-04-01	2004-08-23		2004-08-23				LONDON		
XKAC	OPERATING	ACTIVE	XKAC	OSAKA DOJIMA COMMODITY EXCHANGE	JP	NSPD	2005-06-27	2017-03-27				ODE		OSAKA	WWW.ODE.OR.JP	FUTURES EXCHANGE. PREVIOUSLY KNOWN AS THE KANSAI COMMODITIES EXCHANGE.
XKAR	OPERATING	ACTIVE	XKAR	THE PAKISTAN STOCK EXCHANGE LIMITED	PK	NSPD	2005-06-27	2016-04-25				PSX		KARACHI	WWW.PSX.COM.PK	MERGER OF THE THREE STOCK EXCHANGES IN PAKISTAN. PSX SUCCESSFULLY STARTED TO OPERATE FROM JANUARY 11, 2016, ONWARDS.
XKAZ	OPERATING	ACTIVE	XKAZ	KAZAKHSTAN STOCK EXCHANGE	KZ	NSPD	2005-06-27	2023-03-27	2023-03-27			KAZE		ALMATY	WWW.KASE.KZ	
XKBT	SEGMENT	ACTIVE	XCBT	KANSAS CITY BOARD OF TRADE	US	NSPD	2005-06-27	2014-01-27				KCBT	549300EX04Q2QBFQTQ27	KANSAS CITY	WWW.KCBT.COM	
XKCE	OPERATING	ACTIVE	XKCE	KHOREZM INTERREGION COMMODITY EXCHANGE	UZ	NSPD	2005-06-27	2005-06-27						TASHKENT		
XKCM	SEGMENT	ACTIVE	XKRX	KOREA EXCHANGE COMMODITY MARKET	KR	NSPD	2015-12-28	2015-12-28						SEOUL	KCM.KRX.CO.KR	REGISTERED MARKET FOR COMMODITY SUCH AS GOLD, PETRO, ETC
XKEM	SEGMENT	ACTIVE	XKRX	KOREA EXCHANGE EMISSIONS MARKET	KR	NSPD	2015-12-28	2015-12-28						SEOUL	KCM.KRX.CO.KR	REGISTERED MARKET FOR EMISSIONS.
XKFB	OPERATING	ACTIVE	XKFB	KOREA FREEBOARD MARKET	KR	NSPD	2010-08-23	2010-08-23						SEOUL	WWW.KSDA.OR.KR/ENGLISH/INVEST/OTC_OVERVIEW.CFM	FREEBOARD IS A NEW MARKET FOR COMPANIES LISTED, NEITHER ON THE STOCK MARKET DIVISION NOR ON THE KOSDAQ MARKET DIVISION OF KRX.
XKFE	SEGMENT	ACTIVE	XKRX	KOREA EXCHANGE (FUTURES MARKET)	KR	NSPD	2008-07-28	2013-09-23				KRX FM	549300TJ3RRV6Q1UEW14	SEOUL	HTTP://ENG.KRX.CO.KR	
XKGT	OPERATING	EXPIRED	XKGT	KOBE GOMU TORIHIKIJO (RUBBER EXCHANGE)	JP	NSPD	2003-04-01	2004-08-23		2004-08-23				KOBE		
XKHA	OPERATING	ACTIVE	XKHA	KHARTOUM STOCK EXCHANGE	SD	NSPD	2005-06-27	2005-06-27				KSE		KHARTOUM	WWW.KSE.COM.SD	
XKHR	OPERATING	ACTIVE	XKHR	KHARKOV COMMODITY EXCHANGE	UA	NSPD	2005-06-27	2005-06-27						KHARKOV	WWW.XTB.COM.UA	
XKIE	OPERATING	ACTIVE	XKIE	KIEV UNIVERSAL EXCHANGE	UA	NSPD	2005-06-27	2005-06-27						KIEV	WWW.KUE.KIEV.UA	
XKIS	OPERATING	ACTIVE	XKIS	KIEV INTERNATIONAL STOCK EXCHANGE	UA	NSPD	2006-06-26	2006-06-26				KISE		KIEV	WWW.KISE-UA.COM	
XKKT	OPERATING	EXPIRED	XKKT	KOBE KIITO TORIHIKIJO (RAW SILK EXCHANGE)	JP	NSPD	2003-04-01	2004-08-23		2004-08-23				KOBE		
XKLS	OPERATING	ACTIVE	XKLS	BURSA MALAYSIA	MY	NSPD	2005-06-27	2005-06-27					254900CXCSGW8M52ZU27	KUALA LUMPUR	WWW.BURSAMALAYSIA.COM	
XKON	SEGMENT	ACTIVE	XKRX	KOREA NEW EXCHANGE	KR	NSPD	2013-06-24	2016-01-25				KONEX		SEOUL		KOREA THIRD OFFICIAL EXCHANGE - LAUNCH DATE: JULY 1ST 2013
XKOR	OPERATING	EXPIRED	XKOR	KOREA STOCK EXCHANGE	KR	NSPD	2003-04-01	2006-02-27		2006-02-27				SEOUL		
XKOS	SEGMENT	ACTIVE	XKRX	KOREA EXCHANGE (KOSDAQ)	KR	NSPD	2006-11-27	2013-09-23				KOSDAQ	549300TJ3RRV6Q1UEW14	SEOUL	HTTP://ENG.KRX.CO.KR	
XKRX	OPERATING	ACTIVE	XKRX	KOREA EXCHANGE (STOCK MARKET)	KR	NSPD	2008-07-28	2013-09-23				KRX SM	549300TJ3RRV6Q1UEW14	SEOUL	HTTP://ENG.KRX.CO.KR	
XKSE	OPERATING	ACTIVE	XKSE	KYRGYZ STOCK EXCHANGE	KG	NSPD	2007-03-26	2007-03-26				KSE		BISHKEK	WWW.KSE.KG	
XKST	OPERATING	EXPIRED	XKST	KANMON SHOHIN TORIHIKIJO (COMMODITY EXCHANGE)	JP	NSPD	2003-04-01	2004-08-23		2004-08-23				SHIMONOSEKI		
XKUW	OPERATING	ACTIVE	XKUW	KUWAIT STOCK EXCHANGE	KW	NSPD	2007-03-26	2007-03-26					549300AZY1VDTDW4PX04	KUWAIT	WWW.KUWAITSE.COM	
XKYO	OPERATING	EXPIRED	XKYO	KYOTO STOCK EXCHANGE	JP	NSPD	2003-04-01	2003-04-28		2003-04-28				KYOTO		
XLAH	OPERATING	EXPIRED	XLAH	LAHORE STOCK EXCHANGE	PK	NSPD	2005-06-27	2017-02-27		2017-02-27		LSE		LAHORE	WWW.LAHORESTOCK.COM	LAHORE STOCK EXCHANGE HAS BEEN INTEGRATED TO THE PAKISTAN STOCK EXCHANGE IN JANUARY 2017.
XLAO	OPERATING	ACTIVE	XLAO	LAO SECURITIES EXCHANGE	LA	NSPD	2011-02-28	2011-02-28				LSX		LAO	WWW.LSX.COM.LA	
XLAT	SEGMENT	ACTIVE	BMEX	MERCADO DE VALORES LATINOAMERICANOS (LATIBEX SMN)	ES	MLTF	2005-06-27	2024-05-27	2024-05-27		BOLSAS Y MERCADOS ESPAÑOLES SISTEMAS DE NEGOCIACION SOCIEDAD ANONIMA		95980079EEM99NR57242	MADRID	WWW.LATIBEX.COM	
XLBM	OPERATING	ACTIVE	XLBM	LONDON BULLION MARKET	GB	NSPD	2005-06-27	2005-06-27						LONDON	WWW.LBMA.ORG.UK	
XLCE	OPERATING	EXPIRED	XLCE	LONDON COMMODITY EXCHANGE, THE	GB	NSPD	2003-04-01	2007-09-24		2007-09-24				LONDON		
XLCH	OPERATING	ACTIVE	XLCH	LCH LTD	GB	NSPD	2013-12-23	2019-12-23					F226TOH6YD6XJB17KS62	LONDON	WWW.LCH.COM	LCH GROUP IS A LEADING MULTI-ASSET CLASS AND MULTI-NATIONAL CLEARING HOUSE, SERVING MAJOR EXCHANGES AND PLATFORMS AS WELL AS A RANGE OF OTC MARKETS.
XLDN	OPERATING	EXPIRED	XLDN	EURONEXT - EURONEXT LONDON	GB	NSPD	2010-03-22	2015-05-25	2021-10-25	2021-10-25			21380037K2DZ19T57655	LONDON	WWW.EURONEXT.COM	
XLDX	SEGMENT	ACTIVE	GMEG	LONDON DERIVATIVES EXCHANGE	GB	NSPD	2013-06-24	2013-06-24				LDX		LONDON	WWW.GMEX-GROUP.COM	MTF FOR DERIVATIVES
XLFX	OPERATING	ACTIVE	XLFX	LABUAN INTERNATIONAL FINANCIAL EXCHANGE	MY	NSPD	2005-06-27	2005-06-27				LFX		LABUAN	LFXSYS.LFX.COM.MY	
XLGT	OPERATING	ACTIVE	XLGT	LGT BANK AG	LI	SINT	2017-02-27	2017-02-27				BILV	7KDSOB6Z0X4S67TMX170	VADUZ	WW.LGT.COM	SYSTEMATIC INTERNALISER
XLIF	SEGMENT	EXPIRED	XLDN	EURONEXT LIFFE	GB	NSPD	2005-06-27	2015-07-27		2015-07-27			21380037K2DZ19T57655	LONDON	WWW.EURONEXT.COM	MARKET DOES NOT EXIST ANYMORE.
XLIM	OPERATING	ACTIVE	XLIM	BOLSA DE VALORES DE LIMA	PE	NSPD	2005-06-27	2005-06-27				BVL		LIMA	WWW.BVL.COM.PE	
XLIS	OPERATING	ACTIVE	XLIS	EURONEXT - EURONEXT LISBON	PT	RMKT	2005-06-27	2023-04-24	2023-04-24		EURONEXT LISBON - SOCIEDADE GESTORA DE MERCADOS REGULAMENTADOS S.A.		529900K0OK4J5I7A5V66	LISBON	WWW.EURONEXT.COM	
XLIT	OPERATING	ACTIVE	XLIT	AB NASDAQ VILNIUS	LT	RMKT	2009-10-26	2023-09-25	2023-09-25		AB NASDAQ VILNIUS		549300JGFH6L45DLE408	VILNIUS	WWW.NASDAQBALTIC.COM	
XLJM	SEGMENT	ACTIVE	XLJU	SI ENTER	SI	MLTF	2016-12-26	2025-12-22	2025-12-22		LJUBLJANSKA BORZA VREDNOSTNIH PAPIRJEV D.D. LJUBLJANA		74780000M03HFUUXFU21	LJUBLJANA	WWW.SIENTER.SI	
XLJS	OPERATING	EXPIRED	XLJS	LJUBLJANA STOCK EXCHANGE (SEMI-OFFICIAL MARKET)	SI	NSPD	2003-04-01	2009-02-23		2009-02-23			74780000M03HFUUXFU21	LJUBLJANA		LJSE SEMI-OFFICIAL MARKET DOES NOT EXIST SINCE 30 JUNE 2008
XLJU	OPERATING	ACTIVE	XLJU	LJUBLJANA STOCK EXCHANGE (OFFICIAL MARKET)	SI	RMKT	2005-06-27	2005-06-27					74780000M03HFUUXFU21	LJUBLJANA	WWW.LJSE.SI	
XLLB	OPERATING	ACTIVE	XLLB	LIECHTENSTEINISCHE LANDESBANK AG	LI	SINT	2017-12-25	2017-12-25			LIECHTENSTEINISCHE LANDESBANK AKTIENGESELLSCHAFT		529900OE1FOAM50XLP72	VADUZ	WWW.LLB.LI	SYSTEMATIC INTERNALISER.
XLME	OPERATING	ACTIVE	XLME	LONDON METAL EXCHANGE	GB	NSPD	2005-06-27	2005-06-27				LME		LONDON	WWW.LME.CO.UK	
XLOD	SEGMENT	EXPIRED	XLON	LONDON STOCK EXCHANGE - CURVEGLOBAL MARKETS	GB	NSPD	2013-07-22	2022-10-24	2022-10-24	2022-10-24	LONDON STOCK EXCHANGE PLC	LSE	213800D1EI4B9WTWWD28	LONDON	WWW.LONDONSTOCKEXCHANGE.COM	LONDON STOCK EXCHANGE DERIVATIVES MARKET (PART OF LONDON STOCK EXCHANGE REGULATED MARKET).
XLOF	OPERATING	EXPIRED	XLOF	MALAYSIA DERIVATIVES EXCHANGE BHD	MY	NSPD	2003-04-01	2008-07-28		2008-07-28			549300RY3Q0YLHMEXM25	KUALA LUMPUR		MERGER BETWEEN THE MALAYSIA DERIVATIVES EXCHANGE AND THE BURSA MALAYSIA. XKLS IS THE VALID CODE TO USE
XLOM	SEGMENT	ACTIVE	XLON	LONDON STOCK EXCHANGE - MTF	GB	MLTF	2016-12-26	2024-10-28			LONDON STOCK EXCHANGE PLC	LSE	213800D1EI4B9WTWWD28	LONDON	WWW.LONDONSTOCKEXCHANGE.COM	DEACTIVATED JAN 2017 UNTIL MARKET LAUNCH. REACTIVATED AUGUST 2017.
XLON	OPERATING	ACTIVE	XLON	LONDON STOCK EXCHANGE	GB	RMKT	2005-06-27	2024-10-28			LONDON STOCK EXCHANGE PLC	LSE	213800D1EI4B9WTWWD28	LONDON	WWW.LONDONSTOCKEXCHANGE.COM	
XLOX	SEGMENT	ACTIVE	XLON	LONDON STOCK EXCHANGE - REFERENCE PRICE WAIVER SYSTEM	GB	MLTF	2026-07-27	2026-07-27	2026-07-27		LONDON STOCK EXCHANGE PLC	LSE	213800D1EI4B9WTWWD28	LONDON	HTTPS://WWW.LONDONSTOCKEXCHANGE.COM/	
XLQC	OPERATING	ACTIVE	XLQC	LIQUIDITY CUBE PTY LTD	AU	OTFS	2021-04-26	2021-04-26	2021-04-26		LIQUIDITY CUBE PTY LTD		984500CL44F9AA7FF209	SYDNEY	WWW.LIQUIDITYCUBE.COM	
XLSM	OPERATING	ACTIVE	XLSM	LIBYAN STOCK MARKET	LY	NSPD	2009-05-25	2009-05-25						TRIPOLI	WWW.LSM.GOV.LY	REGISTERED MARKET FOR 7 EQUITIES
XLTO	OPERATING	EXPIRED	XLTO	LONDON TRADED OPTIONS MARKET	GB	NSPD	2003-04-01	2007-09-24		2007-09-24				LONDON		
XLUS	OPERATING	ACTIVE	XLUS	LUSAKA STOCK EXCHANGE	ZM	NSPD	2005-06-27	2005-06-27						LUSAKA	WWW.LUSE.CO.ZM	
XLUX	OPERATING	ACTIVE	XLUX	LUXEMBOURG STOCK EXCHANGE	LU	RMKT	2005-06-27	2023-09-25	2023-09-25		BOURSE DE LUXEMBOURG		22210053OF4F2MYKUV22	LUXEMBOURG	WWW.LUXSE.COM	
XMAB	OPERATING	ACTIVE	XMAB	MERCADO ABIERTO ELECTRONICO	AR	NSPD	2005-06-27	2025-10-27			A3 MERCADOS SA	MAE	254900C5780FA3IF6K84	ROSARIO	WWW.MAE.COM.AR	
XMAC	OPERATING	EXPIRED	XMAC	MID AMERICA COMMODITY EXCHANGE	US	NSPD	2003-04-01	2007-09-24		2007-09-24				CHICAGO		
XMAD	SEGMENT	ACTIVE	BMEX	BOLSA DE MADRID	ES	RMKT	2005-06-27	2005-06-27					959800UYJM40XUGVGG78	MADRID	WWW.BOLSAMADRID.ES	
XMAE	OPERATING	ACTIVE	XMAE	MACEDONIAN STOCK EXCHANGE	MK	NSPD	2005-06-27	2023-03-27	2023-03-27					SKOPJE	WWW.MSE.ORG.MK	
XMAI	SEGMENT	ACTIVE	XBKK	MARKET FOR ALTERNATIVE INVESTMENT	TH	NSPD	2011-04-25	2011-04-25						BANGKOK	WWW.SET.OR.TH	THE MAI’S PURPOSE IS TO CREATE NEW FUND-RAISING OPPORTUNITIES FOR INNOVATIVE BUSINESS WITH HIGH POTENTIAL GROWTH AS WELL AS PROVIDE A GREATER RANGE OF INVESTMENT ALTERNATIVES.
XMAL	OPERATING	ACTIVE	XMAL	MALTA STOCK EXCHANGE	MT	RMKT	2005-06-27	2024-10-28			MALTA STOCK EXCHANGE PLC	MSE	5299009CKES2S5E3YG94	VALLETTA	WWW.BORZAMALTA.COM.MT	
XMAN	OPERATING	ACTIVE	XMAN	BOLSA DE VALORES DE NICARAGUA	NI	NSPD	2005-06-27	2005-06-27						MANAGUA	WWW.BOLSANIC.COM	
XMAP	OPERATING	EXPIRED	XMAP	MAPUTO STOCK  EXCHANGE	MZ	NSPD	2005-06-27	2014-10-27		2014-10-27				MAPUTO		
XMAT	SEGMENT	ACTIVE	XPAR	EURONEXT PARIS MATIF	FR	RMKT	2005-06-27	2015-04-27					969500HMVSZ0TCV65D58	PARIS	WWW.EURONEXT.COM	
XMAU	OPERATING	ACTIVE	XMAU	STOCK EXCHANGE OF MAURITIUS LTD	MU	NSPD	2005-06-27	2005-06-27						PORT LOUIS	WWW.STOCKEXCHANGEOFMAURITIUS.COM	
XMCE	SEGMENT	EXPIRED	BMEX	MERCADO CONTINUO ESPANOL - CONTINUOUS MARKET	ES	NSPD	2007-11-26	2018-02-26		2018-02-26		SIBE	95980028KS1LJ8HY2T43	MADRID	WWW.BOLSASYMERCADOS.ES	
XMDG	OPERATING	ACTIVE	XMDG	MARCHE INTERBANCAIRE DES DEVISES M.I.D.	MG	NSPD	2005-06-27	2005-06-27						ANTANANARIVO		
XMDS	OPERATING	ACTIVE	XMDS	MADRAS STOCK EXCHANGE	IN	NSPD	2005-06-27	2005-06-27					549300QQN4L60N5ZNP62	MADRAS		
XMEF	SEGMENT	EXPIRED	BMEX	MEFF RENTA FIJA	ES	NSPD	2005-06-27	2013-09-23		2013-09-23		MEFF	9598003MSLCX8JT38V69	BARCELONA	WWW.MEFF.COM	
XMEM	OPERATING	ACTIVE	XMEM	MEMX LLC	US	RMKT	2026-03-23	2026-03-23	2026-03-23		MEMX LLC		254900ZJZM9RSYHE7D79	JERSEY CITY	HTTPS://MEMX.COM	
XMER	OPERATING	ACTIVE	XMER	MERCHANTS' EXCHANGE	US	NSPD	2005-06-27	2005-06-27				ME		CHICAGO		
XMEV	SEGMENT	ACTIVE	XBUE	MERCADO DE VALORES DE BUENOS AIRES S.A.	AR	NSPD	2005-06-27	2005-06-27				MERVAL		BUENOS AIRES	WWW.MERVAL.SBA.COM.AR	
XMEX	OPERATING	ACTIVE	XMEX	BOLSA MEXICANA DE VALORES (MEXICAN STOCK EXCHANGE)	MX	NSPD	2005-06-27	2005-06-27					894500CS2D6RLGW61A19	MEXICO	WWW.BMV.COM.MX	
XMFE	SEGMENT	ACTIVE	XMGE	MIAX FUTURES EXCHANGE - OCC CLEARING	US	DCMS	2025-02-24	2025-05-26	2025-05-26		MIAX FUTURES EXCHANGE, LLC	XMFE	549300RGCVWZUN04IA69	MINNEAPOLIS	WWW.MIAXGLOBAL.COM	MIC USED FOR MIAX FUTURES EXCHANGE PRODUCTS CLEARED AT OCC.
XMFX	SEGMENT	ACTIVE	BMEX	MEFF FX FINANCIAL DERIVATIVES	ES	RMKT	2019-04-22	2019-04-22					959800T2W59YXMVKRU25	MADRID	WWW.MEFF.ES	DERIVATIVES IN CURRENCIES.
XMGE	OPERATING	ACTIVE	XMGE	MIAX FUTURES EXCHANGE, LLC	US	DCMS	2005-06-27	2025-02-24			MIAX FUTURES EXCHANGE, LLC	MGEX	549300RGCVWZUN04IA69	MINNEAPOLIS	WWW.MIAXGLOBAL.COM	MIC USED FOR MIAX FUTURES EXCHANGE PRODUCTS CLEARED AT MIAX FUTURES CLEARING.
XMIC	OPERATING	EXPIRED	XMIC	MOSCOW INTERBANK CURRENCY EXCHANGE	RU	NSPD	2003-04-01	2011-12-26		2011-12-26				MOSCOW		MIC TO USE AS FROM 19 DEC 2011 IS MISX. MERGER BETWEEN RTS AND MICEX GROUPS.
XMID	OPERATING	EXPIRED	XMID	MIDWEST STOCK EXCHANGE	US	NSPD	2003-04-01	2003-04-28		2003-04-28				CHICAGO		
XMIF	OPERATING	EXPIRED	XMIF	MERCATO ITALIANO DEI FUTURES	IT	NSPD	2003-04-01	2007-09-24		2007-09-24				MILAN		
XMIL	OPERATING	ACTIVE	XMIL	BORSA ITALIANA S.P.A.	IT	NSPD	2007-12-24	2023-04-24	2023-04-24		BORSA ITALIANA S.P.A.		8156005391EE905D3124	MILAN	WWW.BORSAITALIANA.IT	
XMIO	SEGMENT	ACTIVE	MIHI	MIAMI INTERNATIONAL SECURITIES EXCHANGE	US	RMKT	2011-11-28	2023-08-28	2023-08-28		MIAMI INTERNATIONAL SECURITIES EXCHANGE, LLC	XMIO		PRINCETON	WWW.MIAXGLOBAL.COM	MIAX OPTIONS EXCHANGE: ELECTRONIC TRADING FOR DERIVATIVES.
XMLI	SEGMENT	ACTIVE	XPAR	EURONEXT ACCESS PARIS	FR	MLTF	2006-06-26	2025-12-22			EURONEXT GROUP		9695005FC092L0GTDS86	PARIS	WWW.EURONEXT.COM	
XMLX	OPERATING	EXPIRED	XMLX	OMLX, THE LONDON SECURITIES AND DERIVATIVES EXCHANGE LIMITED	GB	NSPD	2003-04-01	2006-07-24		2006-07-24				LONDON		
XMME	SEGMENT	ACTIVE	XCYS	CYPRUS STOCK EXCHANGE - SMES	CY	OTHR	2023-06-26	2023-06-26			CYPRUS STOCK EXCHANGE		213800U9YG19GFXT3S09	NICOSIA (LEFKOSIA)	WWW.CSE.COM.CY	SMALL AND MEDIUM-SIZED ENTERPRISES (SMES).
XMNT	OPERATING	ACTIVE	XMNT	BOLSA DE VALORES DE MONTEVIDEO	UY	NSPD	2005-06-27	2005-06-27				BVMT		MONTEVIDEO	WWW.BVM.COM.UY	
XMNX	OPERATING	ACTIVE	XMNX	MONTENEGRO STOCK EXCHANGE	ME	RMKT	2006-12-25	2024-06-24	2024-06-24		MONTENEGROBERZA A.D. PODGORICA	MNSE		PODGORICA	WWW.MNSE.ME	
XMOC	OPERATING	ACTIVE	XMOC	MONTREAL CLIMATE EXCHANGE	CA	NSPD	2008-07-28	2008-07-28						MONTREAL	WWW.M-X.CA	
XMOD	OPERATING	ACTIVE	XMOD	THE MONTREAL EXCHANGE / BOURSE DE MONTREAL	CA	NSPD	2005-06-27	2005-06-27				CDE	549300DKBYNOI0B1NP44	MONTREAL	WWW.M-X.CA	
XMOL	OPERATING	ACTIVE	XMOL	MOLDOVA STOCK EXCHANGE	MD	NSPD	2005-06-27	2005-06-27						CHISINAU	WWW.MOLDSE.MD	
XMON	SEGMENT	ACTIVE	XPAR	EURONEXT PARIS MONEP	FR	RMKT	2005-06-27	2015-04-27					969500HMVSZ0TCV65D58	PARIS	WWW.EURONEXT.COM	
XMOO	OPERATING	EXPIRED	XMOO	MONTREAL EXCHANGE THE / BOURSE DE MONTREAL	CA	NSPD	2003-04-01	2005-01-24		2005-01-24			549300DKBYNOI0B1NP44	MONTREAL		
XMOS	OPERATING	ACTIVE	XMOS	CENTRAL COUNTERPARTY CLEARING CENTER MFB - JOINT-STOCK COMPANY	RU	NSPD	2007-11-26	2021-04-26	2021-04-26		CENTRAL COUNTERPARTY CLEARING CENTER MFB - JOINT-STOCK COMPANY	MFB	253400RX2CP80AMV8V57	MOSCOW	HTTPS://MSE.RU	CENTRAL COUNTERPARTY OF PUBLIC JOINT-STOCK COMPANY SAINT PETERSBURG EXCHANGE COVERING A WIDE RANGE OF ASSETS CLASSES.
XMOT	SEGMENT	ACTIVE	XMIL	EURONEXT - ACCESS MILAN	IT	MLTF	2009-07-27	2023-09-25	2023-09-25		BORSA ITALIANA S.P.A.		8156005391EE905D3124	MILAN	WWW.BORSAITALIANA.IT	MTF OF BONDS MANAGED AND ORGANISED BY BORSA ITALIANA.
XMPW	SEGMENT	ACTIVE	BMEX	MEFF POWER DERIVATIVES	ES	RMKT	2014-06-23	2014-06-23				MEPD	959800T2W59YXMVKRU25	MADRID	WWW.MEFF.COM	MEFF SEGMENT FOR THE TRADING OF POWER DERIVATIVES
XMRV	SEGMENT	ACTIVE	BMEX	MEFF FINANCIAL DERIVATIVES	ES	RMKT	2005-06-27	2014-06-23				MEFF	959800T2W59YXMVKRU25	MADRID	WWW.MEFF.COM	
XMSM	SEGMENT	ACTIVE	XDUB	EURONEXT DUBLIN	IE	RMKT	2013-01-28	2019-01-28					635400DZBUIMTBCXGA12	DUBLIN	WWW.ISE.IE	
XMSW	OPERATING	ACTIVE	XMSW	MALAWI STOCK EXCHANGE	MW	NSPD	2005-06-27	2005-06-27						BLANTYRE	WWW.MSE.CO.MW	
XMTB	OPERATING	ACTIVE	XMTB	MATBA-ROFEX	AR	RMKT	2005-06-27	2025-10-27			A3 MERCADOS SA	MATBA-ROFEX	254900C5780FA3IF6K84	ROSARIO	HTTPS://MATBAROFEX.COM.AR	
XMTI	SEGMENT	ACTIVE	XBSE	BVB MTS INTERNATIONAL	RO	MLTF	2024-09-23	2024-09-23	2024-09-23		BURSA DE VALORI BUCURESTI SA	BVB	2549004BOCU15LMNDJ92	BUCHAREST	WWW.BVB.RO	
XMTS	OPERATING	ACTIVE	XMTS	EUROMTS LTD	GB	NSPD	2013-03-25	2023-08-28	2023-08-28		EUROMTS LIMITED		213800OANOWGT2KW8O63	LONDON	WWW.MTSMARKETS.COM	LEGAL ENTITY OPERATING ALL RELATED MARKET SEGMENT MICS.
XMUN	OPERATING	ACTIVE	XMUN	BOERSE MUENCHEN	DE	NSPD	2007-09-24	2007-09-24					391200Z7ZWISADXEGZ47	MUENCHEN	WWW.BOERSE-MUENCHEN.DE	
XMUS	OPERATING	ACTIVE	XMUS	MUSCAT STOCK EXCHANGE	OM	NSPD	2005-06-27	2023-04-24	2023-04-24		UNITED SECURITIES	MSX	549300Z0H15P7ZLU2G11	MUSCAT	WWW.MSX.OM	
XMVL	SEGMENT	ACTIVE	BCFS	MERCADO DE VALORES DEL LITORAL S.A.	AR	NSPD	2011-01-24	2011-01-24						SANTA FE	WWW.MVL.COM.AR	
XMXT	OPERATING	ACTIVE	XMXT	MX2 LLC	US	RMKT	2026-03-23	2026-03-23	2026-03-23		MX2 LLC		2549009IWMBFP8VWH635	JERSEY CITY	HTTPS://MEMX.COM	
XNAF	OPERATING	ACTIVE	XNAF	SISTEMA ELETRÓNICO DE NEGOCIACION DE ACTIVOS FINANCIEROS	ES	MLTF	2007-06-25	2024-05-27	2024-05-27		BOLSAS Y MERCADOS ESPAÑOLES RENTA FIJA, S.A.U	SENAF	95980096HCV0D0TYCR12	MADRID	WWW.BOLSASYMERCADOS.ES/BME-EXCHANGE/	
XNAI	OPERATING	ACTIVE	XNAI	NAIROBI STOCK EXCHANGE	KE	NSPD	2005-06-27	2005-06-27						NAIROBI	WWW.NSE.CO.KE	
XNAM	OPERATING	ACTIVE	XNAM	NAMIBIAN STOCK EXCHANGE	NA	NSPD	2005-06-27	2005-06-27						WINDHOEK	WWW.NSX.COM.NA	
XNAS	OPERATING	ACTIVE	XNAS	NASDAQ - ALL MARKETS	US	RMKT	2005-06-27	2026-04-27	2026-04-27		NASDAQ, INC.	NASDAQ	549300L8X1Q78ERXFD06	NEW YORK	WWW.NASDAQ.COM	
XNCD	OPERATING	ACTIVE	XNCD	NATIONAL COMMODITY AND DERIVATIVES EXCHANGE LTD	IN	NSPD	2006-04-24	2006-04-24				NCDEX	33580057DULMQ3ANKR63	MUMBAI	WWW.NCDEX.COM	
XNCM	SEGMENT	ACTIVE	XNAS	NASDAQ CAPITAL MARKET	US	RMKT	2008-02-25	2026-04-27	2026-04-27		NASDAQ, INC.	NCM	549300L8X1Q78ERXFD06	NEW YORK	WWW.NASDAQ.COM	PREVIOUSLY (2005) NAMED NASDAQ SMALLCAP MARKET.NASDAQ CAPITAL MARKET SECURITY SATISFIES ALL APPLICABLE QUALIFICATION REQUIREMENTS FOR NASDAQ SECURITIES IN RULE 4300 OTHER THAN THOSE APPLICABLE TO NASDAQ NATIONAL MARKET SECURITIES.
XNCO	SEGMENT	ACTIVE	XWAR	WARSAW STOCK EXCHANGE/ EQUITIES/NEW CONNECT - MTF	PL	MLTF	2008-01-28	2013-08-26						WARSAW	WWW.NEWCONNECT.PL	MARKET FINANCING THE GROWTH OF YOUNG COMPANIES WITH A LARGE GROWTH POTENTIAL, ORGANISED AND OPERATED BY THE WSE
XNDQ	SEGMENT	ACTIVE	XNAS	NASDAQ OPTIONS MARKET	US	RMKT	2007-05-28	2026-04-27	2026-04-27		NASDAQ, INC.	NOM	549300L8X1Q78ERXFD06	NEW YORK	WWW.NASDAQ.COM	
XNDU	OPERATING	ACTIVE	XNDU	PJSC NATIONAL DEPOSITORY OF UKRAINE	UA	NSPD	2018-10-22	2018-10-22				PJSC NDU	894500QCRQPZUXB7U963	KIEV	WWW.CSD.UA	
XNDX	SEGMENT	EXPIRED	XNGM	NORDIC DERIVATIVES EXCHANGE	SE	NSPD	2008-03-24	2020-06-22		2020-06-22	NORDIC GROWTH MARKET NGM AKTIEBOLAG	NDX	549300RUEBDP37NOGI48	STOCKHOLM	WWW.NDX.SE	
XNEC	OPERATING	ACTIVE	XNEC	NATIONAL STOCK EXCHANGE OF AUSTRALIA LIMITED	AU	NSPD	2007-06-25	2007-06-25				NSXA		NEWCASTLE	WWW.NSXA.COM.AU	
XNEE	OPERATING	EXPIRED	XNEE	NEW ZEALAND FUTURES AND OPTIONS EXCHANGE	NZ	NSPD	2003-04-01	2007-09-24		2007-09-24				AUCKLAND		
XNEP	OPERATING	ACTIVE	XNEP	NEPAL STOCK EXCHANGE	NP	NSPD	2005-06-27	2005-06-27						KATHMANDU	WWW.NEPALSTOCK.COM	
XNEW	SEGMENT	EXPIRED	XFRA	NEWEX	DE	NSPD	2006-09-25	2016-11-28		2016-11-28		NEWEX	529900O14DCZLCKHET54	FRANKFURT	WWW.NEWEX.COM	
XNFI	SEGMENT	ACTIVE	XNAS	NASDAQ FIXED INCOME TRADING	US	NSPD	2018-11-26	2018-11-26						NEW YORK	WWW.NASDAQ.COM	
XNGM	OPERATING	ACTIVE	XNGM	NORDIC GROWTH MARKET	SE	RMKT	2012-04-23	2024-10-28			NORDIC GROWTH MARKET NGM AKTIEBOLAG	NGM	549300RUEBDP37NOGI48	STOCKHOLM	WWW.NGM.SE	REINSTATED. CONFIRMED BY EXCHANGE.
XNGO	OPERATING	ACTIVE	XNGO	NAGOYA STOCK EXCHANGE	JP	NSPD	2005-06-27	2005-06-27				NSE		NAGOYA	WWW.NSE.OR.JP	
XNGS	SEGMENT	ACTIVE	XNAS	NASDAQ GLOBAL SELECT MARKET	US	RMKT	2006-07-24	2026-04-27	2026-04-27		NASDAQ, INC.	NGS	549300L8X1Q78ERXFD06	NEW YORK	WWW.NASDAQ.COM	
XNII	OPERATING	EXPIRED	XNII	NIIGATA STOCK EXCHANGE	JP	NSPD	2003-04-01	2003-04-28		2003-04-28				NIGITA		
XNIM	SEGMENT	ACTIVE	XNAS	NASDAQ INTERMARKET	US	RMKT	2008-02-25	2026-04-27	2026-04-27					NEW YORK	WWW.NASDAQ.COM	ELECTRONIC MARKETPLACE COMPRISED OF MULTIPLE BROKER-DEALERS THAT QUOTE AND TRADE SECURITIES LISTED ON NYSE AND AMEX
XNKS	OPERATING	ACTIVE	XNKS	CENTRAL JAPAN COMMODITIES EXCHANGE	JP	RMKT	2005-06-27	2005-06-27				C-COM		NAGOYA	WWW.C-COM.OR.JP	
XNLI	SEGMENT	EXPIRED	XNYS	NYSE LIFFE	US	NSPD	2008-09-22	2025-04-28	2025-04-28	2025-04-28	INTERCONTINENTAL EXCHANGE, INC.		5493000F4ZO33MV32P92	NEW YORK	WWW.NYSE.COM	
XNLX	SEGMENT	EXPIRED	NURO	NASDAQ OMX NLX	GB	NSPD	2012-11-26	2018-06-25		2018-06-25		NLX		LONDON	WWW.NLX.CO.UK	MULTILATERAL TRADING FACILITY FOR LISTED DERIVATIVES.
XNMR	SEGMENT	EXPIRED	XNGM	NORDIC MTF REPORTING	SE	NSPD	2008-04-28	2020-06-22		2020-06-22	NORDIC GROWTH MARKET NGM AKTIEBOLAG		549300RUEBDP37NOGI48	STOCKHOLM	WWW.NORDICMTF.SE	OFF EXCHANGE TRADE REPORTING
XNMS	SEGMENT	ACTIVE	XNAS	NASDAQ GLOBAL MARKET	US	RMKT	2005-06-27	2026-04-27	2026-04-27		NASDAQ, INC.	NGM	549300L8X1Q78ERXFD06	NEW YORK	WWW.NASDAQ.COM	
XNOM	OPERATING	ACTIVE	XNOM	NOMISMA (LIECHTENSTEIN) AG	LI	MLTF	2020-10-26	2020-10-26			NOMISMA (LIECHTENSTEIN) AG		529900G6L3HVV56IET69	VADUZ	HTTP://NIEDERMUELLER.LAW	BLOCKCHAIN BASED MULTILATERAL TRADING FACILITY (MTF).
XNOR	OPERATING	ACTIVE	XNOR	NORDEA	FI	SINT	2017-10-23	2018-10-22					529900ODI3047E2LIV03	HELSINKI	WWW.NORDEA.COM	SYSTEMATIC INTERNALISER.
XNQL	OPERATING	EXPIRED	XNQL	NQLX	US	NSPD	2003-04-01	2007-09-24		2007-09-24				NEW YORK		
XNRG	SEGMENT	ACTIVE	XBSE	BVB ENERGY DERIVATIVES	RO	RMKT	2024-09-23	2024-09-23	2024-09-23		BURSA DE VALORI BUCURESTI SA	BVB	2549004BOCU15LMNDJ92	BUCHAREST	WWW.BVB.RO	
XNSA	OPERATING	ACTIVE	XNSA	THE NIGERIAN STOCK EXCHANGE	NG	NSPD	2005-06-27	2015-02-23				NSE		LAGOS	WWW.NSE.COM.NG	ELECTRONIC TRADING PLATFORM
XNSE	OPERATING	ACTIVE	XNSE	NATIONAL STOCK EXCHANGE OF INDIA	IN	NSPD	2005-06-27	2005-06-27				NSE	335800NLY5HYW9I7YE03	MUMBAI	WWW.NSEINDIA.COM	
XNST	OPERATING	EXPIRED	XNST	NAGOYA SENI TORIHIKIJO (TEXTILE EXCHANGE) - CHUBU COMMODITY EXCHANGE	JP	NSPD	2003-04-01	2004-08-23		2004-08-23				NAGOYA		
XNXC	OPERATING	ACTIVE	XNXC	NXCHANGE	NL	RMKT	2016-05-23	2016-05-23					7245009JFTXEFU5GUD82	AMSTERDAM	WWW.NXCHANGE.COM	REGULATED MARKET, TRADING PLATFORM NXCHANGE.
XNXD	SEGMENT	ACTIVE	XNXC	NXCHANGE B.V. MTF	NL	MLTF	2018-10-22	2018-10-22					7245009JFTXEFU5GUD82	AMSTERDAM	WWW.NXCHANGE.COM	MULTILATERAL TRADING FACILITY.
XNYB	SEGMENT	ACTIVE	XNYS	NYSE BONDS	US	RMKT	2026-04-27	2026-04-27	2026-04-27		INTERCONTINENTAL EXCHANGE, INC.	NYSE	5493000F4ZO33MV32P92	NEW YORK	WWW.NYSE.COM	
XNYC	OPERATING	EXPIRED	XNYC	NEW YORK COTTON EXCHANGE	US	NSPD	2003-04-01	2006-09-25		2006-09-25				NEW YORK		
XNYE	SEGMENT	ACTIVE	XNYM	NEW YORK MERCANTILE EXCHANGE - OTC MARKETS	US	NSPD	2008-05-26	2008-05-26				NYMEX ECM		NEW YORK	WWW.NYMEX.COM	DIVISION OF THE NEW YORK MERCANTILE EXCHANGE - OTC MARKETS (ECM)
XNYF	OPERATING	EXPIRED	XNYF	ICE FUTURES U.S. INC	US	NSPD	2003-04-01	2008-06-23		2008-06-23				NEW YORK		NEW YORK BOARD OF TRADE (NYBOT) IS RENAMED IN ICE FUTURES US. XNYF IS CHANGED INTO ICUS AS PER EXCHANGE REQUEST
XNYL	SEGMENT	ACTIVE	XNYM	NEW YORK MERCANTILE EXCHANGE - ENERGY MARKETS	US	NSPD	2008-05-26	2008-05-26				NYMEX MTF LIMITED		NEW YORK	WWW.NYMEXONLCHCLEARNET.COM	ELECTRONIC TRADING PLATFORM FOR ENERGY MARKETS
XNYM	OPERATING	ACTIVE	XNYM	NEW YORK MERCANTILE EXCHANGE	US	DCMS	2005-06-27	2024-09-23			NEW YORK MERCANTILE EXCHANGE, INC.	NYMEX	5493008GFNDTXFPHWI47	NEW YORK	WWW.NYMEX.COM	
XNYS	OPERATING	ACTIVE	XNYS	NEW YORK STOCK EXCHANGE, INC.	US	NSPD	2005-05-23	2025-04-28	2025-04-28		INTERCONTINENTAL EXCHANGE, INC.	NYSE	5493000F4ZO33MV32P92	NEW YORK	WWW.NYSE.COM	
XNZE	OPERATING	ACTIVE	XNZE	NZX - ALL MARKETS	NZ	RMKT	2005-06-27	2024-05-27	2024-05-27		NZX LIMITED	NZX	254900KTE7C5U39QMD43	AUCKLAND	WWW.NZX.COM	NZX ALL MARKETS.
XOAA	SEGMENT	ACTIVE	XOSL	OSLO BORS ASA - OSLO AXESS LIT X AUCTIONS	NO	NSPD	2017-11-27	2017-11-27					5967007LIEEXZXHDL433	OSLO	WWW.OSLOBORS.NO	LISTED INSTRUMENTS.
XOAD	SEGMENT	ACTIVE	XOSL	OSLO AXESS NORTH SEA - DARK POOL	NO	NSPD	2015-04-27	2015-04-27						OSLO	WWW.OSLOBORS.NO	DARK POOL.
XOAM	SEGMENT	ACTIVE	XOSL	NORDIC ALTERNATIVE BOND MARKET	NO	NSPD	2007-11-26	2014-12-22			OSLO BORS ASA	ABM	5967007LIEEXZXHDL433	OSLO	WWW.OSLOBORS.NO	NORDIC MARKETPLACE FOR LISTING OF BONDS
XOAS	SEGMENT	ACTIVE	XOSL	EURONEXT EXPAND OSLO	NO	RMKT	2007-02-26	2020-10-26			OSLO BORS ASA		5967007LIEEXZXHDL433	OSLO	WWW.OSLOBORS.NO	
XOBD	SEGMENT	ACTIVE	XOSL	OSLO BORS - DERIVATIVES MARKET	NO	RMKT	2020-02-24	2020-10-26			OSLO BORS ASA		5967007LIEEXZXHDL433	OSLO	WWW.OSLOBORS.NO	
XOCH	OPERATING	EXPIRED	XOCH	ONECHICAGO, LLC	US	NSPD	2005-06-27	2021-08-23	2021-08-23	2021-08-23				CHICAGO	WWW.ONECHICAGO.COM	
XODE	OPERATING	ACTIVE	XODE	ODESSA COMMODITY EXCHANGE	UA	NSPD	2005-06-27	2005-06-27						ODESSA	WWW.OTB.ODESSA.UA	
XOFF	OPERATING	ACTIVE	XOFF	OFF-EXCHANGE TRANSACTIONS - LISTED INSTRUMENTS	ZZ	NSPD	2015-10-26	2015-11-23				XOFF		N/A	N/A	MIC TO USE FOR OFF-EXCHANGE TRANSACTIONS IN LISTED INSTRUMENTS.
XOME	OPERATING	EXPIRED	XOME	OMX NORDIC EXCHANGE STOCKHOLM AB	SE	NSPD	2003-04-01	2007-12-24		2007-12-24				STOCKHOLM		
XOPV	SEGMENT	EXPIRED	XSTO	OTC PUBLICATION VENUE	SE	NSPD	2007-11-26	2023-10-23	2023-10-23	2023-10-23				STOCKHOLM	WWW.NASDAQOMXNORDIC.COM	
XOSA	SEGMENT	ACTIVE	XOSL	OSLO BORS - LIT X AUCTIONS	NO	NSPD	2017-11-27	2017-11-27					5967007LIEEXZXHDL433	OSLO	WWW.OSLOBORS.NO	
XOSC	SEGMENT	ACTIVE	XOSL	OSLO CONNECT	NO	NSPD	2013-05-27	2013-05-27						OSLO	WWW.OSLOBORS.NO	MULTILATERAL TRADING FACILITY FOR FINANCIAL INSTRUMENTS
XOSD	SEGMENT	ACTIVE	XOSL	OSLO BORS NORTH SEA - DARK POOL	NO	NSPD	2015-04-27	2015-04-27						OSLO	WWW.OSLOBORS.NO	DARK POOL.
XOSE	SEGMENT	ACTIVE	XJPX	OSAKA EXCHANGE	JP	RMKT	2005-06-27	2024-10-28	2024-12-02		OSAKA EXCHANGE,INC	OSE	3538001249AILNPRUX57	OSAKA	WWW.JPX.CO.JP	
XOSJ	SEGMENT	ACTIVE	XJPX	OSAKA EXCHANGE J-NET	JP	RMKT	2006-01-23	2024-10-28	2024-12-02		OSAKA EXCHANGE,INC	J-NET	3538001249AILNPRUX57	OSAKA	WWW.JPX.CO.JP	
XOSL	OPERATING	ACTIVE	XOSL	OSLO BORS	NO	RMKT	2005-06-27	2020-10-26			OSLO BORS ASA		5967007LIEEXZXHDL433	OSLO	WWW.OSLOBORS.NO	
XOSM	OPERATING	EXPIRED	XOSM	OSAKA MERCANTILE EXCHANGE	JP	NSPD	2003-04-01	2007-09-24		2007-09-24				OSAKA		
XOST	OPERATING	EXPIRED	XOST	OSAKA SENI TORIHIKIJO (TEXTILE EXCHANGE)	JP	NSPD	2003-04-01	2004-08-23		2004-08-23				OSAKA		
XOTB	OPERATING	EXPIRED	XOTB	OESTERREICHISCHE TERMIN- UND OPTIONENBOERSE, CLEARING BANK AG	AT	NSPD	2003-04-01	2007-06-25		2007-06-25				VIENNA		
XOTC	OPERATING	EXPIRED	XOTC	OTCBB	US	NSPD	2005-06-27	2021-12-27	2021-12-27	2021-12-27	FINRA	OTCBB		WASHINGTON	WWW.OTCBB.COM	
XOTP	OPERATING	ACTIVE	XOTP	OTP BANKA D.D.	HR	SINT	2020-04-27	2023-08-28	2023-08-28		OTP BANKA D.D.		5299005UJX6K7BQKV086	SPLIT	WWW.OTPBANKA.HR	
XPAC	SEGMENT	ACTIVE	ITGL	POSIT AUCTION	IE	MLTF	2017-10-23	2025-11-24	2025-11-24		VIRTU EUROPE TRADING LIMITED	AUCTIONS	213800EEC95PRUCEUP63	DUBLIN	WWW.VIRTU.COM	
XPAE	OPERATING	ACTIVE	XPAE	PALESTINE SECURITIES EXCHANGE	PS	NSPD	2011-06-27	2013-11-25				PSE		NABLUS	WWW.PEX.PS	
XPAL	SEGMENT	ACTIVE	VIUK	POSIT AUCTION UK	GB	MLTF	2019-04-22	2019-10-28					213800EEC95PRUCEUP63	LONDON	WWW.VIRTU.COM	
XPAR	OPERATING	ACTIVE	XPAR	EURONEXT - EURONEXT PARIS	FR	RMKT	2005-06-27	2023-10-23			EURONEXT PARIS SA		969500HMVSZ0TCV65D58	PARIS	WWW.EURONEXT.COM	
XPBT	SEGMENT	EXPIRED	XNAS	NASDAQ OMX FUTURES EXCHANGE	US	NSPD	2009-03-23	2024-07-22		2024-07-22	NASDAQ FUTURES, INC.	NFX	5493002QEVJSI5TKS584	PHILADELPHIA	WWW.NASDAQTRADER.COM	NASDAQ ACQUIRED THE PHILADELPHIA STOCK EXCHANGE (PHLX)
XPET	OPERATING	ACTIVE	XPET	STOCK EXCHANGE SAINT PETERSBURG	RU	NSPD	2010-05-24	2021-03-22	2021-03-22		JOIN-STOCK COMPANY EXCHANGE SAINT-PETERSBURG	SPBEX	253400T8G8SXRUHTL526	SAINT-PETERSBURG	WWW.SPBEX.RU	
XPHL	SEGMENT	ACTIVE	XNAS	NASDAQ PHLX	US	RMKT	2009-02-23	2026-04-27	2026-04-27		NASDAQ, INC.	PHLX	549300L8X1Q78ERXFD06	PHILADELPHIA	WWW.NASDAQTRADER.COM	NASDAQ ACQUIRED THE PHILADELPHIA STOCK EXCHANGE (PHLX)
XPHO	SEGMENT	ACTIVE	XNAS	NASDAQ PHLX OPTIONS	US	RMKT	2005-06-27	2026-04-27	2026-04-27		NASDAQ, INC.		549300L8X1Q78ERXFD06	PHILADELPHIA	WWW.NASDAQTRADER.COM	
XPHS	OPERATING	ACTIVE	XPHS	PHILIPPINE STOCK EXCHANGE, INC.	PH	NSPD	2005-06-27	2005-06-27				PSE		PASIG CITY	WWW.PSE.COM.PH	
XPHX	SEGMENT	ACTIVE	PEEL	PEEL HUNT CROSSING	GB	NSPD	2014-02-24	2014-02-24			PEEL HUNT LLP		5493007DWN0R4YBM4C84	LONDON	WWW.PEELHUNT.COM	ELECTRONIC CROSSING PLATFORM FOR EQUITIES
XPIC	OPERATING	ACTIVE	XPIC	SAINT-PETERSBURG CURRENCY EXCHANGE	RU	NSPD	2005-06-27	2005-06-27				SPCEX		SAINT-PETERSBURG	WWW.SPCEX.RU	
XPIN	SEGMENT	EXPIRED	UBSA	UBS PIN (UBS PRICE IMPROVEMENT NETWORK)	US	NSPD	2003-04-01	2012-03-26		2012-03-26				STAMFORD		INTERNATIONAL, SIGNAL-FREE, INTERNAL CROSSING NETWORK
XPLU	OPERATING	EXPIRED	XPLU	PLUS MARKETS GROUP	GB	NSPD	2003-04-01	2012-11-26		2012-11-26				LONDON		THE MARKET OPERATOR PLUS STOCK EXCHANGE PLC CHANGED ITS NAME TO ICAP SECURITIES AND DERIVATIVES EXCHANGE LIMITED, ISDX WITH EFFECT FROM 31 OCTOBER 2012.
XPMC	SEGMENT	ACTIVE	XPAR	EURONEXT PARIS – MULTI-CURRENCY TRADING	FR	RMKT	2025-03-24	2025-03-24	2025-03-24		EURONEXT PARIS SA		969500HMVSZ0TCV65D58	PARIS	WWW.EURONEXT.COM	
XPMS	SEGMENT	ACTIVE	XIST	BORSA ISTANBUL - PRECIOUS METALS AND DIAMONDS MARKETS	TR	NSPD	2014-01-27	2022-10-24	2022-10-24					ISTANBUL	WWW.BORSAISTANBUL.COM	PRECIOUS METALS AND DIAMONDS MARKETS
XPOL	SEGMENT	ACTIVE	VIUK	POSIT DARK UK	GB	MLTF	2019-04-22	2019-10-28					213800EEC95PRUCEUP63	LONDON	WWW.ITG.COM	
XPOM	OPERATING	ACTIVE	XPOM	PNGX MARKETS LIMITED	PG	NSPD	2005-06-27	2020-08-24				PNGX	969500V2SMK6Y4EDPW84	PORT MORESBY	WWW.PNGX.COM.PG	
XPOR	SEGMENT	ACTIVE	XNAS	NASDAQ PORTAL	US	RMKT	2007-10-22	2026-04-27	2026-04-27		NASDAQ, INC.	PORTAL	549300L8X1Q78ERXFD06	WASHINGTON	WWW.NASDAQPORTALMARKET.COM	
XPOS	SEGMENT	ACTIVE	ITGL	POSIT DARK	IE	MLTF	2007-07-23	2017-10-23				DARK	213800EEC95PRUCEUP63	DUBLIN	WWW.ITG.COM	
XPOT	SEGMENT	EXPIRED	XEEE	EUROPEAN ENERGY EXCHANGE - OTF GAS MARKET	DE	OTFS	2016-03-28	2026-01-26	2026-01-26	2026-01-26	EUROPEAN ENERGY EXCHANGE AG	EEX	529900J0JGLSFDWNFC20	LEIPZIG	WWW.EEX.COM	OTF SEGMENT OF THE EEX GAS MARKETS.
XPOW	OPERATING	ACTIVE	XPOW	POWERNEXT	FR	NSPD	2005-06-27	2005-06-27					9695001Q848HY790XJ61	PARIS	WWW.POWERNEXT.FR	
XPRA	OPERATING	ACTIVE	XPRA	PRAGUE STOCK EXCHANGE	CZ	RMKT	2010-05-24	2010-05-24				PSE	969500HMVSZ0TCV65D58	PRAGUE	WWW.PSE.CZ	
XPRI	OPERATING	ACTIVE	XPRI	PRIDNEPROVSK COMMODITY EXCHANGE	UA	NSPD	2010-05-24	2010-05-24						DNIPROPETROVSK		
XPRM	SEGMENT	ACTIVE	XPRA	PRAGUE STOCK EXCHANGE - MTF	CZ	MLTF	2016-01-25	2025-12-22			PRAGUE STOCK EXCHANGE	PSE	315700KVEWB12APT2364	PRAGUE	WWW.PSE.CZ	MTF MARKET OF THE PRAGUE STOCK EXCHANGE.
XPSE	OPERATING	EXPIRED	XPSE	PACIFIC EXCHANGE	US	NSPD	2003-04-01	2006-09-25		2006-09-25				SAN FRANCISCO		
XPSF	SEGMENT	ACTIVE	XEEE	EUROPEAN ENERGY EXCHANGE - REGULATED GAS MARKET	DE	RMKT	2015-09-28	2025-01-27	2025-01-27		EUROPEAN ENERGY EXCHANGE AG	EEX	529900J0JGLSFDWNFC20	LEIPZIG	WWW.EEX.COM	REGULATED MARKET SEGMENT FOR SPOT AND FUTURES GAS MARKETS OF EEX.
XPST	OPERATING	ACTIVE	XPST	POSIT - ASIA PACIFIC	HK	NSPD	2011-03-28	2011-03-28					5493001OPW2K42CH3884	HONG KONG	WWW.ITG.COM	EQUITY CROSSING NETWORK.
XPSX	SEGMENT	ACTIVE	XNAS	NASDAQ PSX	US	RMKT	2013-03-25	2026-04-27	2026-04-27		NASDAQ, INC.	PSX	549300L8X1Q78ERXFD06	NEW YORK	WWW.NASDAQTRADER.COM	US EQUITIES EXCHANGE
XPTY	OPERATING	ACTIVE	XPTY	LATIN AMERICAN STOCK EXCHANGE, INC.	PA	RMKT	2005-06-27	2022-10-24	2022-10-24		BOLSA LATINOAMERICANA DE VALORES, S.A.	LATINEX		PANAMA	WWW.LATINEXBOLSA.COM	SPANISH: BOLSA LATINOAMERICANA DE VALORES, S.A.
XPUK	OPERATING	ACTIVE	XPUK	XP INVESTMENTS UK LLP	GB	RMKT	2018-10-22	2018-12-24					5493003FNQQISI8T7M40	LONDON		
XPUS	OPERATING	ACTIVE	XPUS	XP INVESTMENTS US, LLC	US	NSPD	2019-05-27	2019-11-25					549300HDFLS7P433PO89	NEW YORK	WWW.XPI.US	
XPVT	SEGMENT	ACTIVE	XLON	LONDON STOCK EXCHANGE – PRIVATE SECURITIES MARKET	GB	OTHR	2025-06-23	2025-06-23	2025-06-23		LONDON STOCK EXCHANGE PLC	LSE	213800D1EI4B9WTWWD28	LONDON	WWW.LONDONSTOCKEXCHANGE.COM	
XPXE	OPERATING	ACTIVE	XPXE	POWER EXCHANGE CENTRAL EUROPE	CZ	NSPD	2010-05-24	2010-05-24				PXE	3157006COUQSF6YE4X10	PRAGUE	WWW.PXE.CZ	
XQLX	SEGMENT	EXPIRED	QMTF	QLX	HU	NSPD	2012-06-25	2014-09-22		2014-09-22				BUDAORS		HYBRID MODEL MTF FOR PAN-EUROPEAN EQUITIES.
XQMH	SEGMENT	ACTIVE	XSWX	SIX SWISS EXCHANGE - STRUCTURED PRODUCTS	CH	RMKT	2007-10-22	2017-04-24			SIX SWISS EXCHANGE AG	SIX	529900HQ12A6FGDMWA17	ZURICH	WWW.SIX-STRUCTURED-PRODUCTS.COM	WARRANTS AND STRUCTURED PRODUCTS SEGMENT. WWW.SIX-GROUP.COM/EN/PRODUCTS-SERVICES/THE-SWISS-STOCK-EXCHANGE.HTML
XQOD	SEGMENT	ACTIVE	XSWX	SIX SWISS EXCHANGE - ETF QOD	CH	RMKT	2020-07-27	2020-07-27			SIX SWISS EXCHANGE AG	SIX	529900HQ12A6FGDMWA17	ZURICH	WWW.SIX-GROUP.COM/EN/SITE/EXCHANGES.HTML	WWW.SIX-GROUP.COM/EN/PRODUCTS-SERVICES/THE-SWISS-STOCK-EXCHANGE.HTML
XQTX	SEGMENT	ACTIVE	XDUS	BOERSE DUESSELDORF - QUOTRIX	DE	NSPD	2013-09-23	2023-05-22	2023-05-22		BOEAG BOERSEN AKTIENGESELLSCHAFT		529900HTWYRE4BD0GQ69	DUESSELDORF	WWW.BOERSE-DUESSELDORF.DE	ELECTRONIC TRADING SYSTEM FOR SHARES, BONDS, ETFs, INVESTMENT FUNDS
XQUI	OPERATING	ACTIVE	XQUI	BOLSA DE VALORES DE QUITO	EC	NSPD	2011-06-27	2011-06-27						QUITO	WWW.CCBVQ.COM	
XRAS	SEGMENT	ACTIVE	XBSE	RASDAQ	RO	NSPD	2005-06-27	2024-05-27	2024-05-27		BURSA DE VALORI BUCURESTI SA	RASDAQ	2549004BOCU15LMNDJ92	BUCHAREST	WWW.BVB.RO	
XRBM	OPERATING	ACTIVE	XRBM	RINGGIT BOND MARKET	MY	NSPD	2010-05-24	2010-05-24				RBM	549300NROGNBV2T1GS07	KUALA LUMPUR	WWW.BONDINFO.BNM.GOV.MY	
XRCB	OPERATING	EXPIRED	XRCB	RAIFFEISEN CENTROBANK AG	AT	SINT	2017-11-27	2025-10-27	2025-10-27	2022-12-01	RAIFFEISEN CENTROBANK AG	RCB	529900M2F7D5795H1A49	VIENNA	WWW.RCB.AT	SYSTEMATIC INTERNALISER. DEMERGER BY ABSORBTION OF THE DIVISION CERTIFICATES AND EQUITY TRADING OF RAIFFEISEN CENTROBANK AG TO RAIFFEISEN BANK INTERNATIONAL AG ON 01 DECEMBER 2022.
XREP	SEGMENT	ACTIVE	ROSR	SIX REPO AG - CH REPO MARKET	CH	NSPD	2017-12-25	2017-12-25				SIX	549300US7CXLXPE4NY48	ZURICH	WWW.SIX-REPO.COM	CH REPO MARKET OPERATED BY SIX REPO AG.
XRFQ	SEGMENT	ACTIVE	ITGL	POSIT RFQ	IE	MLTF	2017-10-23	2025-12-22			VIRTU EUROPE TRADING LIMITED	RFQ	213800EEC95PRUCEUP63	DUBLIN	WWW.ITG.COM	REQUEST-FOR-QUOTE (RFQ) MARKET.
XRIO	OPERATING	EXPIRED	XRIO	BOLSA DE VALORES DO RIO DE JANEIRO	BR	NSPD	2003-04-01	2007-09-24		2007-09-24				RIO DE JANEIRO		
XRIS	OPERATING	ACTIVE	XRIS	NASDAQ RIGA AS	LV	RMKT	2009-10-26	2023-09-25	2023-09-25		NASDAQ RIGA AS		549300YRBS4XYCVIH803	RIGA	WWW.NASDAQBALTIC.COM	
XRMO	SEGMENT	ACTIVE	XRMZ	RM-SYSTEM CZECH STOCK EXCHANGE - MTF	CZ	MLTF	2010-05-24	2025-12-22			RM-SYSTEM, CESKA BURZA CENNYCH PAPIRU A.S.	RMS CZ	315700LLGSQEPNHIYH15	PRAGUE	WWW.RMSYSTEM.CZ	ELECTRONIC TRADING PLATFORM FOR EQUITIES AND BONDS LEGALLY DEFINED AS A MULTI-SIDED TRADING SYSTEM (MOS) WITH MORE OPEN CONDITIONS FOR ACCEPTING SECURITIES.
XRMS	OPERATING	EXPIRED	XRMS	SK RM-S (SLOVAK STOCK EXCHANGE)	SK	RMKT	2003-04-01	2008-01-28		2008-01-28			097900BIIX0000168239	BRATISLAVA		XRMS IS NOT ANYMORE EXISTING MARKET IN SLOVAK REPUBLIC.
XRMZ	OPERATING	ACTIVE	XRMZ	RM-SYSTEM CZECH STOCK EXCHANGE	CZ	RMKT	2010-05-24	2010-05-24				RMS CZ	315700LLGSQEPNHIYH15	PRAGUE	WWW.RMSYSTEM.CZ	
XROS	OPERATING	ACTIVE	XROS	BOLSA DE COMERCIO ROSARIO	AR	NSPD	2005-06-27	2005-06-27				BCR		ROSARIO	WWW.BCR.COM.AR	
XROT	SEGMENT	ACTIVE	ROSR	SIX REPO AG - OTC SPOT MARKET	CH	NSPD	2017-12-25	2017-12-25				SIX	549300US7CXLXPE4NY48	ZURICH	WWW.SIX-REPO.COM	OTC SPOT MARKET.
XROV	OPERATING	EXPIRED	XROV	REGIONAL EXCHANGE CENTRE - MICEX SOUTH	RU	NSPD	2003-04-01	2011-04-25		2011-04-25				ROSTOV		XROV ONLY ORGANIZES THE ACCESS TO THE MOSCOW TRADING SYSTEM AND SIGNS AGREEMENTS FOR THIS ACCESS WITH REGIONAL PARTICIPANTS OF THE MOSCOW TRADING SYSTEM. XROV IS NOT A PLATFORM WHERE TRADES ARE EXECUTED SEPARATELY FROM THE MOSCOW OFFICE.
XROX	SEGMENT	ACTIVE	XROS	MERCADO DE VALORES DE ROSARIO S.A.	AR	NSPD	2011-01-24	2011-01-24				MERVAROS		ROSARIO	WWW.MERVAROS.COM.AR	
XRPM	OPERATING	ACTIVE	XRPM	ROMANIAN POWER MARKET	RO	NSPD	2009-04-27	2009-04-27						BUCHAREST	WWW.OPCOM.RO	ROMANIAN POWER MARKET OPERATOR (OPCOM).
XRSP	SEGMENT	ACTIVE	PEEL	PEEL HUNT RETAIL	GB	NSPD	2014-02-24	2014-02-24			PEEL HUNT LLP		5493007DWN0R4YBM4C84	LONDON	WWW.PEELHUNT.COM	ELECTRONIC TRADING PLATFORM FOR EQUITIES
XRTR	OPERATING	EXPIRED	XRTR	RTR (REUTERS-REALTIME-DATEN)	DE	NSPD	2003-04-01	2011-02-28		2011-02-28				FRANKFURT		
XRUS	OPERATING	ACTIVE	XRUS	INTERNET DIRECT-ACCESS EXCHANGE	RU	NSPD	2007-09-24	2007-09-24				INDX		MOSCOW	WWW.INDX.RU	
XSAF	SEGMENT	ACTIVE	XJSE	JSE EQUITY DERIVATIVES MARKET	ZA	NSPD	2005-06-27	2015-04-27				SAFEX		JOHANNESBURG	WWW.SAFEX.CO.ZA	
XSAM	OPERATING	ACTIVE	XSAM	SAMARA CURRENCY INTERBANK EXCHANGE	RU	NSPD	2005-06-27	2005-06-27				SCIEX		SAMARA	WWW.SCIEX.RU	
XSAP	OPERATING	ACTIVE	XSAP	SAPPORO SECURITIES EXCHANGE	JP	NSPD	2005-06-27	2005-06-27						SAPPORO	WWW.SSE.OR.JP	
XSAT	OPERATING	ACTIVE	XSAT	SPOTLIGHT STOCK MARKET AB	SE	MLTF	2007-06-25	2022-06-27	2022-06-27		SPOTLIGHT STOCK MARKET AB		54930035ZLP36ALFE803	STOCKHOLM	WWW.SPOTLIGHTSTOCKMARKET.COM	
XSAU	OPERATING	ACTIVE	XSAU	SAUDI STOCK EXCHANGE	SA	NSPD	2005-06-27	2005-06-27					894500BXFAWZK686TP37	RIYADH	WWW.TADAWUL.COM.SA	
XSBI	SEGMENT	ACTIVE	SBIJ	JAPANNEXT - X - MARKET	JP	ATSS	2012-03-26	2025-09-22			JAPANNEXT CO., LTD.		353800R6W6JI7N6XGF46	TOKYO	WWW.JAPANNEXT.CO.JP	
XSBT	SEGMENT	ACTIVE	XSES	SGX BOND PRO	SG	RMOS	2017-07-24	2025-10-27			SINGAPORE EXCHANGE BOND TRADING PTE. LTD.	SGX-BT	549300L1LYV2VEI08P16	SINGAPORE	WWW.SGX.COM	ELECTRONIC TRADING PLATFORM FOR FIXED INCOME SECURITIES.
XSC1	SEGMENT	ACTIVE	XSCO	BOERSE FRANKFURT WARRANTS TECHNICAL 1	DE	NSPD	2010-05-24	2013-12-23					529900O14DCZLCKHET54	FRANKFURT	WWW.ZERTIFIKATEBOERSE.DE	MARKET FOR STRUCTURED PRODUCTS - COUNTRY SEGMENT 1.
XSC2	SEGMENT	ACTIVE	XSCO	BOERSE FRANKFURT WARRANTS TECHNICAL 2	DE	NSPD	2010-05-24	2013-12-23					529900O14DCZLCKHET54	FRANKFURT	WWW.ZERTIFIKATEBOERSE.DE	MARKET FOR STRUCTURED PRODUCTS - COUNTRY SEGMENT 2.
XSC3	SEGMENT	ACTIVE	XSCO	BOERSE FRANKFURT WARRANTS TECHNICAL 3	DE	NSPD	2010-05-24	2013-12-23					529900O14DCZLCKHET54	FRANKFURT	WWW.ZERTIFIKATEBOERSE.DE	MARKET FOR STRUKTURED PRODUCTS - COUNTRY SEGMENT 3.
XSCA	SEGMENT	ACTIVE	XSES	SGX CATALIST	SG	RMKT	2008-09-22	2025-10-27			SINGAPORE EXCHANGE LIMITED		549300IQ650PPXM76X03	SINGAPORE	WWW.SGX.COM	SPONSOR-SUPERVISED MARKET MODEL.
XSCE	SEGMENT	ACTIVE	XSES	SGX COMMODITIES	SG	RMKT	2005-06-27	2025-10-27			SGX DERIVATIVES TRADING LIMITED (SGX-DT)	SICOM	549300IQ650PPXM76X03	SINGAPORE	WWW.SGX.COM	MERGED WITH SGX IN 2008.
XSCL	SEGMENT	EXPIRED	XSES	SINGAPORE CENTRAL LIMIT ORDER BOOK INTERNATIONAL	SG	NSPD	2008-09-22	2014-11-24		2014-11-24				SINGAPORE	WWW.SGX.COM	CENTRAL LIMIT ORDER BOOK (CLOB) MARKET. NO LONGER ACTIVE.
XSCO	OPERATING	ACTIVE	XSCO	BOERSE FRANKFURT WARRANTS TECHNICAL	DE	NSPD	2012-08-27	2013-12-23					529900O14DCZLCKHET54	FRANKFURT	WWW.ZERTIFIKATEBOERSE.DE	
XSCU	SEGMENT	ACTIVE	STOX	STOXX LIMITED - CUSTOMIZED INDICES	CH	NSPD	2011-03-28	2011-03-28						ZURICH	WWW.STOXX.COM	
XSDX	SEGMENT	EXPIRED	XSWX	SIX DIGITAL EXCHANGE	CH	NSPD	2019-06-24	2025-11-24	2025-11-24	2025-05-31	SIX SWISS EXCHANGE AG	SIX	529900HQ12A6FGDMWA17	ZURICH	WWW.SIX-GROUP.COM/EN/SITE/EXCHANGES.HTML	REGULATED PLATFORM TO ISSUE AND TRADE DIGITAL ASSETS. WWW.SIX-GROUP.COM/EN/PRODUCTS-SERVICES/THE-SWISS-STOCK-EXCHANGE.HTML
XSEB	SEGMENT	ACTIVE	XSWX	SIX SWISS EXCHANGE - EBBO BOOK	CH	RMKT	2018-11-26	2018-11-26			SIX SWISS EXCHANGE AG	SIX	529900HQ12A6FGDMWA17	ZURICH	WWW.SIX-GROUP.COM/EN/SITE/EXCHANGES.HTML	EBBO EQUITY ORDER BOOK. WWW.SIX-GROUP.COM/EN/PRODUCTS-SERVICES/THE-SWISS-STOCK-EXCHANGE.HTML
XSEC	SEGMENT	ACTIVE	XSHE	SHENZHEN STOCK EXCHANGE - SHENZHEN - HONG KONG STOCK CONNECT	CN	NSPD	2015-05-25	2015-05-25						SHENZHEN	WWW.SZSE.CN	
XSEF	OPERATING	EXPIRED	XSEF	SWAPEX, LLC	US	NSPD	2012-03-26	2023-10-23		2023-09-29	SWAPEX, LLC	SWAPEX	549300LSKJOBJ3IC5645	NEW YORK	WWW.SWAPEX.COM	SWAP EXECUTION FACILITY.
XSES	OPERATING	ACTIVE	XSES	SINGAPORE EXCHANGE	SG	RMKT	2005-06-27	2025-10-27			SINGAPORE EXCHANGE LIMITED	SGX	549300IQ650PPXM76X03	SINGAPORE	WWW.SGX.COM	
XSFA	SEGMENT	ACTIVE	XJSE	JSE COMMODITY DERIVATIVES MARKET	ZA	NSPD	2005-06-27	2015-04-27				SAFEX		JOHANNESBURG	WWW.SAFEX.CO.ZA	
XSFE	SEGMENT	ACTIVE	XASX	ASX - TRADE24	AU	NSPD	2010-09-27	2012-05-28				SFE		SYDNEY	WWW.SFE.COM.AU	
XSGA	OPERATING	ACTIVE	XSGA	SOCIETE GENERALE	FR	SINT	2012-09-24	2024-08-26			SOCIETE GENERALE	SG SI	O2RNE8IBXP4R0TD8PU41	PARIS	WWW.SGCIB.COM	SOCIETE GENERALE - SYSTEMATIC INTERNALISER BUSINESSES.
XSGB	OPERATING	ACTIVE	XSGB	SOCIETE GENERALE (LONDON BRANCH)	GB	SINT	2019-08-26	2024-09-23	2024-09-23		SOCIETE GENERALE		O2RNE8IBXP4R0TD8PU41	LONDON	HTTPS://WHOLESALE.BANKING.SOCIETEGENERALE.COM/	SYSTEMATIC INTERNALISER.
XSGE	OPERATING	ACTIVE	XSGE	SHANGHAI FUTURES EXCHANGE	CN	NSPD	2005-06-27	2005-06-27				SHFE	300300PO4S8DFVMPJP62	SHANGHAI	WWW.SHFE.COM.CN	
XSGL	SEGMENT	ACTIVE	XSES	SGX GLOBAL LISTING	SG	RMKT	2026-01-26	2026-01-26	2026-01-26		SINGAPORE EXCHANGE LIMITED		549300IQ650PPXM76X03	SINGAPORE	WWW.SGX.COM	
XSGO	OPERATING	ACTIVE	XSGO	SANTIAGO STOCK EXCHANGE	CL	NSPD	2005-06-27	2005-06-27						SANTIAGO	WWW.BOLSADESANTIAGO.COM	
XSHE	OPERATING	ACTIVE	XSHE	SHENZHEN STOCK EXCHANGE	CN	NSPD	2005-06-27	2005-06-27						SHENZHEN	WWW.SZSE.CN	
XSHG	OPERATING	ACTIVE	XSHG	SHANGHAI STOCK EXCHANGE	CN	NSPD	2005-06-27	2014-08-25				SSE	300300LRJ5FEZ23N8725	SHANGHAI	WWW.SSE.COM.CN	
XSIB	OPERATING	ACTIVE	XSIB	SIBERIAN EXCHANGE	RU	NSPD	2010-05-24	2010-05-24				SIMEX		NOVOSIBIRSK	WWW.SIBEX.RU	
XSIC	OPERATING	EXPIRED	XSIC	SIBERIAN INTERBANK CURRENCY EXCHANGE	RU	NSPD	2003-04-01	2011-03-28		2011-03-28				NOVOSIBIRSK		NO MORE AN EXCHANGE BECAUSE ITS LICENCE OF EXCHANGE ACTIVITY WAS CEASED IN 2010 DUE TO THE REORGANIZATION.
XSIM	SEGMENT	ACTIVE	XSES	SGX DERIVATIVES MARKET	SG	RMKT	2005-06-27	2025-10-27			SGX DERIVATIVES TRADING LIMITED (SGX-DT)	SGX-DT	549300IQ650PPXM76X03	SINGAPORE	WWW.SGX.COM	
XSLS	SEGMENT	EXPIRED	XSWX	SIX SWISS EXCHANGE - SLS	CH	NSPD	2016-09-26	2020-01-27		2020-01-27	SIX SWISS EXCHANGE AG	SIX	529900HQ12A6FGDMWA17	ZURICH	WWW.SIX-GROUP.COM/EN/SITE/EXCHANGES.HTML	WWW.SIX-GROUP.COM/EN/PRODUCTS-SERVICES/THE-SWISS-STOCK-EXCHANGE.HTML
XSME	OPERATING	EXPIRED	XSME	SHENZHEN MERCANTILE EXCHANGE	CN	NSPD	2003-04-01	2007-09-24		2007-09-24				SHENZHEN		
XSMP	SEGMENT	EXPIRED	XLDN	EURONEXT BLOCK	GB	NSPD	2008-09-22	2017-09-25	2021-10-25	2021-10-25			21380037K2DZ19T57655	LONDON	WWW.EURONEXT.COM/BLOCKMTF	MULTILATERAL  TRADING FACILITY (MTF).
XSOM	OPERATING	EXPIRED	XSOM	BOLSA DE VALORES DE SAO PAULO - SOMA	BR	NSPD	2003-04-01	2007-11-26		2007-11-26				SAO PAULO		
XSOP	OPERATING	ACTIVE	XSOP	BSP REGIONAL ENERGY EXCHANGE - SOUTH POOL	SI	NSPD	2009-04-27	2009-04-27						LJUBLJANA	WWW.BSP-SOUTHPOOL.COM	
XSPM	SEGMENT	ACTIVE	XPAR	EURONEXT STRUCTURED PRODUCTS MTF	FR	MLTF	2016-09-26	2016-09-26					969500HMVSZ0TCV65D58	PARIS	WWW.EURONEXT.COM	MULTILATERAL TRADING FACILITY FOR THE TRADING OF STRUCTURED PRODUCTS.
XSPS	OPERATING	ACTIVE	XSPS	SOUTH PACIFIC STOCK EXCHANGE	FJ	NSPD	2005-06-27	2005-06-27				SPSE		SUVA	WWW.SPSE.COM.FJ	
XSRM	OPERATING	EXPIRED	XSRM	MERCADO DE FUTUROS DE ACEITE DE OLIVA, S.A.	ES	NSPD	2005-06-27	2017-01-23		2017-01-23		MFAO		JAEN	WWW.MFAO.ES	MARKET IS CLOSED.
XSSC	SEGMENT	ACTIVE	XSHG	SHANGHAI STOCK EXCHANGE - SHANGHAI - HONG KONG STOCK CONNECT	CN	NSPD	2014-08-25	2014-08-25				SSE	300300LRJ5FEZ23N8725	SHANGHAI	WWW.SSE.COM.CN	FOREIGN INVESTORS TRADING IN A-SHARE STOCK LISTED IN SHANGHAI STOCK EXCHANGE UNDER SHANGHAI-HONG KONG STOCK CONNECT
XSSE	OPERATING	ACTIVE	XSSE	SARAJEVO STOCK EXCHANGE	BA	NSPD	2007-06-25	2007-06-25				SASE		SARAJEVO	WWW.SASE.BA	
XSTC	OPERATING	ACTIVE	XSTC	HOCHIMINH STOCK EXCHANGE	VN	NSPD	2009-12-28	2009-12-28				HOSE		HO CHI MINH CITY	WWW.HSX.VN	
XSTE	OPERATING	ACTIVE	XSTE	REPUBLICAN STOCK EXCHANGE	UZ	NSPD	2007-09-24	2007-09-24				UZSE		TASHKENT	WWW.UZSE.UZ	
XSTF	SEGMENT	ACTIVE	XSTU	BOERSE STUTTGART - TECHNICAL PLATFORM 2	DE	NSPD	2017-02-27	2023-05-22	2023-05-22		BOERSE STUTTGART GMBH		529900A0WHA0NVXY0G45	STUTTGART	WWW.BOERSE-STUTTGART.DE	FOR REPORTING PURPOSE.
XSTM	SEGMENT	ACTIVE	NFSC	FIDELITY CROSSSTREAM ATS	US	ATSS	2014-09-22	2014-11-24						BOSTON	WWW.CAPITALMARKETS.FIDELITY.COM	REGISTERED ATS FOR TRADING US EQUITIES
XSTO	OPERATING	ACTIVE	XSTO	NASDAQ STOCKHOLM AB	SE	RMKT	2010-07-26	2023-09-25	2023-09-25		NASDAQ STOCKHOLM AB		549300KBQIVNEJEZVL96	STOCKHOLM	WWW.NASDAQOMXNORDIC.COM	
XSTP	SEGMENT	ACTIVE	XSTU	BOERSE STUTTGART - TECHNICAL PLATFORM 3	DE	NSPD	2021-07-26	2023-05-22	2023-05-22		BADEN-WURTTEMBERGISCHE WERTPAPIERBOERSE GMBH		529900A0WHA0NVXY0G45	STUTTGART	WWW.BOERSE-STUTTGART.DE	
XSTU	OPERATING	ACTIVE	XSTU	BOERSE STUTTGART	DE	NSPD	2007-09-24	2023-05-22	2023-05-22		BOERSE STUTTGART GMBH		529900A0WHA0NVXY0G45	STUTTGART	WWW.BOERSE-STUTTGART.DE	
XSTV	SEGMENT	ACTIVE	STOX	STOXX LIMITED - VOLATILITY INDICES	CH	NSPD	2011-03-28	2011-03-28						ZURICH	WWW.STOXX.COM	
XSTX	SEGMENT	ACTIVE	STOX	STOXX LIMITED - INDICES	CH	NSPD	2011-03-28	2011-03-28						ZURICH	WWW.STOXX.COM	
XSUR	OPERATING	EXPIRED	XSUR	SURABAYA STOCK EXCHANGE	ID	NSPD	2003-04-01	2008-04-28		2008-04-28				SURABAYA		THE JAKARTA (JSX) AND SURABAYA (SSX) STOCK EXCHANGES HAVE MERGED TO BECOME THE INDONESIA STOCK EXCHANGE (IDX). MIC TO USE IS XIDX
XSVA	OPERATING	ACTIVE	XSVA	EL SALVADOR STOCK EXCHANGE	SV	NSPD	2005-06-27	2005-06-27					549300E8FX1UJH3VY416	EL SALVADOR	WWW.BVES.COM.SV	
XSWA	OPERATING	ACTIVE	XSWA	ESWATINI STOCK EXCHANGE	SZ	RMKT	2005-06-27	2025-10-27			ESWATINI STOCK EXCHANGE	ESE		MBABANE	WWW.ESE.ORG.SZ	
XSWB	OPERATING	ACTIVE	XSWB	SWX SWISS BLOCK	GB	NSPD	2008-09-22	2008-09-22						LONDON	WWW.SWXEUROPE.COM	TRADING VENUE FOR SWISS BLUE-CHIP EQUITIES.
XSWM	SEGMENT	ACTIVE	XSWX	SIX SWISS EXCHANGE - SIX SWISS EXCHANGE AT MIDPOINT	CH	RMKT	2016-09-26	2016-09-26			SIX SWISS EXCHANGE AG	SIX	529900HQ12A6FGDMWA17	ZURICH	WWW.SIX-GROUP.COM/EN/SITE/EXCHANGES.HTML	
XSWO	OPERATING	EXPIRED	XSWO	SWISS OPTIONS AND FINANIAL FUTURES EXCHANGE	CH	NSPD	2003-04-01	2003-04-28		2003-04-28				ZURICH		
XSWX	OPERATING	ACTIVE	XSWX	SIX SWISS EXCHANGE	CH	RMKT	2005-06-27	2015-04-27			SIX SWISS EXCHANGE AG	SIX	529900HQ12A6FGDMWA17	ZURICH	WWW.SIX-GROUP.COM/EN/SITE/EXCHANGES.HTML	MID/SMALL CAP EQUITY, FUNDS, ETFS, BOND SEGMENT. WWW.SIX-GROUP.COM/EN/PRODUCTS-SERVICES/THE-SWISS-STOCK-EXCHANGE.HTML
XTAA	SEGMENT	EXPIRED	XTAL	FIRST NORTH ESTONIA	EE	NSPD	2003-04-01	2009-11-23		2009-11-23			549300WZWPKNRJ4PQD76	TALLINN		XTAA REPLACED BY FNEE.
XTAD	OPERATING	EXPIRED	XTAD	TAISDAQ	TW	NSPD	2003-04-01	2005-09-26		2005-09-26				TAIPEI		
XTAE	OPERATING	ACTIVE	XTAE	TEL AVIV STOCK EXCHANGE	IL	NSPD	2005-06-27	2005-06-27				TASE	213800WG3A9RJ78EGT48	TEL AVIV	WWW.TASE.CO.IL	
XTAF	OPERATING	ACTIVE	XTAF	TAIWAN FUTURES EXCHANGE	TW	NSPD	2005-06-27	2005-06-27				TAIFEX	549300J778QS7XTS7440	TAIPEI	WWW.TAIFEX.COM.TW	
XTAI	OPERATING	ACTIVE	XTAI	TAIWAN STOCK EXCHANGE	TW	NSPD	2005-06-27	2005-06-27				TWSE	549300NH6S3EOUMY2162	TAIPEI	WWW.TWSE.COM.TW/EN/	
XTAL	OPERATING	ACTIVE	XTAL	NASDAQ TALLINN AS	EE	RMKT	2009-12-28	2023-09-25			NASDAQ TALLINN AS		549300WZWPKNRJ4PQD76	TALLINN	WWW.NASDAQBALTIC.COM	
XTAM	SEGMENT	ACTIVE	XJPX	TOKYO STOCK EXCHANGE-TOKYO PRO MARKET	JP	NSPD	2009-03-23	2016-05-23			TOKYO STOCK EXCHANGE, INC.		353800279ADEFGKNTV65	TOKYO	WWW.JPX.CO.JP	REGISTERED MARKET FOR EQUITIES IN JAPAN.
XTAR	OPERATING	EXPIRED	XTAR	TALLINN STOCK EXCHANGE - REGULATED MARKET	EE	NSPD	2003-04-01	2009-11-23		2009-11-23			549300WZWPKNRJ4PQD76	TALLINN		XTAR DELETED, XTAL SHOULD BE USED. NO REAL DIFFERNCES BEWEEN BOTH SEGMENTS.
XTEH	OPERATING	ACTIVE	XTEH	TEHRAN STOCK EXCHANGE	IR	NSPD	2007-11-26	2007-11-26				TSE		TEHRAN	WWW.TSE.IR	
XTFE	OPERATING	EXPIRED	XTFE	TORONTO FUTURES EXCHANGE	CA	NSPD	2003-04-01	2006-09-25		2006-09-25				TORONTO		
XTFF	OPERATING	ACTIVE	XTFF	TOKYO FINANCIAL  EXCHANGE	JP	NSPD	2007-09-24	2007-09-24				TFX		TOKYO	WWW.TFX.CO.JP	
XTFN	OPERATING	EXPIRED	XTFN	TRADEPOINT FINANCIAL NETWORKS PLC	GB	NSPD	2003-04-01	2004-08-23		2004-08-23				LONDON		
XTIR	OPERATING	ACTIVE	XTIR	TIRANA STOCK EXCHANGE	AL	NSPD	2005-06-27	2005-06-27						TIRANA		
XTK1	SEGMENT	ACTIVE	XJPX	TOKYO STOCK EXCHANGE - TOSTNET-1	JP	RMKT	2006-01-23	2024-10-28	2024-12-02		TOKYO STOCK EXCHANGE, INC.		353800279ADEFGKNTV65	TOKYO	WWW.JPX.CO.JP	
XTK2	SEGMENT	ACTIVE	XJPX	TOKYO STOCK EXCHANGE - TOSTNET-2	JP	RMKT	2006-01-23	2024-10-28	2024-12-02		TOKYO STOCK EXCHANGE, INC.		353800279ADEFGKNTV65	TOKYO	WWW.JPX.CO.JP	
XTK3	SEGMENT	ACTIVE	XJPX	TOKYO STOCK EXCHANGE - TOSTNET-3	JP	RMKT	2011-07-25	2024-10-28	2024-12-02		TOKYO STOCK EXCHANGE, INC.		353800279ADEFGKNTV65	TOKYO	WWW.JPX.CO.JP	TOKYO STOCK EXCHANGE'S TOSTNET-3 MARKET IS AN OFF-AUCTION MARKET DESIGNED FOR ISSUER'S SHARE BUYBACK.
XTKA	OPERATING	EXPIRED	XTKA	TOYOHASHI KANKEN TORIHIKIJO (DRIED COCOON EXCHANGE) - CHUBU COMMODITY EXCHANGE	JP	NSPD	2003-04-01	2004-08-23		2004-08-23				AICHI		
XTKO	OPERATING	EXPIRED	XTKO	TOKYO GRAIN EXCHANGE	JP	NSPD	2010-05-24	2014-01-27		2014-01-27		TGE		TOKYO	WWW.TGE.OR.JP	THE MARKET HAS CLOSED
XTKS	SEGMENT	ACTIVE	XJPX	TOKYO STOCK EXCHANGE	JP	NSPD	2005-06-27	2016-05-23			TOKYO STOCK EXCHANGE, INC.	TSE	353800279ADEFGKNTV65	TOKYO	WWW.JPX.CO.JP	
XTKT	SEGMENT	ACTIVE	XJPX	TOKYO COMMODITY EXCHANGE	JP	RMKT	2010-05-24	2024-10-28	2024-12-02		TOKYO COMMODITY EXCHANGE, INC.	TOCOM	353800T6WX7SYEXJWL30	TOKYO	WWW.JPX.CO.JP	
XTLX	OPERATING	EXPIRED	XTLX	TLX	IT	NSPD	2003-04-01	2011-01-24		2011-01-24			8156009E6456223C5841	MILAN		
XTND	SEGMENT	ACTIVE	XBUD	BUDAPEST STOCK EXCHANGE - XTEND	HU	MLTF	2017-10-23	2025-12-22			BUDAPESTI ERTEKTOZSDE NYILVANOSAN MUKODO RESZVENYTARSASAG	XTND	54930094UMSXWVWJMT48	BUDAPEST	WWW.BET.HU	BUDAPEST STOCK EXCHANGE MULTILATERAL TRADING FACILITY (MTF).
XTNX	SEGMENT	ACTIVE	XTSX	TSX VENTURE EXCHANGE - NEX	CA	NSPD	2005-06-27	2005-06-27				NEX		VANCOUVER	WWW.TSX.COM/EN/NEX	
XTOE	OPERATING	EXPIRED	XTOE	TORONTO OPTIONS EXCHANGE	CA	NSPD	2003-04-01	2006-09-25		2006-09-25				TORONTO		
XTPE	SEGMENT	EXPIRED	XTUP	TULLETT PREBON PLC - TP ENERGYTRADE	GB	NSPD	2012-04-23	2018-08-27		2018-08-27			549300MU2MYJLOY6IJ51	LONDON	WWW.TULLETTPREBON.COM	OTC ELECTRONIC TRADING PLATFORM FOR ENERGY PRODUCTS.
XTPZ	SEGMENT	EXPIRED	XISX	INTERNATIONAL  SECURITIES EXCHANGE, LLC - TOPAZ	US	NSPD	2012-08-27	2013-09-23		2013-09-23				NEW YORK	WWW.ISE.COM	MIC TO USE IS GMNI
XTRA	OPERATING	EXPIRED	XTRA	XTRAMARKED	DK	NSPD	2003-04-01	2007-12-24		2007-12-24				COPENHAGEN		
XTRD	OPERATING	ACTIVE	XTRD	XTRD	US	NSPD	2018-11-26	2018-11-26				XTRD		NEW YORK	HTTPS://XTRD.IO	ORDERS ROUTING SYSTEM FOR CRYPTOCURRENCIES EXCHANGES.
XTRN	OPERATING	ACTIVE	XTRN	TRINIDAD AND TOBAGO STOCK EXCHANGE	TT	NSPD	2005-06-27	2005-06-27				TTSE		PORT OF SPAIN		
XTRZ	OPERATING	ACTIVE	XTRZ	ZAGREB MONEY AND SHORT TERM SECURITIES MARKET INC	HR	NSPD	2007-04-23	2007-04-23						ZAGREB	WWW.TRZISTENOVCA.HR	
XTSE	OPERATING	ACTIVE	XTSE	TORONTO STOCK EXCHANGE	CA	NSPD	2005-06-27	2005-06-27				TSX		TORONTO	WWW.TSE.COM	
XTSI	OPERATING	ACTIVE	XTSI	XTB S.A.	PL	SINT	2026-03-23	2026-03-23	2026-03-23		XTB SPOLKA AKCYJNA		259400AVUPSABLEXNT19	WARSAW	WWW.XTB.COM	
XTSX	OPERATING	ACTIVE	XTSX	TSX VENTURE EXCHANGE	CA	NSPD	2005-06-27	2005-06-27				TSX-V		TORONTO	WWW.TSX.COM	
XTUC	SEGMENT	ACTIVE	XROS	NUEVA BOLSA DE COMERCIO DE TUCUMAN S.A.	AR	NSPD	2007-11-26	2007-11-26				NBCT		TUCUMAN	WWW.NBCT.COM.AR	
XTUN	OPERATING	ACTIVE	XTUN	TUNIS STOCK EXCHANGE (BOURSE DE TUNIS)	TN	RMKT	2007-09-24	2022-06-27	2022-06-27		BOURSE DES VALEURS MOBILIÈRES DE TUNIS	BVMT	4117W6IV0WI0EKWA2P81	TUNIS	WWW.BVMT.COM.TN	
XTUP	OPERATING	EXPIRED	XTUP	TULLETT PREBON PLC	GB	NSPD	2012-08-27	2018-08-27		2018-08-27			549300MU2MYJLOY6IJ51	LONDON	WWW.TULLETTPREBON.COM	
XTUR	OPERATING	EXPIRED	XTUR	TURKISH DERIVATIVES EXCHANGE	TR	NSPD	2006-11-27	2013-08-26		2013-08-26		TURKDEX		IZMIR	WWW.TURKDEX.ORG.TR	MIC TO USE IS XIST
XTXD	OPERATING	ACTIVE	XTXD	XTX DIRECT	US	NSPD	2020-11-23	2020-11-23			XTX EXECUTION SERVICES LLC		213800JN435WOWCN5904	NEW YORK	WWW.XTXMARKETS.COM	
XTXE	OPERATING	ACTIVE	XTXE	XTX MARKETS SAS	FR	SINT	2019-01-28	2023-08-28	2023-08-28		XTX MARKETS SAS		213800J256ZBGMGZLV44	PARIS	WWW.XTXMARKETS.COM	EQUITY, FX, FIXED INCOME AND COMMODITY PRODUCTS.
XTXM	OPERATING	ACTIVE	XTXM	XTX MARKETS	GB	NSPD	2017-11-27	2017-11-27					213800WPTIY9961G2O04	LONDON	WWW.XTXMARKETS.COM	EQUITY, FX, FIXED INCOME AND COMMODITY PRODUCTS.
XUAX	OPERATING	ACTIVE	XUAX	UKRAINIAN STOCK EXCHANGE	UA	NSPD	2006-02-27	2006-02-27				UKRSE		KIEV	WWW.UKRSE.KIEV.UA	
XUBS	OPERATING	EXPIRED	XUBS	AQUIS EXCHANGE PLC - AMP - DARK ORDER BOOK	GB	NSPD	2010-07-26	2022-09-26	2022-09-26	2022-09-26	AQUIS EXCHANGE PLC		213800IXJSF5E1SIW150	LONDON	WWW.AQUIS.EU	
XUGA	OPERATING	ACTIVE	XUGA	UGANDA SECURITIES EXCHANGE	UG	NSPD	2005-06-27	2005-06-27				USE		KAMPALA	WWW.USE.OR.UG	
XUKR	OPERATING	ACTIVE	XUKR	UKRAINIAN UNIVERSAL COMMODITY EXCHANGE	UA	NSPD	2005-06-27	2005-06-27						KIEV	WWW.UUTB.COM.UA	
XULA	OPERATING	ACTIVE	XULA	MONGOLIAN STOCK EXCHANGE	MN	NSPD	2005-06-27	2005-06-27						ULAAN BAATAR	WWW.MSE.MN	
XUMP	SEGMENT	EXPIRED	XUBS	UBS MTF LIMITED - PERIODIC AUCTION ORDER BOOK	GB	NSPD	2017-11-27	2022-04-25		2022-04-25	UBS MTF LIMITED		54930036444TZ5UWTY74	LONDON	WWW.UBS.COM/MTF	PERIODIC AUCTION ORDER BOOK.
XUNI	OPERATING	ACTIVE	XUNI	UNIVERSAL BROKER'S EXCHANGE 'TASHKENT'	UZ	NSPD	2005-06-27	2005-06-27						TASHKENT		
XUSE	OPERATING	ACTIVE	XUSE	UNITED STOCK EXCHANGE	IN	NSPD	2010-10-25	2010-10-25						MUMBAI	WWW.USEINDIA.COM	REGISTERED STOCK EXCHANGE WITH SECURITIES AND EXCHANGE BOARD OF INDIA FOR OFFERRING CURRENCY DERIVATIVES.
XVAL	SEGMENT	ACTIVE	BMEX	BOLSA DE VALENCIA	ES	RMKT	2005-06-27	2005-06-27					959800XVCVWWJQ9JFP52	VALENCIA	WWW.BOLSAVALENCIA.ES	
XVAR	OPERATING	EXPIRED	XVAR	VARAZDIN STOCK EXCHANGE, THE	HR	NSPD	2003-04-01	2007-09-24		2007-09-24				VARAZDIN		
XVES	OPERATING	ACTIVE	XVES	VESTIMA	LU	NSPD	2005-06-27	2014-12-22						LUXEMBOURG	WWW.CLEARSTREAM.COM	
XVIA	SEGMENT	EXPIRED	XLIT	ALTERNATIVE MARKET-FIRST NORTH LITHUANIA	LT	NSPD	2003-04-01	2009-10-26		2009-10-26			549300JGFH6L45DLE408	VILNIUS		MIC IS NOW FNLT. MARKET NOT USED YET, SO IMPACT OF MIC CHANGE IS LIMITED.
XVIE	SEGMENT	ACTIVE	XWBO	WIENER BOERSE AG, WERTPAPIERBOERSE (SECURITIES EXCHANGE)	AT	NSPD	2011-04-25	2011-04-25			WIENER BOERSE AG		315700ENWH1A81RCVZ91	VIENNA	WWW.WIENERBORSE.AT	
XVLA	OPERATING	EXPIRED	XVLA	VLADIVOSTOK (RUSSIA) STOCK EXCHANGE	RU	NSPD	2003-04-01	2007-11-26		2007-11-26				VLADIVOSTOK		
XVPA	OPERATING	ACTIVE	XVPA	BOLSA DE VALORES Y PRODUCTOS DE ASUNCION SA	PY	NSPD	2005-06-27	2005-06-27				BVPASA		ASUNCION	WWW.BVPASA.COM.PY	
XVPB	OPERATING	ACTIVE	XVPB	VP BANK AG	LI	SINT	2017-12-25	2017-12-25					MI3TLH1I0D58ORE24Q14	VADUZ	WWW.VPBANK.COM	SYSTEMATIC INTERNALISER. REGISTERED MARKET FOR FX OTC DERIVATIVES.
XVSE	OPERATING	EXPIRED	XVSE	VANCOUVER STOCK EXCHANGE	CA	NSPD	2003-04-01	2003-04-28		2003-04-28				VANCOUVER		
XVTX	SEGMENT	EXPIRED	XSWX	SIX SWISS EXCHANGE - BLUE CHIPS SEGMENT	CH	RMKT	2010-03-22	2015-04-27		2020-12-07	SIX SWISS EXCHANGE AG	SIX	529900HQ12A6FGDMWA17	ZURICH	WWW.SIX-GROUP.COM/EN/SITE/EXCHANGES.HTML	WWW.SIX-GROUP.COM/EN/PRODUCTS-SERVICES/THE-SWISS-STOCK-EXCHANGE.HTML
XWAP	SEGMENT	ACTIVE	BCXE	CBOE EUROPE EQUITIES - LONDON	GB	MLTF	2024-07-22	2024-07-22	2024-07-22		CBOE EUROPE LIMITED		254900ERRPSKE7UZH711	LONDON	WWW.MARKETS.CBOE.COM/EUROPE/EQUITIES/OVERVIEW/	
XWAR	OPERATING	ACTIVE	XWAR	WARSAW STOCK EXCHANGE/EQUITIES/MAIN MARKET	PL	RMKT	2005-06-27	2013-08-26				WSE	25940039ZHD3Z37GKR71	WARSAW	WWW.GPW.PL	
XWBO	OPERATING	ACTIVE	XWBO	WIENER BOERSE AG	AT	NSPD	2008-11-24	2008-11-24			WIENER BOERSE AG		315700ENWH1A81RCVZ91	VIENNA	WWW.WIENERBOERSE.AT	
XWCE	SEGMENT	EXPIRED	IFCA	INTERCONTINENTAL EXCHANGE - ICE FUTURES CANADA	CA	NSPD	2003-04-01	2011-10-24		2011-10-24			549300QVU6WVGZWEYS03	WINNIPEG		WINNIPEG COMMODITY EXCHANGE BECAME ICE FUTURES CANADA SINCE JANUARY 1ST, 2008
XWEE	SEGMENT	EXPIRED	WEED	WEEDEN ATS	US	ATSS	2009-04-27	2019-11-25		2019-11-25			549300OYBLKSN8M8EW67	GREENWICH	WWW.WEEDENCO.COM	REGISTERED ELECTRONIC ATS FOR US EQUITIES.
XXSC	OPERATING	ACTIVE	XXSC	FRANKFURT CEF SC	DE	NSPD	2011-10-24	2011-10-24					5299003B0VU65ONHDG84	FRANKFURT	WWW.DEUTSCHE-BOERSE.COM	"XXSC WILL COMPRISE THE INFORMATION FOR ""FRAA"" AND ""FRAB"". QUOTE AND TRADE INFORMATION IS DISTRIBUTED VIA CEF (CONSOLIDATED EXCHANGE FEED), THEREFORE THE SHORT NAME ""FRANKFURT CEF SC"" REFERS TO CEF AND SC TO SCOACH."
XXXX	OPERATING	ACTIVE	XXXX	NO MARKET (E.G. UNLISTED)	ZZ	NSPD	2005-10-24	2005-10-24						N/A		
XYIE	OPERATING	ACTIVE	XYIE	TRADEWEB AUSTRALIA	AU	RMKT	2005-06-27	2024-02-26	2024-02-26		TRADEWEB AUSTRALIA PTY LTD		549300QRJM24CLE17N18	SYDNEY	WWW.YIELDBROKER.COM	
XYKT	OPERATING	EXPIRED	XYKT	YOKOHAMA COMMODITY EXCHANGE (WRONGLY RENAMED TOKYO GRAIN EXCHANGE SEPT 2006)	JP	NSPD	2003-04-01	2006-11-27		2006-11-27				TOKYO		
XZAG	OPERATING	ACTIVE	XZAG	ZAGREB STOCK EXCHANGE	HR	RMKT	2005-06-27	2005-06-27					7478000050A040C0D041	ZAGREB	WWW.ZSE.HR	
XZAM	SEGMENT	EXPIRED	XZAG	THE ZAGREB STOCK EXCHANGE MTF	HR	MLTF	2009-09-28	2018-01-22		2018-01-22			7478000050A040C0D041	ZAGREB	WWW.ZSE.HR	MULTILATERAL TRADING FACILITY OF THE ZAGREB STOCK EXCHANGE.
XZAP	SEGMENT	ACTIVE	XZAG	PROGRESS MARKET	HR	MLTF	2017-12-25	2017-12-25					7478000050A040C0D041	ZAGREB	HTTP://PROGRESS.MARKET	MULTILATERAL TRADING FACILITY FOR SMALL AND MEDIUM-SIZED ENTERPRISES.
XZCE	OPERATING	ACTIVE	XZCE	ZHENGZHOU COMMODITY EXCHANGE	CN	NSPD	2005-06-27	2005-06-27				ZCE	30030071Y3R8R7ERU978	ZHENGZHOU	WWW.CZCE.COM.CN	
XZIM	OPERATING	ACTIVE	XZIM	ZIMBABWE STOCK EXCHANGE	ZW	RMKT	2005-06-27	2022-05-23			ZIMBABWE STOCK EXCHANGE	ZSE		HARARE	WWW.ZSE.CO.ZW	
YKNA	OPERATING	ACTIVE	YKNA	COMHAR CAPITAL MARKETS, LLC - US EQUITIES	US	NSPD	2019-08-26	2019-08-26					54930046NSEINIAD0O74	CHICAGO		PROPRIETARY TRADING SYSTEM.
YLDX	SEGMENT	ACTIVE	XJSE	JSE INTEREST RATE DERIVATIVES MARKET	ZA	NSPD	2005-06-27	2015-04-27						JOHANNESBURG	WWW.YIELDX.CO.ZA	
ZAPA	SEGMENT	ACTIVE	XZAG	ZAGREB STOCK EXCHANGE - APA	HR	APPA	2018-02-26	2018-02-26					7478000050A040C0D041	ZAGREB	WWW.ZSE.HR	APPROVED PUBLICATION ARRANGEMENT.
ZARX	OPERATING	ACTIVE	ZARX	ZAR X	ZA	RMKT	2018-04-23	2018-04-23				ZARX		JOHANNESBURG	WWW.ZARX.CO.ZA	
ZBUL	SEGMENT	ACTIVE	XBUL	BULGARIAN STOCK EXCHANGE - MAIN MARKET	BG	RMKT	2019-02-25	2023-08-28	2023-08-28		BULGARIAN STOCK EXCHANGE		747800W0XA9OV4MSRW74	SOFIA	WWW.BSE-SOFIA.BG	BULGARIAN STOCK EXCHANGE MAIN MARKET.
ZBXE	OPERATING	ACTIVE	ZBXE	ZBX	MT	CASP	2025-07-28	2025-07-28	2025-07-28		ZILLION BITS LTD	ZBX	254900FESD7AF56FOQ37	BIRKIRKARA	WWW.ZBX.COM	
ZERO	SEGMENT	ACTIVE	SCXO	ZERO HASH	US	NSPD	2019-03-25	2025-08-25	2025-08-25		ZERO HASH LLC		549300HO3R60QNJ2JJ83	CHICAGO	HTTPS://ZEROHASH.COM/	CALCULATION AGENT AND SETTLEMENT PLATFORM.
ZFXM	SEGMENT	ACTIVE	XJSE	JSE CURRENCY DERIVATIVES MARKET	ZA	NSPD	2018-06-25	2018-06-25				FXM	213800MZ1VUQEBWRFO39	JOHANNESBURG	WWW.JSE.CO.ZA	
ZHEU	OPERATING	ACTIVE	ZHEU	ZERO HASH EUROPE	NL	MLTF	2025-08-25	2025-09-22	2025-09-22		ZERO HASH EUROPE B.V.		724500G7QSOMFR1GQA47	AMSTERDAM	HTTPS://ZEROHASH.COM/EU	
ZKBX	OPERATING	ACTIVE	ZKBX	ZURCHER KANTONALBANK SECURITIES EXCHANGE	CH	NSPD	2011-06-27	2017-02-27					165GRDQ39W63PHVONY02	ZURICH	WWW.ZKB.CH	REGISTERED MARKET FOR EQUITIES AND BONDS.
ZOBX	SEGMENT	ACTIVE	XBER	ZOBEX	DE	NSPD	2005-06-27	2005-06-27				ZOBEX	391200I7OS301UELZA68	BERLIN	WWW.BOERSE-BERLIN.DE	
ZODM	OPERATING	ACTIVE	ZODM	ZODIA MARKETS	GB	NSPD	2021-09-27	2021-09-27	2021-09-27		ZODIA MARKETS HOLDINGS LIMITED		5493006GZOHISU7JTC27	LONDON	WWW.ZODIA-MARKETS.COM	CRYPTOASSET BROKERAGE AND EXCHANGE.
